segment_id,date_local,uptime,ped_lft,ped_rgt,ped_total,bike_lft,bike_rgt,bike_total,car_lft,car_rgt,car_total,heavy_lft,heavy_rgt,heavy_total,v85,car_speed0,car_speed10,car_speed20,car_speed30,car_speed40,car_speed50,car_speed60,car_speed70
9000001786,2026-08-01 02:00,0.99916667,0,0,0,0,0,0,0,0,0,0,0,0,,0.0,0.0,0.0,0.0,0.0,0.0,0.0,0.0
9000001786,2026-08-01 03:00,0.9994444,0,0,0,0,0,0,0,0,0,0,0,0,,0.0,0.0,0.0,0.0,0.0,0.0,0.0,0.0
9000001786,2026-08-01 04:00,0.99916667,0,0,0,0,0,0,0,0,0,0,0,0,,0.0,0.0,0.0,0.0,0.0,0.0,0.0,0.0
9000001786,2026-08-01 05:00,0.9994444,0,0,0,0,4,4,14,28,42,3,6,9,60.0,2.38,0.0,0.0,11.9,40.48,30.95,11.9,2.38
9000001786,2026-08-01 06:00,0.9994444,3,1,4,5,3,8,35,27,62,13,11,24,59.5,0.0,1.61,3.23,16.13,40.32,24.19,4.84,9.68
9000001786,2026-08-01 07:00,0.99916667,2,5,7,1,3,4,57,67,124,9,15,24,59.5,0.0,0.81,2.42,21.77,31.45,29.03,9.68,4.84
9000001786,2026-08-01 08:00,0.99972224,2,1,3,2,3,5,94,103,197,12,23,35,57.0,0.51,0.51,5.08,22.84,38.58,22.34,6.09,4.06
9000001786,2026-08-01 09:00,0.9994444,9,24,33,14,19,33,154,190,344,31,31,62,54.0,0.0,0.0,4.36,27.62,44.19,16.86,3.78,3.2
9000001786,2026-08-01 10:00,0.99972224,8,12,20,18,23,41,187,223,410,29,31,60,52.0,0.49,1.46,8.05,34.88,35.85,13.41,4.15,1.71
9000001786,2026-08-01 11:00,0.99972224,13,7,20,16,17,33,213,248,461,32,36,68,52.0,0.0,1.3,6.07,30.59,44.47,10.85,4.12,2.6
9000001786,2026-08-01 12:00,0.9994444,3,15,18,15,9,24,250,231,481,30,32,62,53.5,0.83,2.29,7.9,28.69,39.71,12.27,4.37,3.95
9000001786,2026-08-01 13:00,0.9994444,8,9,17,9,8,17,239,269,508,31,28,59,53.0,0.39,1.57,5.51,30.71,41.14,13.78,4.33,2.56
9000001786,2026-08-01 14:00,0.9994444,15,19,34,14,16,30,295,218,513,22,26,48,52.5,0.19,1.56,3.12,30.21,44.44,13.06,2.92,4.48
9000001786,2026-08-01 15:00,0.9994444,22,18,40,27,17,44,288,212,500,35,28,63,56.5,0.0,0.8,6.0,26.8,41.8,13.6,5.8,5.2
9000001786,2026-08-01 16:00,0.9994444,13,23,36,23,32,55,246,166,412,31,30,61,55.0,0.49,0.73,5.58,31.8,37.14,16.26,4.37,3.64
9000001786,2026-08-01 17:00,0.99972224,13,33,46,27,55,82,225,194,419,21,21,42,54.5,0.0,0.72,6.21,24.58,43.91,16.47,5.49,2.63
9000001786,2026-08-01 18:00,0.9994444,22,19,41,44,45,89,230,175,405,15,19,34,55.5,0.0,0.99,4.44,24.2,44.2,17.78,3.95,4.44
9000001786,2026-08-01 19:00,0.99972224,9,37,46,21,42,63,156,150,306,13,15,28,54.5,0.0,1.31,4.58,26.47,42.48,16.67,3.27,5.23
9000001786,2026-08-01 20:00,0.99972224,12,13,25,19,34,53,119,124,243,15,19,34,59.5,0.0,0.82,5.76,21.81,38.27,18.93,9.05,5.35
9000001786,2026-08-01 21:00,0.9994444,2,3,5,4,1,5,36,25,61,2,4,6,59.0,1.64,1.64,0.0,39.34,24.59,19.67,11.48,1.64
9000001786,2026-08-01 22:00,0.9994444,0,0,0,0,0,0,0,0,0,0,0,0,,0.0,0.0,0.0,0.0,0.0,0.0,0.0,0.0
9000001786,2026-08-01 23:00,0.9994444,0,0,0,0,0,0,0,0,0,0,0,0,,0.0,0.0,0.0,0.0,0.0,0.0,0.0,0.0
9000001786,2026-08-02 00:00,0.9994444,0,0,0,0,0,0,0,0,0,0,0,0,,0.0,0.0,0.0,0.0,0.0,0.0,0.0,0.0
9000001833,2026-08-01 02:00,0.9994444,0,0,0,0,0,0,0,0,0,0,0,0,,0.0,0.0,0.0,0.0,0.0,0.0,0.0,0.0
9000001833,2026-08-01 03:00,0.99916667,0,0,0,0,0,0,0,0,0,0,0,0,,0.0,0.0,0.0,0.0,0.0,0.0,0.0,0.0
9000001833,2026-08-01 04:00,0.9994444,0,0,0,0,0,0,0,0,0,0,0,0,,0.0,0.0,0.0,0.0,0.0,0.0,0.0,0.0
9000001833,2026-08-01 05:00,0.99916667,0,0,0,0,0,0,0,0,0,0,0,0,,0.0,0.0,0.0,0.0,0.0,0.0,0.0,0.0
9000001833,2026-08-01 06:00,0.99972224,1,3,4,0,1,1,0,0,0,1,1,2,,0.0,0.0,0.0,0.0,0.0,0.0,0.0,0.0
9000001833,2026-08-01 07:00,0.99972224,1,0,1,0,1,1,0,0,0,0,0,0,,0.0,0.0,0.0,0.0,0.0,0.0,0.0,0.0
9000001833,2026-08-01 08:00,0.99972224,3,4,7,1,0,1,0,3,3,0,0,0,23.0,66.67,0.0,33.33,0.0,0.0,0.0,0.0,0.0
9000001833,2026-08-01 09:00,0.99916667,12,15,27,5,9,14,2,8,10,0,4,4,28.5,0.0,50.0,40.0,10.0,0.0,0.0,0.0,0.0
9000001833,2026-08-01 10:00,1.0,18,21,39,8,4,12,5,3,8,0,3,3,20.0,0.0,87.5,12.5,0.0,0.0,0.0,0.0,0.0
9000001833,2026-08-01 11:00,0.99972224,12,20,32,1,2,3,6,4,10,2,2,4,23.0,10.0,50.0,40.0,0.0,0.0,0.0,0.0,0.0
9000001833,2026-08-01 12:00,0.99916667,8,11,19,2,4,6,4,11,15,4,2,6,42.0,0.0,60.0,20.0,0.0,13.33,0.0,0.0,6.67
9000001833,2026-08-01 13:00,0.9994444,10,10,20,1,1,2,12,7,19,1,2,3,25.5,10.53,47.37,42.11,0.0,0.0,0.0,0.0,0.0
9000001833,2026-08-01 14:00,0.99972224,9,14,23,3,7,10,11,6,17,2,1,3,32.5,0.0,41.18,35.29,17.65,5.88,0.0,0.0,0.0
9000001833,2026-08-01 15:00,0.9994444,25,28,53,3,16,19,4,2,6,2,3,5,25.5,16.67,50.0,33.33,0.0,0.0,0.0,0.0,0.0
9000001833,2026-08-01 16:00,0.99972224,38,27,65,8,9,17,5,3,8,0,0,0,24.5,12.5,37.5,37.5,12.5,0.0,0.0,0.0,0.0
9000001833,2026-08-01 17:00,0.9994444,27,31,58,8,9,17,5,5,10,0,1,1,31.0,0.0,60.0,20.0,20.0,0.0,0.0,0.0,0.0
9000001833,2026-08-01 18:00,0.99916667,28,51,79,7,9,16,7,6,13,0,0,0,27.5,7.69,53.85,38.46,0.0,0.0,0.0,0.0,0.0
9000001833,2026-08-01 19:00,0.99972224,44,20,64,9,9,18,6,3,9,2,0,2,24.5,11.11,33.33,44.44,11.11,0.0,0.0,0.0,0.0
9000001833,2026-08-01 20:00,0.99972224,19,15,34,8,3,11,1,1,2,0,0,0,33.5,50.0,0.0,0.0,50.0,0.0,0.0,0.0,0.0
9000001833,2026-08-01 21:00,0.99972224,0,4,4,0,0,0,0,0,0,0,0,0,,0.0,0.0,0.0,0.0,0.0,0.0,0.0,0.0
9000001833,2026-08-01 22:00,0.9994444,0,0,0,0,0,0,0,0,0,0,0,0,,0.0,0.0,0.0,0.0,0.0,0.0,0.0,0.0
9000001833,2026-08-01 23:00,0.99916667,0,0,0,0,0,0,0,0,0,0,0,0,,0.0,0.0,0.0,0.0,0.0,0.0,0.0,0.0
9000001833,2026-08-02 00:00,0.9994444,0,0,0,0,0,0,0,0,0,0,0,0,,0.0,0.0,0.0,0.0,0.0,0.0,0.0,0.0
9000002582,2026-08-01 02:00,0.0,0,0,0,0,0,0,0,0,0,0,0,0,,0.0,0.0,0.0,0.0,0.0,0.0,0.0,0.0
9000002582,2026-08-01 03:00,0.0,0,0,0,0,0,0,0,0,0,0,0,0,,0.0,0.0,0.0,0.0,0.0,0.0,0.0,0.0
9000002582,2026-08-01 04:00,0.0,0,0,0,0,0,0,0,0,0,0,0,0,,0.0,0.0,0.0,0.0,0.0,0.0,0.0,0.0
9000002582,2026-08-01 05:00,0.0,0,0,0,0,0,0,0,0,0,0,0,0,,0.0,0.0,0.0,0.0,0.0,0.0,0.0,0.0
9000002582,2026-08-01 06:00,0.08111111,0,0,0,12,0,12,0,25,25,0,12,12,38.5,0.0,0.0,50.0,50.0,0.0,0.0,0.0,0.0
9000002582,2026-08-01 07:00,0.20111111,5,0,5,25,10,35,15,5,20,0,10,10,41.0,0.0,20.0,40.0,20.0,20.0,0.0,0.0,0.0
9000002582,2026-08-01 08:00,0.5261111,2,0,2,11,10,21,19,11,30,8,13,21,36.0,0.0,6.25,62.5,25.0,6.25,0.0,0.0,0.0
9000002582,2026-08-01 09:00,0.7183333,7,1,8,42,32,74,38,26,64,4,6,10,38.5,2.22,13.33,48.89,20.0,6.67,0.0,4.44,4.44
9000002582,2026-08-01 10:00,0.7863889,5,3,8,47,56,103,45,37,82,5,20,25,37.5,1.56,12.5,53.12,23.44,6.25,0.0,1.56,1.56
9000002582,2026-08-01 11:00,0.7813889,6,0,6,61,68,129,54,47,101,4,23,27,39.0,2.53,16.46,49.37,17.72,5.06,2.53,3.8,2.53
9000002582,2026-08-01 12:00,0.78833336,13,0,13,66,62,128,51,65,116,3,28,31,39.0,2.2,10.99,49.45,24.18,4.4,4.4,1.1,3.3
9000002582,2026-08-01 13:00,0.79333335,9,1,10,49,107,156,74,97,171,6,18,24,35.0,0.0,11.03,59.56,18.38,8.09,1.47,0.74,0.74
9000002582,2026-08-01 14:00,0.7802778,6,0,6,69,146,215,111,155,266,13,31,44,35.5,0.97,12.56,60.39,17.87,3.86,3.38,0.48,0.48
9000002582,2026-08-01 15:00,0.77555555,6,0,6,13,35,48,115,219,334,6,39,45,33.5,1.54,20.85,52.12,20.08,2.7,1.93,0.77,0.0
9000002582,2026-08-01 16:00,0.7786111,4,0,4,30,104,134,136,158,294,3,18,21,37.0,1.31,15.72,48.47,24.45,6.55,1.31,1.75,0.44
9000002582,2026-08-01 17:00,0.7822222,4,0,4,29,66,95,107,102,209,4,12,16,42.0,1.22,10.37,46.95,25.0,7.93,3.66,3.66,1.22
9000002582,2026-08-01 18:00,0.7822222,4,5,9,69,127,196,81,88,169,3,5,8,43.5,0.76,15.15,41.67,21.97,10.61,3.79,0.76,5.3
9000002582,2026-08-01 19:00,0.78805554,3,0,3,49,93,142,67,80,147,0,8,8,40.0,1.72,7.76,50.86,25.0,4.31,5.17,2.59,2.59
9000002582,2026-08-01 20:00,0.58361113,5,0,5,60,87,147,72,36,108,7,3,10,44.5,3.17,6.35,46.03,25.4,7.94,9.52,0.0,1.59
9000002582,2026-08-01 21:00,0.0,0,0,0,0,0,0,0,0,0,0,0,0,,0.0,0.0,0.0,0.0,0.0,0.0,0.0,0.0
9000002582,2026-08-01 22:00,0.0,0,0,0,0,0,0,0,0,0,0,0,0,,0.0,0.0,0.0,0.0,0.0,0.0,0.0,0.0
9000002582,2026-08-01 23:00,0.0,0,0,0,0,0,0,0,0,0,0,0,0,,0.0,0.0,0.0,0.0,0.0,0.0,0.0,0.0
9000002582,2026-08-02 00:00,0.0,0,0,0,0,0,0,0,0,0,0,0,0,,0.0,0.0,0.0,0.0,0.0,0.0,0.0,0.0
9000003000,2026-08-01 02:00,0.0,0,0,0,0,0,0,0,0,0,0,0,0,,0.0,0.0,0.0,0.0,0.0,0.0,0.0,0.0
9000003000,2026-08-01 03:00,0.0,0,0,0,0,0,0,0,0,0,0,0,0,,0.0,0.0,0.0,0.0,0.0,0.0,0.0,0.0
9000003000,2026-08-01 04:00,0.0,0,0,0,0,0,0,0,0,0,0,0,0,,0.0,0.0,0.0,0.0,0.0,0.0,0.0,0.0
9000003000,2026-08-01 05:00,0.0,0,0,0,0,0,0,0,0,0,0,0,0,,0.0,0.0,0.0,0.0,0.0,0.0,0.0,0.0
9000003000,2026-08-01 06:00,0.0,0,0,0,0,0,0,0,0,0,0,0,0,,0.0,0.0,0.0,0.0,0.0,0.0,0.0,0.0
9000003000,2026-08-01 07:00,0.2125,0,0,0,0,0,0,0,0,0,5,0,5,,0.0,0.0,0.0,0.0,0.0,0.0,0.0,0.0
9000003000,2026-08-01 08:00,0.4025,0,0,0,0,0,0,5,0,5,0,0,0,77.5,0.0,33.33,33.33,0.0,0.0,0.0,0.0,33.33
9000003000,2026-08-01 09:00,0.5605556,0,0,0,5,0,5,20,7,27,0,0,0,34.5,0.0,42.86,28.57,21.43,7.14,0.0,0.0,0.0
9000003000,2026-08-01 10:00,0.45722222,2,0,2,0,0,0,17,4,21,0,0,0,35.0,8.33,33.33,16.67,25.0,0.0,8.33,0.0,8.33
9000003000,2026-08-01 11:00,0.6102778,0,2,2,11,5,16,20,25,45,5,5,10,32.5,18.52,37.04,25.93,7.41,0.0,0.0,3.7,7.41
9000003000,2026-08-01 12:00,0.6458333,0,0,0,22,0,22,42,22,64,0,0,0,107.0,2.44,26.83,24.39,9.76,4.88,0.0,2.44,29.27
9000003000,2026-08-01 13:00,0.6013889,7,0,7,15,0,15,48,20,68,3,0,3,80.0,4.76,30.95,28.57,9.52,2.38,4.76,0.0,19.05
9000003000,2026-08-01 14:00,0.5822222,0,0,0,17,2,19,65,21,86,5,3,8,84.5,9.8,31.37,21.57,5.88,0.0,9.8,1.96,19.61
9000003000,2026-08-01 15:00,0.63805556,6,0,6,31,6,37,44,20,64,3,3,6,64.5,4.88,43.9,14.63,4.88,7.32,4.88,4.88,14.63
9000003000,2026-08-01 16:00,0.65305555,5,0,5,17,0,17,34,6,40,3,5,8,105.5,0.0,22.22,48.15,0.0,3.7,3.7,0.0,22.22
9000003000,2026-08-01 17:00,0.635,3,0,3,19,2,21,31,3,34,6,5,11,73.5,4.55,9.09,36.36,18.18,0.0,0.0,13.64,18.18
9000003000,2026-08-01 18:00,0.65555555,3,0,3,59,3,62,49,9,58,2,2,4,111.0,2.63,10.53,21.05,21.05,5.26,5.26,7.89,26.32
9000003000,2026-08-01 19:00,0.6591667,6,2,8,71,2,73,64,12,76,0,0,0,64.0,10.0,20.0,26.0,8.0,14.0,4.0,8.0,10.0
9000003000,2026-08-01 20:00,0.3127778,0,0,0,26,3,29,48,3,51,0,0,0,60.0,0.0,33.33,33.33,5.56,5.56,5.56,11.11,5.56
9000003000,2026-08-01 21:00,0.0,0,0,0,0,0,0,0,0,0,0,0,0,,0.0,0.0,0.0,0.0,0.0,0.0,0.0,0.0
9000003000,2026-08-01 22:00,0.0,0,0,0,0,0,0,0,0,0,0,0,0,,0.0,0.0,0.0,0.0,0.0,0.0,0.0,0.0
9000003000,2026-08-01 23:00,0.0,0,0,0,0,0,0,0,0,0,0,0,0,,0.0,0.0,0.0,0.0,0.0,0.0,0.0,0.0
9000003000,2026-08-02 00:00,0.0,0,0,0,0,0,0,0,0,0,0,0,0,,0.0,0.0,0.0,0.0,0.0,0.0,0.0,0.0
9000003006,2026-08-01 02:00,0.0,0,0,0,0,0,0,0,0,0,0,0,0,,0.0,0.0,0.0,0.0,0.0,0.0,0.0,0.0
9000003006,2026-08-01 03:00,0.0,0,0,0,0,0,0,0,0,0,0,0,0,,0.0,0.0,0.0,0.0,0.0,0.0,0.0,0.0
9000003006,2026-08-01 04:00,0.0,0,0,0,0,0,0,0,0,0,0,0,0,,0.0,0.0,0.0,0.0,0.0,0.0,0.0,0.0
9000003006,2026-08-01 05:00,0.0,0,0,0,0,0,0,0,0,0,0,0,0,,0.0,0.0,0.0,0.0,0.0,0.0,0.0,0.0
9000003006,2026-08-01 06:00,0.13944444,0,0,0,0,0,0,0,7,7,22,0,22,4.0,100.0,0.0,0.0,0.0,0.0,0.0,0.0,0.0
9000003006,2026-08-01 07:00,0.34416667,3,0,3,0,0,0,0,6,6,12,6,18,43.5,0.0,0.0,0.0,50.0,50.0,0.0,0.0,0.0
9000003006,2026-08-01 08:00,0.33888888,0,0,0,0,3,3,15,9,24,0,9,9,39.5,0.0,11.11,44.44,33.33,0.0,11.11,0.0,0.0
9000003006,2026-08-01 09:00,0.67138886,1,4,5,0,0,0,10,16,26,9,9,18,34.5,0.0,11.11,27.78,50.0,11.11,0.0,0.0,0.0
9000003006,2026-08-01 10:00,0.43,7,0,7,2,23,25,5,9,14,2,9,11,34.5,14.29,0.0,42.86,28.57,14.29,0.0,0.0,0.0
9000003006,2026-08-01 11:00,0.7927778,4,0,4,4,5,9,14,15,29,5,10,15,39.5,0.0,4.35,30.43,52.17,8.7,4.35,0.0,0.0
9000003006,2026-08-01 12:00,0.7802778,4,1,5,4,3,7,21,24,45,8,8,16,42.5,11.43,5.71,40.0,22.86,17.14,0.0,0.0,2.86
9000003006,2026-08-01 13:00,0.79944444,3,1,4,3,1,4,19,24,43,16,24,40,42.0,2.94,5.88,32.35,38.24,14.71,5.88,0.0,0.0
9000003006,2026-08-01 14:00,0.7997222,5,5,10,6,1,7,13,28,41,14,11,25,42.5,0.0,6.25,25.0,46.88,18.75,3.12,0.0,0.0
9000003006,2026-08-01 15:00,0.7897222,5,3,8,4,5,9,23,42,65,6,4,10,39.0,0.0,0.0,27.45,64.71,7.84,0.0,0.0,0.0
9000003006,2026-08-01 16:00,0.7677778,3,1,4,5,13,18,17,26,43,20,4,24,43.5,0.0,0.0,30.3,39.39,24.24,0.0,6.06,0.0
9000003006,2026-08-01 17:00,0.69416666,4,1,5,4,6,10,39,37,76,3,1,4,38.0,14.81,1.85,31.48,40.74,5.56,1.85,0.0,3.7
9000003006,2026-08-01 18:00,0.68083334,7,0,7,9,6,15,19,38,57,1,1,2,35.5,12.82,5.13,48.72,30.77,2.56,0.0,0.0,0.0
9000003006,2026-08-01 19:00,0.42333335,2,5,7,2,9,11,14,7,21,0,0,0,40.0,0.0,0.0,28.57,57.14,14.29,0.0,0.0,0.0
9000003006,2026-08-01 20:00,0.39472222,3,0,3,3,5,8,18,13,31,10,0,10,33.5,8.33,0.0,66.67,25.0,0.0,0.0,0.0,0.0
9000003006,2026-08-01 21:00,0.0,0,0,0,0,0,0,0,0,0,0,0,0,,0.0,0.0,0.0,0.0,0.0,0.0,0.0,0.0
9000003006,2026-08-01 22:00,0.0,0,0,0,0,0,0,0,0,0,0,0,0,,0.0,0.0,0.0,0.0,0.0,0.0,0.0,0.0
9000003006,2026-08-01 23:00,0.0,0,0,0,0,0,0,0,0,0,0,0,0,,0.0,0.0,0.0,0.0,0.0,0.0,0.0,0.0
9000003006,2026-08-02 00:00,0.0,0,0,0,0,0,0,0,0,0,0,0,0,,0.0,0.0,0.0,0.0,0.0,0.0,0.0,0.0
9000003077,2026-08-01 02:00,0.99972224,0,0,0,0,0,0,0,0,0,0,0,0,,0.0,0.0,0.0,0.0,0.0,0.0,0.0,0.0
9000003077,2026-08-01 03:00,0.98638886,0,0,0,0,0,0,0,1,1,0,0,0,4.0,100.0,0.0,0.0,0.0,0.0,0.0,0.0,0.0
9000003077,2026-08-01 04:00,0.9852778,0,0,0,0,0,0,0,0,0,0,0,0,,0.0,0.0,0.0,0.0,0.0,0.0,0.0,0.0
9000003077,2026-08-01 05:00,0.99916667,0,0,0,0,2,2,1,1,2,0,0,0,38.5,0.0,0.0,50.0,50.0,0.0,0.0,0.0,0.0
9000003077,2026-08-01 06:00,0.9994444,0,0,0,0,0,0,5,4,9,1,1,2,38.0,0.0,0.0,33.33,66.67,0.0,0.0,0.0,0.0
9000003077,2026-08-01 07:00,0.9994444,0,0,0,1,0,1,3,9,12,0,2,2,41.0,25.0,0.0,25.0,33.33,16.67,0.0,0.0,0.0
9000003077,2026-08-01 08:00,0.99916667,1,1,2,14,3,17,11,6,17,0,3,3,46.0,5.88,11.76,23.53,23.53,29.41,5.88,0.0,0.0
9000003077,2026-08-01 09:00,0.9994444,0,2,2,22,6,28,9,12,21,2,5,7,38.0,19.05,14.29,28.57,28.57,9.52,0.0,0.0,0.0
9000003077,2026-08-01 10:00,0.9994444,0,1,1,55,10,65,13,9,22,2,8,10,36.0,4.55,0.0,40.91,50.0,4.55,0.0,0.0,0.0
9000003077,2026-08-01 11:00,0.9994444,1,1,2,38,13,51,19,8,27,1,8,9,38.5,0.0,7.41,29.63,51.85,7.41,3.7,0.0,0.0
9000003077,2026-08-01 12:00,0.9994444,2,3,5,57,15,72,16,5,21,2,5,7,35.0,0.0,9.52,52.38,28.57,9.52,0.0,0.0,0.0
9000003077,2026-08-01 13:00,0.9994444,2,0,2,45,16,61,18,8,26,4,2,6,39.0,0.0,19.23,38.46,30.77,7.69,3.85,0.0,0.0
9000003077,2026-08-01 14:00,0.9994444,2,0,2,51,29,80,23,11,34,4,5,9,33.0,17.65,14.71,47.06,14.71,5.88,0.0,0.0,0.0
9000003077,2026-08-01 15:00,0.9994444,3,9,12,85,25,110,26,8,34,4,8,12,33.5,8.82,8.82,50.0,32.35,0.0,0.0,0.0,0.0
9000003077,2026-08-01 16:00,0.99916667,12,12,24,77,38,115,15,5,20,4,11,15,34.0,10.0,5.0,45.0,40.0,0.0,0.0,0.0,0.0
9000003077,2026-08-01 17:00,0.9994444,8,10,18,108,79,187,21,10,31,2,7,9,37.5,3.23,19.35,29.03,48.39,0.0,0.0,0.0,0.0
9000003077,2026-08-01 18:00,0.99972224,10,22,32,92,98,190,25,11,36,4,1,5,33.0,8.33,8.33,55.56,22.22,5.56,0.0,0.0,0.0
9000003077,2026-08-01 19:00,0.9994444,24,37,61,85,88,173,31,12,43,0,2,2,37.5,9.3,9.3,41.86,30.23,9.3,0.0,0.0,0.0
9000003077,2026-08-01 20:00,0.99916667,14,12,26,96,67,163,8,21,29,0,1,1,38.5,24.14,3.45,31.03,31.03,10.34,0.0,0.0,0.0
9000003077,2026-08-01 21:00,0.99472225,2,0,2,10,6,16,3,3,6,0,1,1,45.5,0.0,0.0,0.0,50.0,50.0,0.0,0.0,0.0
9000003077,2026-08-01 22:00,0.99972224,0,0,0,0,0,0,0,0,0,0,0,0,,0.0,0.0,0.0,0.0,0.0,0.0,0.0,0.0
9000003077,2026-08-01 23:00,0.9936111,0,0,0,1,0,1,0,0,0,0,0,0,,0.0,0.0,0.0,0.0,0.0,0.0,0.0,0.0
9000003077,2026-08-02 00:00,0.98138887,0,0,0,0,0,0,0,0,0,0,0,0,,0.0,0.0,0.0,0.0,0.0,0.0,0.0,0.0
9000003172,2026-08-01 02:00,0.0,0,0,0,0,0,0,0,0,0,0,0,0,,0.0,0.0,0.0,0.0,0.0,0.0,0.0,0.0
9000003172,2026-08-01 03:00,0.0,0,0,0,0,0,0,0,0,0,0,0,0,,0.0,0.0,0.0,0.0,0.0,0.0,0.0,0.0
9000003172,2026-08-01 04:00,0.0,0,0,0,0,0,0,0,0,0,0,0,0,,0.0,0.0,0.0,0.0,0.0,0.0,0.0,0.0
9000003172,2026-08-01 05:00,0.040555555,0,0,0,0,0,0,0,0,0,0,0,0,,0.0,0.0,0.0,0.0,0.0,0.0,0.0,0.0
9000003172,2026-08-01 06:00,0.7172222,0,0,0,0,6,6,8,14,22,4,18,22,120.5,0.0,0.0,11.11,5.56,50.0,0.0,11.11,22.22
9000003172,2026-08-01 07:00,0.7891667,0,0,0,1,0,1,20,16,36,3,5,8,49.0,0.0,0.0,31.03,44.83,10.34,6.9,0.0,6.9
9000003172,2026-08-01 08:00,0.7997222,0,0,0,0,0,0,26,43,69,5,5,10,47.0,0.0,3.64,36.36,30.91,16.36,5.45,1.82,5.45
9000003172,2026-08-01 09:00,0.7836111,0,0,0,3,0,3,32,51,83,4,8,12,43.5,0.0,1.54,15.38,60.0,12.31,7.69,3.08,0.0
9000003172,2026-08-01 10:00,0.7872222,0,0,0,0,6,6,41,61,102,13,15,28,44.5,1.25,5.0,32.5,35.0,16.25,5.0,2.5,2.5
9000003172,2026-08-01 11:00,0.79888886,0,0,0,1,1,2,45,88,133,9,8,17,51.5,0.94,2.83,28.3,35.85,16.04,8.49,4.72,2.83
9000003172,2026-08-01 12:00,0.7891667,0,0,0,0,3,3,34,72,106,3,13,16,49.5,1.19,3.57,23.81,34.52,22.62,9.52,2.38,2.38
9000003172,2026-08-01 13:00,0.78444445,0,0,0,3,1,4,48,91,139,14,13,27,48.0,0.0,3.67,29.36,39.45,15.6,6.42,2.75,2.75
9000003172,2026-08-01 14:00,0.78833336,0,0,0,0,1,1,42,58,100,5,8,13,50.5,0.0,6.33,27.85,34.18,16.46,7.59,1.27,6.33
9000003172,2026-08-01 15:00,0.78694445,0,0,0,1,3,4,33,104,137,3,10,13,47.0,0.93,0.93,29.63,40.74,18.52,3.7,2.78,2.78
9000003172,2026-08-01 16:00,0.65555555,0,0,0,0,3,3,20,49,69,0,5,5,47.0,0.0,0.0,20.93,48.84,20.93,4.65,0.0,4.65
9000003172,2026-08-01 17:00,0.50166667,0,0,0,2,2,4,4,26,30,4,0,4,52.5,0.0,0.0,46.67,13.33,20.0,6.67,0.0,13.33
9000003172,2026-08-01 18:00,0.77805555,0,0,0,1,1,2,27,53,80,14,15,29,53.0,1.61,0.0,24.19,38.71,16.13,8.06,1.61,9.68
9000003172,2026-08-01 19:00,0.78555554,0,0,0,0,10,10,28,75,103,28,22,50,49.0,1.23,4.94,22.22,40.74,18.52,8.64,0.0,3.7
9000003172,2026-08-01 20:00,0.7877778,0,0,0,0,4,4,48,109,157,1,8,9,53.0,0.0,0.81,15.32,35.48,29.84,8.87,4.84,4.84
9000003172,2026-08-01 21:00,0.040555555,0,0,0,0,0,0,0,0,0,0,0,0,,0.0,0.0,0.0,0.0,0.0,0.0,0.0,0.0
9000003172,2026-08-01 22:00,0.0,0,0,0,0,0,0,0,0,0,0,0,0,,0.0,0.0,0.0,0.0,0.0,0.0,0.0,0.0
9000003172,2026-08-01 23:00,0.0,0,0,0,0,0,0,0,0,0,0,0,0,,0.0,0.0,0.0,0.0,0.0,0.0,0.0,0.0
9000003172,2026-08-02 00:00,0.0,0,0,0,0,0,0,0,0,0,0,0,0,,0.0,0.0,0.0,0.0,0.0,0.0,0.0,0.0
9000003310,2026-08-01 02:00,0.0,0,0,0,0,0,0,0,0,0,0,0,0,,0.0,0.0,0.0,0.0,0.0,0.0,0.0,0.0
9000003310,2026-08-01 03:00,0.0,0,0,0,0,0,0,0,0,0,0,0,0,,0.0,0.0,0.0,0.0,0.0,0.0,0.0,0.0
9000003310,2026-08-01 04:00,0.0,0,0,0,0,0,0,0,0,0,0,0,0,,0.0,0.0,0.0,0.0,0.0,0.0,0.0,0.0
9000003310,2026-08-01 05:00,0.0,0,0,0,0,0,0,0,0,0,0,0,0,,0.0,0.0,0.0,0.0,0.0,0.0,0.0,0.0
9000003310,2026-08-01 06:00,0.4911111,0,0,0,0,0,0,2,4,6,0,0,0,43.5,0.0,33.33,33.33,0.0,33.33,0.0,0.0,0.0
9000003310,2026-08-01 07:00,0.53055555,0,0,0,0,2,2,0,6,6,4,2,6,29.0,0.0,0.0,100.0,0.0,0.0,0.0,0.0,0.0
9000003310,2026-08-01 08:00,0.5888889,3,2,5,0,0,0,8,19,27,0,3,3,25.5,0.0,68.75,18.75,12.5,0.0,0.0,0.0,0.0
9000003310,2026-08-01 09:00,0.78333336,1,3,4,0,0,0,14,13,27,3,1,4,33.0,19.05,14.29,42.86,23.81,0.0,0.0,0.0,0.0
9000003310,2026-08-01 10:00,0.7822222,1,0,1,4,1,5,6,22,28,1,8,9,30.0,4.55,50.0,31.82,13.64,0.0,0.0,0.0,0.0
9000003310,2026-08-01 11:00,0.7772222,0,1,1,1,0,1,17,14,31,3,5,8,23.5,16.67,50.0,29.17,4.17,0.0,0.0,0.0,0.0
9000003310,2026-08-01 12:00,0.77416664,0,1,1,6,1,7,13,32,45,3,3,6,27.5,8.57,22.86,62.86,5.71,0.0,0.0,0.0,0.0
9000003310,2026-08-01 13:00,0.7569444,1,3,4,5,1,6,11,22,33,1,4,5,23.5,4.0,64.0,32.0,0.0,0.0,0.0,0.0,0.0
9000003310,2026-08-01 14:00,0.7763889,1,0,1,5,5,10,13,32,45,1,4,5,33.0,2.86,37.14,40.0,17.14,2.86,0.0,0.0,0.0
9000003310,2026-08-01 15:00,0.78944445,1,1,2,10,1,11,16,24,40,3,3,6,32.5,6.25,25.0,43.75,25.0,0.0,0.0,0.0,0.0
9000003310,2026-08-01 16:00,0.7625,3,1,4,8,8,16,14,24,38,7,3,10,24.5,0.0,58.62,41.38,0.0,0.0,0.0,0.0,0.0
9000003310,2026-08-01 17:00,0.73833334,3,3,6,8,4,12,8,27,35,20,0,20,24.5,3.85,53.85,34.62,7.69,0.0,0.0,0.0,0.0
9000003310,2026-08-01 18:00,0.7097222,1,0,1,8,4,12,8,15,23,0,1,1,31.0,29.41,35.29,17.65,11.76,5.88,0.0,0.0,0.0
9000003310,2026-08-01 19:00,0.72333336,1,1,2,4,8,12,7,7,14,0,6,6,24.5,20.0,30.0,50.0,0.0,0.0,0.0,0.0,0.0
9000003310,2026-08-01 20:00,0.79083335,1,1,2,3,6,9,8,21,29,3,3,6,29.5,13.04,34.78,39.13,4.35,8.7,0.0,0.0,0.0
9000003310,2026-08-01 21:00,0.06027778,0,0,0,0,0,0,0,17,17,0,0,0,19.0,0.0,100.0,0.0,0.0,0.0,0.0,0.0,0.0
9000003310,2026-08-01 22:00,0.0,0,0,0,0,0,0,0,0,0,0,0,0,,0.0,0.0,0.0,0.0,0.0,0.0,0.0,0.0
9000003310,2026-08-01 23:00,0.0,0,0,0,0,0,0,0,0,0,0,0,0,,0.0,0.0,0.0,0.0,0.0,0.0,0.0,0.0
9000003310,2026-08-02 00:00,0.0,0,0,0,0,0,0,0,0,0,0,0,0,,0.0,0.0,0.0,0.0,0.0,0.0,0.0,0.0
9000003310,2026-08-02 02:00,0.0,0,0,0,0,0,0,0,0,0,0,0,0,,0.0,0.0,0.0,0.0,0.0,0.0,0.0,0.0
9000003310,2026-08-02 03:00,0.0,0,0,0,0,0,0,0,0,0,0,0,0,,0.0,0.0,0.0,0.0,0.0,0.0,0.0,0.0
9000003310,2026-08-02 04:00,0.0,0,0,0,0,0,0,0,0,0,0,0,0,,0.0,0.0,0.0,0.0,0.0,0.0,0.0,0.0
9000003310,2026-08-02 05:00,0.09555556,0,0,0,0,0,0,0,0,0,0,0,0,,0.0,0.0,0.0,0.0,0.0,0.0,0.0,0.0
9000003310,2026-08-02 06:00,0.7986111,0,0,0,0,0,0,3,5,8,0,0,0,25.5,0.0,50.0,50.0,0.0,0.0,0.0,0.0,0.0
9000003310,2026-08-02 07:00,0.7411111,0,0,0,1,3,4,3,4,7,1,0,1,31.0,0.0,40.0,40.0,20.0,0.0,0.0,0.0,0.0
9000003310,2026-08-02 08:00,0.7138889,0,0,0,0,1,1,10,7,17,1,1,2,20.5,41.67,41.67,16.67,0.0,0.0,0.0,0.0,0.0
9000003310,2026-08-02 09:00,0.7222222,1,1,2,6,1,7,15,21,36,1,4,5,27.5,11.54,38.46,42.31,3.85,0.0,3.85,0.0,0.0
9000003310,2026-08-02 10:00,0.74833333,1,0,1,4,5,9,9,19,28,0,3,3,24.0,4.76,47.62,47.62,0.0,0.0,0.0,0.0,0.0
9000003479,2026-08-01 02:00,0.99916667,0,0,0,0,0,0,0,0,0,0,0,0,,0.0,0.0,0.0,0.0,0.0,0.0,0.0,0.0
9000003479,2026-08-01 03:00,0.9994444,0,0,0,0,0,0,0,0,0,0,0,0,,0.0,0.0,0.0,0.0,0.0,0.0,0.0,0.0
9000003479,2026-08-01 04:00,0.99916667,0,0,0,0,0,0,0,0,0,0,0,0,,0.0,0.0,0.0,0.0,0.0,0.0,0.0,0.0
9000003479,2026-08-01 05:00,0.9994444,0,0,0,7,5,12,93,69,162,20,9,29,43.0,1.85,11.11,26.54,40.12,12.96,6.17,1.23,0.0
9000003479,2026-08-01 06:00,0.9994444,0,2,2,1,6,7,114,98,212,92,16,108,43.5,3.3,11.32,27.83,36.32,13.21,7.55,0.47,0.0
9000003479,2026-08-01 07:00,0.9994444,0,0,0,5,17,22,177,128,305,99,9,108,43.0,3.28,8.2,29.84,36.07,20.0,2.62,0.0,0.0
9000003479,2026-08-01 08:00,0.9994444,4,9,13,13,31,44,213,210,423,83,15,98,49.5,1.42,5.91,17.02,28.61,32.86,11.58,2.13,0.47
9000003479,2026-08-01 09:00,0.9994444,18,6,24,14,41,55,306,273,579,36,22,58,51.5,0.35,3.97,11.23,29.19,37.13,15.72,1.9,0.52
9000003479,2026-08-01 10:00,0.9994444,27,18,45,24,48,72,391,340,731,59,26,85,43.0,5.34,15.6,24.49,32.56,16.96,3.97,0.55,0.55
9000003479,2026-08-01 11:00,0.9994444,12,7,19,12,107,119,409,383,792,42,23,65,44.0,5.05,16.04,24.62,29.67,18.69,4.92,0.63,0.38
9000003479,2026-08-01 12:00,0.99916667,14,15,29,18,72,90,463,426,889,88,20,108,42.0,6.19,18.0,27.11,28.68,16.2,3.37,0.34,0.11
9000003479,2026-08-01 13:00,0.9994444,3,10,13,21,74,95,530,445,975,54,29,83,44.0,4.31,18.87,23.08,29.33,18.67,4.62,0.82,0.31
9000003479,2026-08-01 14:00,0.99972224,11,10,21,22,100,122,499,427,926,58,25,83,48.5,0.65,3.02,11.99,34.45,39.09,9.07,1.62,0.11
9000003479,2026-08-01 15:00,0.99972224,21,36,57,26,49,75,413,294,707,39,30,69,49.5,0.57,4.1,12.59,33.66,35.36,10.47,2.69,0.57
9000003479,2026-08-01 16:00,0.99916667,26,11,37,24,41,65,450,413,863,33,15,48,51.0,0.93,3.13,10.54,29.43,38.7,14.25,2.32,0.7
9000003479,2026-08-01 17:00,0.99916667,16,38,54,23,83,106,414,422,836,16,24,40,48.5,0.6,3.83,16.39,33.13,34.45,9.45,1.32,0.84
9000003479,2026-08-01 18:00,0.99972224,17,24,41,35,56,91,458,366,824,16,21,37,49.0,0.49,4.37,17.35,32.65,32.77,11.04,1.33,0.0
9000003479,2026-08-01 19:00,0.99972224,11,17,28,12,39,51,356,291,647,14,21,35,50.5,0.31,2.16,13.45,33.23,34.78,13.29,2.47,0.31
9000003479,2026-08-01 20:00,0.99916667,4,12,16,24,46,70,267,273,540,24,15,39,42.0,4.81,13.89,31.3,31.11,14.44,4.07,0.37,0.0
9000003479,2026-08-01 21:00,0.98138887,1,1,2,7,4,11,71,66,137,4,5,9,41.5,1.47,13.97,24.26,41.18,17.65,0.74,0.74,0.0
9000003479,2026-08-01 22:00,0.9994444,0,0,0,0,0,0,0,0,0,0,0,0,,0.0,0.0,0.0,0.0,0.0,0.0,0.0,0.0
9000003479,2026-08-01 23:00,0.99722224,0,0,0,0,1,1,0,1,1,0,0,0,34.0,0.0,0.0,0.0,100.0,0.0,0.0,0.0,0.0
9000003479,2026-08-02 00:00,0.9827778,0,0,0,0,1,1,0,2,2,0,0,0,28.5,0.0,50.0,50.0,0.0,0.0,0.0,0.0,0.0
9000003479,2026-08-02 02:00,0.97583336,0,0,0,0,0,0,0,0,0,0,0,0,,0.0,0.0,0.0,0.0,0.0,0.0,0.0,0.0
9000003479,2026-08-02 03:00,0.9797222,0,0,0,0,0,0,0,0,0,0,0,0,,0.0,0.0,0.0,0.0,0.0,0.0,0.0,0.0
9000003479,2026-08-02 04:00,0.95805556,0,0,0,0,0,0,0,0,0,0,0,0,,0.0,0.0,0.0,0.0,0.0,0.0,0.0,0.0
9000003479,2026-08-02 05:00,0.9988889,0,1,1,1,9,10,52,37,89,38,2,40,44.5,1.12,12.36,24.72,35.96,20.22,5.62,0.0,0.0
9000003479,2026-08-02 06:00,0.99972224,1,0,1,3,15,18,88,83,171,26,7,33,49.5,0.58,6.43,16.96,34.5,27.49,11.7,2.34,0.0
9000003479,2026-08-02 07:00,0.9994444,0,8,8,12,8,20,136,57,193,16,8,24,49.0,0.52,6.22,10.36,33.16,37.82,8.81,2.59,0.52
9000003479,2026-08-02 08:00,0.9994444,3,6,9,25,25,50,225,110,335,21,9,30,47.0,0.3,7.16,15.82,38.51,29.85,6.27,2.09,0.0
9000003479,2026-08-02 09:00,0.9994444,5,10,15,18,20,38,317,164,481,29,10,39,46.5,2.49,6.65,12.68,42.2,29.11,5.41,1.25,0.21
9000003479,2026-08-02 10:00,0.9988889,1,4,5,41,8,49,451,168,619,13,11,24,47.0,1.94,3.56,16.99,36.73,33.01,7.28,0.32,0.16
9000003516,2026-08-01 02:00,0.0,0,0,0,0,0,0,0,0,0,0,0,0,,0.0,0.0,0.0,0.0,0.0,0.0,0.0,0.0
9000003516,2026-08-01 03:00,0.0,0,0,0,0,0,0,0,0,0,0,0,0,,0.0,0.0,0.0,0.0,0.0,0.0,0.0,0.0
9000003516,2026-08-01 04:00,0.0,0,0,0,0,0,0,0,0,0,0,0,0,,0.0,0.0,0.0,0.0,0.0,0.0,0.0,0.0
9000003516,2026-08-01 05:00,0.0,0,0,0,0,0,0,0,0,0,0,0,0,,0.0,0.0,0.0,0.0,0.0,0.0,0.0,0.0
9000003516,2026-08-01 06:00,0.0,0,0,0,0,0,0,0,0,0,0,0,0,,0.0,0.0,0.0,0.0,0.0,0.0,0.0,0.0
9000003516,2026-08-01 07:00,0.0,0,0,0,0,0,0,0,0,0,0,0,0,,0.0,0.0,0.0,0.0,0.0,0.0,0.0,0.0
9000003516,2026-08-02 00:00,0.0,0,0,0,0,0,0,0,0,0,0,0,0,,0.0,0.0,0.0,0.0,0.0,0.0,0.0,0.0
9000003516,2026-08-02 02:00,0.0,0,0,0,0,0,0,0,0,0,0,0,0,,0.0,0.0,0.0,0.0,0.0,0.0,0.0,0.0
9000003516,2026-08-02 03:00,0.0,0,0,0,0,0,0,0,0,0,0,0,0,,0.0,0.0,0.0,0.0,0.0,0.0,0.0,0.0
9000003516,2026-08-02 04:00,0.0,0,0,0,0,0,0,0,0,0,0,0,0,,0.0,0.0,0.0,0.0,0.0,0.0,0.0,0.0
9000003516,2026-08-02 05:00,0.022222223,0,0,0,0,0,0,0,0,0,0,0,0,,0.0,0.0,0.0,0.0,0.0,0.0,0.0,0.0
9000003516,2026-08-02 06:00,0.38972223,0,0,0,5,0,5,5,0,5,5,0,5,19.0,0.0,100.0,0.0,0.0,0.0,0.0,0.0,0.0
9000003516,2026-08-02 07:00,0.795,0,0,0,3,0,3,4,3,7,0,0,0,26.5,60.0,0.0,40.0,0.0,0.0,0.0,0.0,0.0
9000003516,2026-08-02 08:00,0.65,0,0,0,5,2,7,2,5,7,0,0,0,33.0,0.0,40.0,20.0,40.0,0.0,0.0,0.0,0.0
9000003516,2026-08-02 09:00,0.66805553,0,1,1,4,1,5,4,1,5,0,0,0,47.0,50.0,0.0,0.0,0.0,50.0,0.0,0.0,0.0
9000003516,2026-08-02 10:00,0.51027775,0,0,0,2,0,2,2,4,6,0,2,2,38.0,0.0,0.0,33.33,66.67,0.0,0.0,0.0,0.0
9000003520,2026-08-01 02:00,0.0,0,0,0,0,0,0,0,0,0,0,0,0,,0.0,0.0,0.0,0.0,0.0,0.0,0.0,0.0
9000003520,2026-08-01 03:00,0.0,0,0,0,0,0,0,0,0,0,0,0,0,,0.0,0.0,0.0,0.0,0.0,0.0,0.0,0.0
9000003520,2026-08-01 04:00,0.0,0,0,0,0,0,0,0,0,0,0,0,0,,0.0,0.0,0.0,0.0,0.0,0.0,0.0,0.0
9000003520,2026-08-01 05:00,0.0,0,0,0,0,0,0,0,0,0,0,0,0,,0.0,0.0,0.0,0.0,0.0,0.0,0.0,0.0
9000003520,2026-08-01 06:00,0.39583334,0,0,0,0,5,5,15,8,23,13,13,26,34.0,0.0,11.11,55.56,33.33,0.0,0.0,0.0,0.0
9000003520,2026-08-01 07:00,0.53194445,0,0,0,2,13,15,34,23,57,4,2,6,38.0,0.0,6.45,38.71,48.39,6.45,0.0,0.0,0.0
9000003520,2026-08-01 08:00,0.66444445,0,0,0,3,9,12,39,29,68,5,0,5,42.5,2.27,6.82,36.36,34.09,13.64,4.55,2.27,0.0
9000003520,2026-08-01 09:00,0.78194445,1,0,1,6,14,20,49,29,78,10,0,10,40.0,1.64,4.92,36.07,42.62,11.48,3.28,0.0,0.0
9000003520,2026-08-01 10:00,0.7936111,1,3,4,4,33,37,62,32,94,20,1,21,35.5,1.35,2.7,45.95,41.89,6.76,1.35,0.0,0.0
9000003520,2026-08-01 11:00,0.79388887,0,0,0,0,18,18,82,40,122,11,3,14,35.0,0.0,6.19,45.36,40.21,5.15,3.09,0.0,0.0
9000003520,2026-08-01 12:00,0.7911111,1,3,4,5,20,25,75,35,110,10,1,11,36.5,5.75,8.05,49.43,31.03,4.6,0.0,1.15,0.0
9000003520,2026-08-01 13:00,0.7922222,0,0,0,8,27,35,126,47,173,14,0,14,37.5,2.19,3.65,43.07,41.61,8.76,0.73,0.0,0.0
9000003520,2026-08-01 14:00,0.7863889,0,0,0,4,28,32,160,46,206,11,1,12,37.5,0.62,7.41,38.27,44.44,8.64,0.0,0.62,0.0
9000003520,2026-08-01 15:00,0.7916667,3,4,7,9,4,13,148,81,229,20,14,34,36.5,3.31,7.18,41.99,40.33,5.52,1.66,0.0,0.0
9000003520,2026-08-01 16:00,0.76694447,3,0,3,10,9,19,115,65,180,8,18,26,36.5,5.76,5.76,43.88,36.69,7.91,0.0,0.0,0.0
9000003520,2026-08-01 17:00,0.75027776,0,1,1,5,7,12,81,55,136,19,28,47,36.5,8.82,6.86,42.16,37.25,2.94,1.96,0.0,0.0
9000003520,2026-08-01 18:00,0.7713889,0,0,0,4,10,14,121,58,179,14,5,19,39.0,0.72,1.45,43.48,42.75,10.87,0.72,0.0,0.0
9000003520,2026-08-01 19:00,0.7827778,1,5,6,8,15,23,132,40,172,5,1,6,37.5,0.0,5.22,35.07,55.22,3.73,0.75,0.0,0.0
9000003520,2026-08-01 20:00,0.6452778,2,0,2,6,29,35,101,57,158,0,0,0,39.0,0.98,4.9,41.18,40.2,8.82,1.96,1.96,0.0
9000003520,2026-08-01 21:00,0.0,0,0,0,0,0,0,0,0,0,0,0,0,,0.0,0.0,0.0,0.0,0.0,0.0,0.0,0.0
9000003520,2026-08-01 22:00,0.0,0,0,0,0,0,0,0,0,0,0,0,0,,0.0,0.0,0.0,0.0,0.0,0.0,0.0,0.0
9000003520,2026-08-01 23:00,0.0,0,0,0,0,0,0,0,0,0,0,0,0,,0.0,0.0,0.0,0.0,0.0,0.0,0.0,0.0
9000003520,2026-08-02 00:00,0.0,0,0,0,0,0,0,0,0,0,0,0,0,,0.0,0.0,0.0,0.0,0.0,0.0,0.0,0.0
9000003520,2026-08-02 02:00,0.0,0,0,0,0,0,0,0,0,0,0,0,0,,0.0,0.0,0.0,0.0,0.0,0.0,0.0,0.0
9000003520,2026-08-02 03:00,0.0,0,0,0,0,0,0,0,0,0,0,0,0,,0.0,0.0,0.0,0.0,0.0,0.0,0.0,0.0
9000003520,2026-08-02 04:00,0.0,0,0,0,0,0,0,0,0,0,0,0,0,,0.0,0.0,0.0,0.0,0.0,0.0,0.0,0.0
9000003520,2026-08-02 05:00,0.24388888,0,0,0,0,0,0,21,8,29,0,0,0,50.5,0.0,25.0,37.5,25.0,0.0,12.5,0.0,0.0
9000003520,2026-08-02 06:00,0.7813889,0,0,0,0,0,0,13,13,26,3,1,4,42.5,0.0,0.0,40.0,40.0,15.0,5.0,0.0,0.0
9000003520,2026-08-02 07:00,0.7922222,0,0,0,0,0,0,15,11,26,3,0,3,45.0,0.0,9.52,28.57,38.1,19.05,4.76,0.0,0.0
9000003520,2026-08-02 08:00,0.7463889,0,0,0,11,5,16,11,12,23,3,3,6,39.0,0.0,5.88,47.06,35.29,11.76,0.0,0.0,0.0
9000003520,2026-08-02 09:00,0.77916664,1,0,1,15,3,18,24,21,45,6,14,20,36.0,0.0,11.43,51.43,28.57,5.71,0.0,0.0,2.86
9000003520,2026-08-02 10:00,0.79694444,0,3,3,5,1,6,44,28,72,4,9,13,38.0,0.0,5.26,47.37,38.6,7.02,1.75,0.0,0.0
9000003561,2026-08-01 02:00,0.0,0,0,0,0,0,0,0,0,0,0,0,0,,0.0,0.0,0.0,0.0,0.0,0.0,0.0,0.0
9000003561,2026-08-01 03:00,0.0,0,0,0,0,0,0,0,0,0,0,0,0,,0.0,0.0,0.0,0.0,0.0,0.0,0.0,0.0
9000003561,2026-08-01 04:00,0.0,0,0,0,0,0,0,0,0,0,0,0,0,,0.0,0.0,0.0,0.0,0.0,0.0,0.0,0.0
9000003561,2026-08-01 05:00,0.0,0,0,0,0,0,0,0,0,0,0,0,0,,0.0,0.0,0.0,0.0,0.0,0.0,0.0,0.0
9000003561,2026-08-01 06:00,0.25083333,0,0,0,0,0,0,0,0,0,0,4,4,,0.0,0.0,0.0,0.0,0.0,0.0,0.0,0.0
9000003561,2026-08-01 07:00,0.60555553,0,0,0,2,0,2,8,3,11,2,0,2,35.0,0.0,42.86,14.29,42.86,0.0,0.0,0.0,0.0
9000003561,2026-08-01 08:00,0.57,0,0,0,0,0,0,9,12,21,0,0,0,33.5,9.09,27.27,45.45,18.18,0.0,0.0,0.0,0.0
9000003561,2026-08-01 09:00,0.75722224,1,0,1,5,1,6,22,15,37,1,1,2,32.0,10.34,17.24,48.28,24.14,0.0,0.0,0.0,0.0
9000003561,2026-08-01 10:00,0.7852778,3,0,3,5,8,13,36,24,60,1,1,2,35.0,2.13,12.77,42.55,36.17,6.38,0.0,0.0,0.0
9000003561,2026-08-01 11:00,0.7925,1,1,2,1,5,6,39,16,55,0,3,3,33.5,2.27,20.45,50.0,22.73,4.55,0.0,0.0,0.0
9000003561,2026-08-01 12:00,0.78194445,1,1,2,4,13,17,31,31,62,3,0,3,34.5,0.0,25.0,43.75,22.92,4.17,2.08,0.0,2.08
9000003561,2026-08-01 13:00,0.78444445,3,0,3,5,11,16,48,20,68,1,3,4,35.0,0.0,22.22,38.89,35.19,3.7,0.0,0.0,0.0
9000003561,2026-08-01 14:00,0.7927778,0,1,1,8,10,18,50,25,75,3,1,4,34.5,1.67,18.33,51.67,26.67,0.0,0.0,0.0,1.67
9000003561,2026-08-01 15:00,0.7866667,3,0,3,13,22,35,78,81,159,11,6,17,36.5,2.4,16.0,39.2,35.2,5.6,0.8,0.8,0.0
9000003561,2026-08-01 16:00,0.74722224,0,0,0,12,17,29,66,130,196,8,32,40,35.0,6.12,13.61,44.22,30.61,4.08,1.36,0.0,0.0
9000003561,2026-08-01 17:00,0.7241667,0,3,3,17,35,52,36,184,220,11,17,28,34.0,5.66,18.24,44.65,26.42,4.4,0.63,0.0,0.0
9000003561,2026-08-01 18:00,0.7122222,3,0,3,21,31,52,97,163,260,11,6,17,35.0,4.84,22.04,42.47,25.27,4.3,1.08,0.0,0.0
9000003561,2026-08-01 19:00,0.75777775,4,1,5,28,20,48,63,107,170,5,12,17,36.5,4.62,16.92,43.85,29.23,4.62,0.0,0.0,0.77
9000003561,2026-08-01 20:00,0.7519444,1,0,1,3,13,16,59,117,176,8,8,16,40.0,5.97,8.21,47.76,23.13,10.45,2.24,2.24,0.0
9000003561,2026-08-01 21:00,0.0,0,0,0,0,0,0,0,0,0,0,0,0,,0.0,0.0,0.0,0.0,0.0,0.0,0.0,0.0
9000003561,2026-08-01 22:00,0.0,0,0,0,0,0,0,0,0,0,0,0,0,,0.0,0.0,0.0,0.0,0.0,0.0,0.0,0.0
9000003561,2026-08-01 23:00,0.0,0,0,0,0,0,0,0,0,0,0,0,0,,0.0,0.0,0.0,0.0,0.0,0.0,0.0,0.0
9000003561,2026-08-02 00:00,0.0,0,0,0,0,0,0,0,0,0,0,0,0,,0.0,0.0,0.0,0.0,0.0,0.0,0.0,0.0
9000003561,2026-08-02 02:00,0.0,0,0,0,0,0,0,0,0,0,0,0,0,,0.0,0.0,0.0,0.0,0.0,0.0,0.0,0.0
9000003561,2026-08-02 03:00,0.0,0,0,0,0,0,0,0,0,0,0,0,0,,0.0,0.0,0.0,0.0,0.0,0.0,0.0,0.0
9000003561,2026-08-02 04:00,0.0,0,0,0,0,0,0,0,0,0,0,0,0,,0.0,0.0,0.0,0.0,0.0,0.0,0.0,0.0
9000003561,2026-08-02 05:00,0.1625,0,0,0,0,0,0,0,6,6,0,0,0,34.0,0.0,0.0,0.0,100.0,0.0,0.0,0.0,0.0
9000003561,2026-08-02 06:00,0.6161111,3,3,6,0,0,0,5,2,7,0,0,0,37.5,0.0,0.0,0.0,100.0,0.0,0.0,0.0,0.0
9000003561,2026-08-02 07:00,0.80472225,0,0,0,4,1,5,2,1,3,1,0,1,33.0,0.0,66.67,0.0,33.33,0.0,0.0,0.0,0.0
9000003561,2026-08-02 08:00,0.79083335,3,1,4,5,13,18,11,10,21,3,4,7,33.5,5.88,29.41,23.53,41.18,0.0,0.0,0.0,0.0
9000003561,2026-08-02 09:00,0.70361114,3,1,4,3,9,12,20,14,34,1,1,2,38.5,0.0,20.83,29.17,37.5,4.17,0.0,0.0,8.33
9000003561,2026-08-02 10:00,0.75777775,0,0,0,5,5,10,16,24,40,3,0,3,39.0,10.0,6.67,53.33,16.67,3.33,3.33,0.0,6.67
9000003564,2026-08-01 02:00,0.0,0,0,0,0,0,0,0,0,0,0,0,0,,0.0,0.0,0.0,0.0,0.0,0.0,0.0,0.0
9000003564,2026-08-01 03:00,0.0,0,0,0,0,0,0,0,0,0,0,0,0,,0.0,0.0,0.0,0.0,0.0,0.0,0.0,0.0
9000003564,2026-08-01 04:00,0.0,0,0,0,0,0,0,0,0,0,0,0,0,,0.0,0.0,0.0,0.0,0.0,0.0,0.0,0.0
9000003564,2026-08-01 05:00,0.0,0,0,0,0,0,0,0,0,0,0,0,0,,0.0,0.0,0.0,0.0,0.0,0.0,0.0,0.0
9000003564,2026-08-01 06:00,0.14277777,0,0,0,0,0,0,14,0,14,0,0,0,33.5,0.0,0.0,50.0,50.0,0.0,0.0,0.0,0.0
9000003564,2026-08-01 07:00,0.34083334,0,0,0,3,6,9,6,0,6,0,0,0,23.5,0.0,50.0,50.0,0.0,0.0,0.0,0.0,0.0
9000003564,2026-08-01 08:00,0.71166664,1,6,7,6,6,12,22,0,22,1,0,1,35.0,0.0,5.88,47.06,41.18,0.0,0.0,5.88,0.0
9000003564,2026-08-01 09:00,0.7797222,4,3,7,5,5,10,27,1,28,6,0,6,34.5,4.55,13.64,54.55,18.18,9.09,0.0,0.0,0.0
9000003564,2026-08-01 10:00,0.7808333,8,0,8,14,5,19,32,0,32,4,0,4,38.0,0.0,4.0,44.0,44.0,4.0,4.0,0.0,0.0
9000003564,2026-08-01 11:00,0.7788889,3,4,7,14,4,18,64,1,65,9,0,9,39.5,0.0,13.73,35.29,37.25,5.88,5.88,0.0,1.96
9000003564,2026-08-01 12:00,0.7783333,3,0,3,17,5,22,66,3,69,4,0,4,34.5,7.55,3.77,58.49,24.53,1.89,1.89,0.0,1.89
9000003564,2026-08-01 13:00,0.7752778,6,5,11,14,4,18,59,4,63,8,0,8,34.5,2.04,2.04,53.06,40.82,0.0,0.0,2.04,0.0
9000003564,2026-08-01 14:00,0.78194445,5,8,13,9,5,14,55,0,55,5,0,5,40.5,0.0,2.33,44.19,37.21,16.28,0.0,0.0,0.0
9000003564,2026-08-01 15:00,0.7797222,6,14,20,9,6,15,50,1,51,9,0,9,33.5,0.0,2.5,62.5,35.0,0.0,0.0,0.0,0.0
9000003564,2026-08-01 16:00,0.7672222,4,12,16,18,8,26,46,0,46,12,0,12,34.0,5.71,0.0,60.0,25.71,2.86,2.86,0.0,2.86
9000003564,2026-08-01 17:00,0.5638889,4,5,9,35,7,42,37,4,41,5,0,5,28.0,13.04,39.13,39.13,4.35,4.35,0.0,0.0,0.0
9000003564,2026-08-01 18:00,0.65444446,0,3,3,24,6,30,37,8,45,9,3,12,29.5,31.03,17.24,37.93,13.79,0.0,0.0,0.0,0.0
9000003564,2026-08-01 19:00,0.6919444,3,4,7,27,6,33,46,3,49,9,0,9,29.0,32.35,17.65,35.29,11.76,2.94,0.0,0.0,0.0
9000003564,2026-08-01 20:00,0.60694444,5,2,7,36,12,48,30,0,30,3,0,3,31.0,0.0,17.65,64.71,17.65,0.0,0.0,0.0,0.0
9000003564,2026-08-01 21:00,0.0,0,0,0,0,0,0,0,0,0,0,0,0,,0.0,0.0,0.0,0.0,0.0,0.0,0.0,0.0
9000003564,2026-08-01 22:00,0.0,0,0,0,0,0,0,0,0,0,0,0,0,,0.0,0.0,0.0,0.0,0.0,0.0,0.0,0.0
9000003564,2026-08-01 23:00,0.0,0,0,0,0,0,0,0,0,0,0,0,0,,0.0,0.0,0.0,0.0,0.0,0.0,0.0,0.0
9000003564,2026-08-02 00:00,0.0,0,0,0,0,0,0,0,0,0,0,0,0,,0.0,0.0,0.0,0.0,0.0,0.0,0.0,0.0
9000003564,2026-08-02 02:00,0.0,0,0,0,0,0,0,0,0,0,0,0,0,,0.0,0.0,0.0,0.0,0.0,0.0,0.0,0.0
9000003564,2026-08-02 03:00,0.0,0,0,0,0,0,0,0,0,0,0,0,0,,0.0,0.0,0.0,0.0,0.0,0.0,0.0,0.0
9000003564,2026-08-02 04:00,0.0,0,0,0,0,0,0,0,0,0,0,0,0,,0.0,0.0,0.0,0.0,0.0,0.0,0.0,0.0
9000003564,2026-08-02 05:00,0.20277777,0,0,0,10,0,10,5,0,5,5,0,5,23.5,50.0,0.0,50.0,0.0,0.0,0.0,0.0,0.0
9000003564,2026-08-02 06:00,0.79444444,1,1,2,0,0,0,3,0,3,3,0,3,43.5,0.0,0.0,0.0,50.0,50.0,0.0,0.0,0.0
9000003564,2026-08-02 07:00,0.7952778,3,0,3,3,1,4,6,0,6,0,0,0,38.0,0.0,0.0,20.0,80.0,0.0,0.0,0.0,0.0
9000003564,2026-08-02 08:00,0.7961111,0,3,3,6,6,12,11,0,11,3,0,3,31.5,0.0,0.0,77.78,22.22,0.0,0.0,0.0,0.0
9000003564,2026-08-02 09:00,0.7325,0,4,4,8,7,15,19,0,19,4,0,4,39.5,14.29,7.14,28.57,35.71,0.0,0.0,0.0,14.29
9000003564,2026-08-02 10:00,0.565,4,4,8,7,12,19,28,0,28,7,0,7,27.0,6.67,46.67,40.0,0.0,6.67,0.0,0.0,0.0
9000003738,2026-08-01 02:00,0.0,0,0,0,0,0,0,0,0,0,0,0,0,,0.0,0.0,0.0,0.0,0.0,0.0,0.0,0.0
9000003738,2026-08-01 03:00,0.0,0,0,0,0,0,0,0,0,0,0,0,0,,0.0,0.0,0.0,0.0,0.0,0.0,0.0,0.0
9000003738,2026-08-01 04:00,0.0,0,0,0,0,0,0,0,0,0,0,0,0,,0.0,0.0,0.0,0.0,0.0,0.0,0.0,0.0
9000003738,2026-08-01 05:00,0.0,0,0,0,0,0,0,0,0,0,0,0,0,,0.0,0.0,0.0,0.0,0.0,0.0,0.0,0.0
9000003738,2026-08-01 06:00,0.25361112,0,0,0,0,0,0,4,0,4,0,0,0,24.0,0.0,0.0,100.0,0.0,0.0,0.0,0.0,0.0
9000003738,2026-08-01 07:00,0.7286111,1,1,2,1,1,2,3,4,7,1,1,2,31.0,20.0,20.0,40.0,20.0,0.0,0.0,0.0,0.0
9000003738,2026-08-01 08:00,0.7827778,1,0,1,4,1,5,3,10,13,0,0,0,34.5,0.0,10.0,40.0,40.0,10.0,0.0,0.0,0.0
9000003738,2026-08-01 09:00,0.745,4,1,5,1,3,4,12,17,29,1,4,5,31.5,0.0,31.82,50.0,18.18,0.0,0.0,0.0,0.0
9000003738,2026-08-01 10:00,0.7961111,6,5,11,8,4,12,8,21,29,1,3,4,34.0,0.0,17.39,60.87,17.39,4.35,0.0,0.0,0.0
9000003738,2026-08-01 11:00,0.79333335,3,4,7,8,5,13,16,43,59,1,4,5,31.5,8.51,25.53,46.81,14.89,2.13,0.0,0.0,2.13
9000003738,2026-08-01 12:00,0.7966667,9,10,19,8,15,23,11,38,49,1,9,10,31.0,5.13,25.64,51.28,17.95,0.0,0.0,0.0,0.0
9000003738,2026-08-01 13:00,0.78694445,9,10,19,8,11,19,18,27,45,1,4,5,35.0,2.86,31.43,37.14,25.71,2.86,0.0,0.0,0.0
9000003738,2026-08-01 14:00,0.7872222,8,5,13,5,5,10,13,57,70,1,3,4,33.0,10.91,16.36,43.64,25.45,1.82,1.82,0.0,0.0
9000003738,2026-08-01 15:00,0.7886111,5,6,11,8,9,17,20,28,48,4,1,5,33.0,7.89,34.21,34.21,21.05,2.63,0.0,0.0,0.0
9000003738,2026-08-01 16:00,0.7647222,4,3,7,4,13,17,14,34,48,3,0,3,30.5,8.11,21.62,54.05,10.81,2.7,2.7,0.0,0.0
9000003738,2026-08-01 17:00,0.55777776,0,4,4,7,2,9,13,11,24,2,4,6,29.0,7.69,15.38,61.54,0.0,7.69,0.0,0.0,7.69
9000003738,2026-08-01 18:00,0.7727778,3,4,7,4,8,12,5,31,36,1,0,1,45.0,7.14,7.14,35.71,32.14,7.14,0.0,3.57,7.14
9000003738,2026-08-01 19:00,0.79055554,1,10,11,4,10,14,10,23,33,1,1,2,34.0,0.0,42.31,26.92,23.08,7.69,0.0,0.0,0.0
9000003738,2026-08-01 20:00,0.7311111,3,3,6,11,11,22,12,31,43,1,0,1,43.5,3.12,21.88,46.88,9.38,15.62,3.12,0.0,0.0
9000003738,2026-08-01 21:00,0.04027778,0,0,0,0,0,0,0,0,0,0,0,0,,0.0,0.0,0.0,0.0,0.0,0.0,0.0,0.0
9000003738,2026-08-01 22:00,0.0,0,0,0,0,0,0,0,0,0,0,0,0,,0.0,0.0,0.0,0.0,0.0,0.0,0.0,0.0
9000003738,2026-08-01 23:00,0.0,0,0,0,0,0,0,0,0,0,0,0,0,,0.0,0.0,0.0,0.0,0.0,0.0,0.0,0.0
9000003738,2026-08-02 00:00,0.0,0,0,0,0,0,0,0,0,0,0,0,0,,0.0,0.0,0.0,0.0,0.0,0.0,0.0,0.0
9000003747,2026-08-01 07:00,0.0,0,0,0,0,0,0,0,0,0,0,0,0,,0.0,0.0,0.0,0.0,0.0,0.0,0.0,0.0
9000003747,2026-08-01 08:00,0.5655556,2,0,2,7,7,14,78,207,285,28,32,60,34.0,3.09,31.48,35.8,25.31,3.09,0.62,0.0,0.62
9000003747,2026-08-01 09:00,0.78055555,6,3,9,10,27,37,106,263,369,41,40,81,35.5,12.5,18.06,35.76,26.04,5.56,0.69,0.35,1.04
9000003747,2026-08-01 10:00,0.77305555,9,3,12,19,39,58,153,330,483,75,44,119,38.0,7.77,18.23,36.46,26.81,6.97,2.14,0.54,1.07
9000003747,2026-08-01 11:00,0.77805555,6,3,9,27,39,66,165,319,484,77,46,123,34.5,19.89,18.04,34.75,22.02,3.45,1.33,0.27,0.27
9000003747,2026-08-01 12:00,0.76611114,0,4,4,18,34,52,196,363,559,72,51,123,34.0,15.35,22.79,37.67,19.53,3.49,0.47,0.47,0.23
9000003747,2026-08-01 13:00,0.7733333,1,3,4,28,44,72,200,300,500,92,48,140,34.5,13.18,21.45,36.95,23.77,3.1,1.03,0.26,0.26
9000003747,2026-08-01 14:00,0.7675,5,3,8,42,38,80,190,315,505,102,44,146,34.0,13.62,20.31,38.05,22.37,3.86,1.03,0.51,0.26
9000003747,2026-08-01 15:00,0.7675,5,1,6,44,44,88,300,339,639,79,57,136,34.0,16.7,18.13,36.86,24.24,3.67,0.41,0.0,0.0
9000003747,2026-08-01 16:00,0.765,12,1,13,38,64,102,244,376,620,52,47,99,36.0,12.45,19.62,37.34,23.0,4.64,1.69,0.63,0.63
9000003747,2026-08-01 17:00,0.7008333,6,3,9,49,71,120,217,362,579,24,19,43,37.0,21.87,13.27,35.87,17.44,4.18,1.72,1.47,4.18
9000003747,2026-08-01 18:00,0.74444443,5,5,10,64,64,128,246,386,632,47,28,75,33.5,25.16,21.32,33.69,13.22,2.77,0.64,1.28,1.92
9000003747,2026-08-01 19:00,0.75555557,11,5,16,56,57,113,218,338,556,38,45,83,32.5,35.71,23.33,21.67,10.48,3.1,2.62,1.19,1.9
9000003747,2026-08-01 20:00,0.49888888,6,2,8,60,64,124,227,253,480,58,44,102,32.0,14.58,23.75,41.25,16.25,2.08,0.42,0.42,1.25
9000003747,2026-08-01 21:00,0.0,0,0,0,0,0,0,0,0,0,0,0,0,,0.0,0.0,0.0,0.0,0.0,0.0,0.0,0.0
9000003747,2026-08-01 22:00,0.0,0,0,0,0,0,0,0,0,0,0,0,0,,0.0,0.0,0.0,0.0,0.0,0.0,0.0,0.0
9000003747,2026-08-01 23:00,0.0,0,0,0,0,0,0,0,0,0,0,0,0,,0.0,0.0,0.0,0.0,0.0,0.0,0.0,0.0
9000003747,2026-08-02 00:00,0.0,0,0,0,0,0,0,0,0,0,0,0,0,,0.0,0.0,0.0,0.0,0.0,0.0,0.0,0.0
9000003760,2026-08-01 02:00,0.0,0,0,0,0,0,0,0,0,0,0,0,0,,0.0,0.0,0.0,0.0,0.0,0.0,0.0,0.0
9000003760,2026-08-01 03:00,0.0,0,0,0,0,0,0,0,0,0,0,0,0,,0.0,0.0,0.0,0.0,0.0,0.0,0.0,0.0
9000003760,2026-08-01 04:00,0.0,0,0,0,0,0,0,0,0,0,0,0,0,,0.0,0.0,0.0,0.0,0.0,0.0,0.0,0.0
9000003760,2026-08-01 05:00,0.0,0,0,0,0,0,0,0,0,0,0,0,0,,0.0,0.0,0.0,0.0,0.0,0.0,0.0,0.0
9000003760,2026-08-01 06:00,0.2361111,4,0,4,0,8,8,0,13,13,0,0,0,14.0,0.0,100.0,0.0,0.0,0.0,0.0,0.0,0.0
9000003760,2026-08-01 07:00,0.7111111,0,6,6,0,0,0,1,6,7,0,0,0,19.0,20.0,80.0,0.0,0.0,0.0,0.0,0.0,0.0
9000003760,2026-08-01 08:00,0.77416664,5,6,11,0,1,1,9,3,12,3,0,3,19.5,33.33,55.56,11.11,0.0,0.0,0.0,0.0,0.0
9000003760,2026-08-01 09:00,0.75805557,11,11,22,5,8,13,7,8,15,1,3,4,21.5,27.27,54.55,18.18,0.0,0.0,0.0,0.0,0.0
9000003760,2026-08-01 10:00,0.7619445,12,5,17,5,1,6,20,14,34,1,1,2,22.0,15.38,57.69,26.92,0.0,0.0,0.0,0.0,0.0
9000003760,2026-08-01 11:00,0.7480556,19,13,32,11,8,19,19,9,28,7,4,11,20.0,9.52,76.19,14.29,0.0,0.0,0.0,0.0,0.0
9000003760,2026-08-01 12:00,0.76944447,17,16,33,9,8,17,29,22,51,3,0,3,19.5,17.95,69.23,10.26,2.56,0.0,0.0,0.0,0.0
9000003760,2026-08-01 13:00,0.77194446,17,16,33,8,5,13,26,10,36,5,5,10,19.0,10.71,82.14,7.14,0.0,0.0,0.0,0.0,0.0
9000003760,2026-08-01 14:00,0.7663889,21,29,50,8,7,15,26,20,46,1,5,6,19.0,14.29,77.14,8.57,0.0,0.0,0.0,0.0,0.0
9000003760,2026-08-01 15:00,0.7713889,31,18,49,18,8,26,21,16,37,3,4,7,19.5,7.14,82.14,10.71,0.0,0.0,0.0,0.0,0.0
9000003760,2026-08-01 16:00,0.74277776,18,13,31,24,18,42,19,13,32,9,4,13,19.0,25.0,66.67,8.33,0.0,0.0,0.0,0.0,0.0
9000003760,2026-08-01 17:00,0.70555556,10,9,19,18,18,36,18,4,22,9,6,15,21.5,12.5,68.75,18.75,0.0,0.0,0.0,0.0,0.0
9000003760,2026-08-01 18:00,0.6413889,3,5,8,14,16,30,23,17,40,5,5,10,13.5,62.96,33.33,3.7,0.0,0.0,0.0,0.0,0.0
9000003760,2026-08-01 19:00,0.7352778,14,18,32,18,11,29,5,8,13,3,7,10,18.0,50.0,50.0,0.0,0.0,0.0,0.0,0.0,0.0
9000003760,2026-08-01 20:00,0.7625,13,13,26,8,24,32,13,12,25,0,3,3,20.5,21.05,63.16,15.79,0.0,0.0,0.0,0.0,0.0
9000003760,2026-08-01 21:00,0.0,0,0,0,0,0,0,0,0,0,0,0,0,,0.0,0.0,0.0,0.0,0.0,0.0,0.0,0.0
9000003760,2026-08-01 22:00,0.0,0,0,0,0,0,0,0,0,0,0,0,0,,0.0,0.0,0.0,0.0,0.0,0.0,0.0,0.0
9000003760,2026-08-01 23:00,0.0,0,0,0,0,0,0,0,0,0,0,0,0,,0.0,0.0,0.0,0.0,0.0,0.0,0.0,0.0
9000003760,2026-08-02 00:00,0.0,0,0,0,0,0,0,0,0,0,0,0,0,,0.0,0.0,0.0,0.0,0.0,0.0,0.0,0.0
9000003769,2026-08-01 02:00,0.0,0,0,0,0,0,0,0,0,0,0,0,0,,0.0,0.0,0.0,0.0,0.0,0.0,0.0,0.0
9000003769,2026-08-01 03:00,0.0,0,0,0,0,0,0,0,0,0,0,0,0,,0.0,0.0,0.0,0.0,0.0,0.0,0.0,0.0
9000003769,2026-08-01 04:00,0.0,0,0,0,0,0,0,0,0,0,0,0,0,,0.0,0.0,0.0,0.0,0.0,0.0,0.0,0.0
9000003769,2026-08-01 05:00,0.0,0,0,0,0,0,0,0,0,0,0,0,0,,0.0,0.0,0.0,0.0,0.0,0.0,0.0,0.0
9000003769,2026-08-01 06:00,0.6136111,0,0,0,3,0,3,62,47,109,13,3,16,49.5,0.0,1.47,8.82,35.29,41.18,4.41,7.35,1.47
9000003769,2026-08-01 07:00,0.78944445,0,0,0,0,3,3,71,35,106,14,1,15,50.5,0.0,0.0,5.95,44.05,34.52,10.71,2.38,2.38
9000003769,2026-08-01 08:00,0.7861111,0,0,0,0,0,0,70,55,125,19,11,30,48.5,0.0,0.0,9.18,47.96,30.61,7.14,4.08,1.02
9000003769,2026-08-01 09:00,0.7911111,0,0,0,3,1,4,100,63,163,16,16,32,49.5,0.0,0.0,3.1,36.43,47.29,8.53,1.55,3.1
9000003769,2026-08-01 10:00,0.7836111,0,0,0,0,3,3,123,97,220,19,13,32,47.5,0.0,1.16,9.3,45.93,33.14,7.56,1.16,1.74
9000003769,2026-08-01 11:00,0.7786111,0,1,1,1,1,2,118,90,208,18,17,35,48.5,0.0,0.62,9.94,48.45,28.57,7.45,1.86,3.11
9000003769,2026-08-01 12:00,0.7847222,0,0,0,0,1,1,186,124,310,23,20,43,49.0,1.23,0.82,6.58,44.44,34.57,7.0,3.29,2.06
9000003769,2026-08-01 13:00,0.7788889,1,0,1,0,1,1,158,117,275,23,22,45,49.5,0.0,0.93,6.54,46.73,32.24,9.81,1.87,1.87
9000003769,2026-08-01 14:00,0.785,1,0,1,3,0,3,185,122,307,33,23,56,47.5,0.41,0.41,9.13,55.19,24.07,7.05,1.66,2.07
9000003769,2026-08-01 15:00,0.78333336,1,1,2,9,4,13,259,158,417,51,28,79,49.5,0.0,0.0,5.5,42.81,38.23,10.09,2.75,0.61
9000003769,2026-08-01 16:00,0.7644445,1,0,1,4,4,8,276,102,378,56,35,91,51.0,1.04,0.69,4.5,35.99,40.48,12.46,2.77,2.08
9000003769,2026-08-01 17:00,0.7586111,0,0,0,13,7,20,160,46,206,51,16,67,56.5,0.64,0.0,8.92,33.12,31.85,17.83,3.18,4.46
9000003769,2026-08-01 18:00,0.7247222,0,0,0,12,12,24,186,91,277,19,15,34,53.0,0.5,0.5,2.99,35.32,40.3,13.43,5.47,1.49
9000003769,2026-08-01 19:00,0.7763889,0,3,3,1,4,5,176,95,271,32,17,49,53.0,0.95,0.0,4.27,35.55,36.97,15.64,3.32,3.32
9000003769,2026-08-01 20:00,0.79055554,0,0,0,5,4,9,134,124,258,13,6,19,52.5,0.49,0.49,5.39,38.24,35.78,14.22,2.45,2.94
9000003769,2026-08-01 21:00,0.0,0,0,0,0,0,0,0,0,0,0,0,0,,0.0,0.0,0.0,0.0,0.0,0.0,0.0,0.0
9000003769,2026-08-01 22:00,0.0,0,0,0,0,0,0,0,0,0,0,0,0,,0.0,0.0,0.0,0.0,0.0,0.0,0.0,0.0
9000003769,2026-08-01 23:00,0.0,0,0,0,0,0,0,0,0,0,0,0,0,,0.0,0.0,0.0,0.0,0.0,0.0,0.0,0.0
9000003769,2026-08-02 00:00,0.0,0,0,0,0,0,0,0,0,0,0,0,0,,0.0,0.0,0.0,0.0,0.0,0.0,0.0,0.0
9000003790,2026-08-01 02:00,0.0,0,0,0,0,0,0,0,0,0,0,0,0,,0.0,0.0,0.0,0.0,0.0,0.0,0.0,0.0
9000003790,2026-08-01 05:00,0.0,0,0,0,0,0,0,0,0,0,0,0,0,,0.0,0.0,0.0,0.0,0.0,0.0,0.0,0.0
9000003790,2026-08-01 06:00,0.07,0,0,0,0,71,71,300,14,314,100,57,157,40.5,50.0,30.0,0.0,5.0,15.0,0.0,0.0,0.0
9000003997,2026-08-01 02:00,0.0,0,0,0,0,0,0,0,0,0,0,0,0,,0.0,0.0,0.0,0.0,0.0,0.0,0.0,0.0
9000003997,2026-08-01 03:00,0.0,0,0,0,0,0,0,0,0,0,0,0,0,,0.0,0.0,0.0,0.0,0.0,0.0,0.0,0.0
9000003997,2026-08-01 04:00,0.0,0,0,0,0,0,0,0,0,0,0,0,0,,0.0,0.0,0.0,0.0,0.0,0.0,0.0,0.0
9000003997,2026-08-01 05:00,0.0,0,0,0,0,0,0,0,0,0,0,0,0,,0.0,0.0,0.0,0.0,0.0,0.0,0.0,0.0
9000003997,2026-08-01 06:00,0.2038889,0,0,0,0,5,5,0,0,0,0,0,0,,0.0,0.0,0.0,0.0,0.0,0.0,0.0,0.0
9000003997,2026-08-01 07:00,0.5688889,2,2,4,0,2,2,5,0,5,4,4,8,24.0,0.0,33.33,66.67,0.0,0.0,0.0,0.0,0.0
9000003997,2026-08-01 08:00,0.72444445,0,3,3,7,1,8,6,3,9,0,1,1,25.0,0.0,33.33,50.0,16.67,0.0,0.0,0.0,0.0
9000003997,2026-08-01 09:00,0.7925,5,1,6,5,6,11,9,10,19,4,3,7,21.0,26.67,53.33,20.0,0.0,0.0,0.0,0.0,0.0
9000003997,2026-08-01 10:00,0.7863889,8,3,11,11,13,24,17,22,39,1,4,5,22.0,33.33,46.67,20.0,0.0,0.0,0.0,0.0,0.0
9000003997,2026-08-01 11:00,0.77944446,4,4,8,9,9,18,12,24,36,1,3,4,24.0,17.86,42.86,39.29,0.0,0.0,0.0,0.0,0.0
9000003997,2026-08-01 12:00,0.7538889,12,11,23,17,42,59,17,27,44,0,3,3,19.0,42.42,51.52,6.06,0.0,0.0,0.0,0.0,0.0
9000003997,2026-08-01 13:00,0.77194446,12,12,24,9,19,28,28,22,50,5,1,6,20.0,10.26,76.92,12.82,0.0,0.0,0.0,0.0,0.0
9000003997,2026-08-01 14:00,0.77555555,15,12,27,23,22,45,23,32,55,1,8,9,23.5,25.58,48.84,25.58,0.0,0.0,0.0,0.0,0.0
9000003997,2026-08-01 15:00,0.77416664,21,14,35,21,39,60,30,25,55,0,6,6,21.5,19.05,61.9,16.67,2.38,0.0,0.0,0.0,0.0
9000003997,2026-08-01 16:00,0.7652778,25,9,34,20,37,57,12,22,34,5,1,6,19.5,23.08,65.38,11.54,0.0,0.0,0.0,0.0,0.0
9000003997,2026-08-01 17:00,0.7583333,8,3,11,22,32,54,8,15,23,4,5,9,18.5,23.53,70.59,5.88,0.0,0.0,0.0,0.0,0.0
9000003997,2026-08-01 18:00,0.7561111,26,19,45,16,25,41,12,22,34,3,1,4,19.5,34.62,53.85,11.54,0.0,0.0,0.0,0.0,0.0
9000003997,2026-08-01 19:00,0.78944445,20,15,35,27,37,64,10,18,28,0,1,1,18.5,31.82,63.64,4.55,0.0,0.0,0.0,0.0,0.0
9000003997,2026-08-01 20:00,0.73583335,18,10,28,20,33,53,10,15,25,0,3,3,20.5,33.33,50.0,16.67,0.0,0.0,0.0,0.0,0.0
9000003997,2026-08-01 21:00,0.0,0,0,0,0,0,0,0,0,0,0,0,0,,0.0,0.0,0.0,0.0,0.0,0.0,0.0,0.0
9000003997,2026-08-01 22:00,0.0,0,0,0,0,0,0,0,0,0,0,0,0,,0.0,0.0,0.0,0.0,0.0,0.0,0.0,0.0
9000003997,2026-08-01 23:00,0.0,0,0,0,0,0,0,0,0,0,0,0,0,,0.0,0.0,0.0,0.0,0.0,0.0,0.0,0.0
9000003997,2026-08-02 00:00,0.0,0,0,0,0,0,0,0,0,0,0,0,0,,0.0,0.0,0.0,0.0,0.0,0.0,0.0,0.0
9000004010,2026-08-01 02:00,0.0,0,0,0,0,0,0,0,0,0,0,0,0,,0.0,0.0,0.0,0.0,0.0,0.0,0.0,0.0
9000004010,2026-08-01 03:00,0.0,0,0,0,0,0,0,0,0,0,0,0,0,,0.0,0.0,0.0,0.0,0.0,0.0,0.0,0.0
9000004010,2026-08-01 04:00,0.0,0,0,0,0,0,0,0,0,0,0,0,0,,0.0,0.0,0.0,0.0,0.0,0.0,0.0,0.0
9000004010,2026-08-01 05:00,0.0,0,0,0,0,0,0,0,0,0,0,0,0,,0.0,0.0,0.0,0.0,0.0,0.0,0.0,0.0
9000004010,2026-08-01 06:00,0.0,0,0,0,0,0,0,0,0,0,0,0,0,,0.0,0.0,0.0,0.0,0.0,0.0,0.0,0.0
9000004010,2026-08-01 07:00,0.0,0,0,0,0,0,0,0,0,0,0,0,0,,0.0,0.0,0.0,0.0,0.0,0.0,0.0,0.0
9000004010,2026-08-01 08:00,0.0,0,0,0,0,0,0,0,0,0,0,0,0,,0.0,0.0,0.0,0.0,0.0,0.0,0.0,0.0
9000004010,2026-08-01 09:00,0.0,0,0,0,0,0,0,0,0,0,0,0,0,,0.0,0.0,0.0,0.0,0.0,0.0,0.0,0.0
9000004010,2026-08-01 10:00,0.0,0,0,0,0,0,0,0,0,0,0,0,0,,0.0,0.0,0.0,0.0,0.0,0.0,0.0,0.0
9000004010,2026-08-01 11:00,0.0,0,0,0,0,0,0,0,0,0,0,0,0,,0.0,0.0,0.0,0.0,0.0,0.0,0.0,0.0
9000004010,2026-08-01 12:00,0.0,0,0,0,0,0,0,0,0,0,0,0,0,,0.0,0.0,0.0,0.0,0.0,0.0,0.0,0.0
9000004010,2026-08-01 13:00,0.0,0,0,0,0,0,0,0,0,0,0,0,0,,0.0,0.0,0.0,0.0,0.0,0.0,0.0,0.0
9000004010,2026-08-01 14:00,0.0,0,0,0,0,0,0,0,0,0,0,0,0,,0.0,0.0,0.0,0.0,0.0,0.0,0.0,0.0
9000004010,2026-08-01 15:00,0.44916666,0,0,0,0,0,0,0,0,0,0,0,0,,0.0,0.0,0.0,0.0,0.0,0.0,0.0,0.0
9000004010,2026-08-01 16:00,0.5197222,0,0,0,0,0,0,0,0,0,0,0,0,,0.0,0.0,0.0,0.0,0.0,0.0,0.0,0.0
9000004010,2026-08-01 17:00,0.2488889,0,0,0,0,0,0,0,0,0,0,0,0,,0.0,0.0,0.0,0.0,0.0,0.0,0.0,0.0
9000004010,2026-08-01 18:00,0.04027778,0,0,0,0,0,0,0,0,0,0,0,0,,0.0,0.0,0.0,0.0,0.0,0.0,0.0,0.0
9000004010,2026-08-01 19:00,0.0,0,0,0,0,0,0,0,0,0,0,0,0,,0.0,0.0,0.0,0.0,0.0,0.0,0.0,0.0
9000004010,2026-08-01 20:00,0.0,0,0,0,0,0,0,0,0,0,0,0,0,,0.0,0.0,0.0,0.0,0.0,0.0,0.0,0.0
9000004010,2026-08-01 21:00,0.0,0,0,0,0,0,0,0,0,0,0,0,0,,0.0,0.0,0.0,0.0,0.0,0.0,0.0,0.0
9000004010,2026-08-01 22:00,0.0,0,0,0,0,0,0,0,0,0,0,0,0,,0.0,0.0,0.0,0.0,0.0,0.0,0.0,0.0
9000004010,2026-08-01 23:00,0.0,0,0,0,0,0,0,0,0,0,0,0,0,,0.0,0.0,0.0,0.0,0.0,0.0,0.0,0.0
9000004010,2026-08-02 00:00,0.0,0,0,0,0,0,0,0,0,0,0,0,0,,0.0,0.0,0.0,0.0,0.0,0.0,0.0,0.0
9000004016,2026-08-01 02:00,0.0,0,0,0,0,0,0,0,0,0,0,0,0,,0.0,0.0,0.0,0.0,0.0,0.0,0.0,0.0
9000004016,2026-08-01 03:00,0.0,0,0,0,0,0,0,0,0,0,0,0,0,,0.0,0.0,0.0,0.0,0.0,0.0,0.0,0.0
9000004016,2026-08-01 04:00,0.0,0,0,0,0,0,0,0,0,0,0,0,0,,0.0,0.0,0.0,0.0,0.0,0.0,0.0,0.0
9000004016,2026-08-01 05:00,0.0,0,0,0,0,0,0,0,0,0,0,0,0,,0.0,0.0,0.0,0.0,0.0,0.0,0.0,0.0
9000004016,2026-08-01 06:00,0.045555554,0,0,0,0,0,0,0,0,0,22,0,22,,0.0,0.0,0.0,0.0,0.0,0.0,0.0,0.0
9000004016,2026-08-01 07:00,0.11694445,0,0,0,0,0,0,9,9,18,0,0,0,28.5,0.0,50.0,50.0,0.0,0.0,0.0,0.0,0.0
9000004016,2026-08-01 08:00,0.5497222,2,4,6,4,5,9,5,7,12,0,0,0,33.0,0.0,28.57,42.86,14.29,14.29,0.0,0.0,0.0
9000004016,2026-08-01 09:00,0.75666666,1,0,1,4,1,5,11,7,18,1,4,5,40.0,7.69,7.69,53.85,15.38,7.69,0.0,0.0,7.69
9000004016,2026-08-01 10:00,0.79055554,4,1,5,4,11,15,11,5,16,3,1,4,30.0,23.08,23.08,38.46,15.38,0.0,0.0,0.0,0.0
9000004016,2026-08-01 11:00,0.78833336,1,0,1,13,10,23,15,13,28,3,3,6,36.0,27.27,36.36,13.64,18.18,4.55,0.0,0.0,0.0
9000004016,2026-08-01 12:00,0.5883333,2,14,16,5,10,15,12,5,17,0,0,0,37.5,0.0,50.0,20.0,20.0,0.0,0.0,0.0,10.0
9000004016,2026-08-01 13:00,0.78805554,4,4,8,9,14,23,6,24,30,0,3,3,33.5,0.0,41.67,37.5,20.83,0.0,0.0,0.0,0.0
9000004016,2026-08-01 14:00,0.76611114,1,5,6,27,14,41,21,17,38,0,1,1,29.5,10.34,48.28,27.59,10.34,0.0,0.0,3.45,0.0
9000004016,2026-08-01 15:00,0.7875,8,5,13,23,18,41,11,18,29,3,10,13,31.0,21.74,17.39,43.48,17.39,0.0,0.0,0.0,0.0
9000004016,2026-08-01 16:00,0.76,1,11,12,18,21,39,13,24,37,1,0,1,38.5,0.0,14.29,46.43,28.57,10.71,0.0,0.0,0.0
9000004016,2026-08-01 17:00,0.7138889,1,1,2,13,15,28,6,14,20,0,4,4,32.5,21.43,21.43,35.71,21.43,0.0,0.0,0.0,0.0
9000004016,2026-08-01 18:00,0.72833335,4,1,5,19,19,38,8,10,18,1,3,4,30.0,15.38,23.08,46.15,0.0,15.38,0.0,0.0,0.0
9000004016,2026-08-01 19:00,0.7652778,1,1,2,30,27,57,12,16,28,1,0,1,34.5,0.0,33.33,42.86,23.81,0.0,0.0,0.0,0.0
9000004016,2026-08-01 20:00,0.5669444,2,2,4,11,26,37,11,32,43,2,2,4,32.5,0.0,36.0,40.0,24.0,0.0,0.0,0.0,0.0
9000004016,2026-08-01 21:00,0.0,0,0,0,0,0,0,0,0,0,0,0,0,,0.0,0.0,0.0,0.0,0.0,0.0,0.0,0.0
9000004016,2026-08-01 22:00,0.0,0,0,0,0,0,0,0,0,0,0,0,0,,0.0,0.0,0.0,0.0,0.0,0.0,0.0,0.0
9000004016,2026-08-01 23:00,0.0,0,0,0,0,0,0,0,0,0,0,0,0,,0.0,0.0,0.0,0.0,0.0,0.0,0.0,0.0
9000004016,2026-08-02 00:00,0.0,0,0,0,0,0,0,0,0,0,0,0,0,,0.0,0.0,0.0,0.0,0.0,0.0,0.0,0.0
9000004024,2026-08-01 02:00,0.0,0,0,0,0,0,0,0,0,0,0,0,0,,0.0,0.0,0.0,0.0,0.0,0.0,0.0,0.0
9000004024,2026-08-01 03:00,0.0,0,0,0,0,0,0,0,0,0,0,0,0,,0.0,0.0,0.0,0.0,0.0,0.0,0.0,0.0
9000004024,2026-08-01 04:00,0.0,0,0,0,0,0,0,0,0,0,0,0,0,,0.0,0.0,0.0,0.0,0.0,0.0,0.0,0.0
9000004024,2026-08-01 05:00,0.0,0,0,0,0,0,0,0,0,0,0,0,0,,0.0,0.0,0.0,0.0,0.0,0.0,0.0,0.0
9000004024,2026-08-01 06:00,0.0,0,0,0,0,0,0,0,0,0,0,0,0,,0.0,0.0,0.0,0.0,0.0,0.0,0.0,0.0
9000004024,2026-08-01 07:00,0.086944446,0,0,0,0,0,0,0,0,0,0,0,0,,0.0,0.0,0.0,0.0,0.0,0.0,0.0,0.0
9000004024,2026-08-01 08:00,0.135,0,0,0,0,0,0,0,0,0,0,0,0,,0.0,0.0,0.0,0.0,0.0,0.0,0.0,0.0
9000004024,2026-08-01 09:00,0.4352778,0,0,0,0,0,0,0,0,0,0,0,0,,0.0,0.0,0.0,0.0,0.0,0.0,0.0,0.0
9000004024,2026-08-01 10:00,0.5752778,0,0,0,0,0,0,0,0,0,0,0,0,,0.0,0.0,0.0,0.0,0.0,0.0,0.0,0.0
9000004024,2026-08-01 11:00,0.49027777,0,0,0,0,2,2,0,0,0,0,0,0,,0.0,0.0,0.0,0.0,0.0,0.0,0.0,0.0
9000004024,2026-08-01 12:00,0.61444443,0,0,0,0,0,0,0,0,0,0,0,0,,0.0,0.0,0.0,0.0,0.0,0.0,0.0,0.0
9000004024,2026-08-01 13:00,0.42472222,0,0,0,0,0,0,0,0,0,0,0,0,,0.0,0.0,0.0,0.0,0.0,0.0,0.0,0.0
9000004024,2026-08-01 14:00,0.62777776,0,0,0,0,0,0,0,0,0,0,0,0,,0.0,0.0,0.0,0.0,0.0,0.0,0.0,0.0
9000004024,2026-08-01 15:00,0.53194445,0,0,0,0,0,0,0,0,0,0,0,0,,0.0,0.0,0.0,0.0,0.0,0.0,0.0,0.0
9000004024,2026-08-01 16:00,0.80138886,0,0,0,0,0,0,0,0,0,0,0,0,,0.0,0.0,0.0,0.0,0.0,0.0,0.0,0.0
9000004024,2026-08-01 17:00,0.77444446,0,0,0,0,0,0,0,0,0,0,0,0,,0.0,0.0,0.0,0.0,0.0,0.0,0.0,0.0
9000004024,2026-08-01 18:00,0.7888889,0,0,0,0,0,0,0,0,0,0,0,0,,0.0,0.0,0.0,0.0,0.0,0.0,0.0,0.0
9000004024,2026-08-01 19:00,0.785,0,0,0,0,0,0,0,0,0,0,0,0,,0.0,0.0,0.0,0.0,0.0,0.0,0.0,0.0
9000004024,2026-08-01 20:00,0.49333334,0,0,0,0,0,0,0,0,0,0,0,0,,0.0,0.0,0.0,0.0,0.0,0.0,0.0,0.0
9000004024,2026-08-01 21:00,0.0,0,0,0,0,0,0,0,0,0,0,0,0,,0.0,0.0,0.0,0.0,0.0,0.0,0.0,0.0
9000004024,2026-08-01 22:00,0.0,0,0,0,0,0,0,0,0,0,0,0,0,,0.0,0.0,0.0,0.0,0.0,0.0,0.0,0.0
9000004024,2026-08-01 23:00,0.0,0,0,0,0,0,0,0,0,0,0,0,0,,0.0,0.0,0.0,0.0,0.0,0.0,0.0,0.0
9000004024,2026-08-02 00:00,0.0,0,0,0,0,0,0,0,0,0,0,0,0,,0.0,0.0,0.0,0.0,0.0,0.0,0.0,0.0
9000004039,2026-08-01 02:00,0.99972224,0,0,0,0,0,0,0,0,0,0,0,0,,0.0,0.0,0.0,0.0,0.0,0.0,0.0,0.0
9000004039,2026-08-01 03:00,0.9836111,0,0,0,0,0,0,0,0,0,0,0,0,,0.0,0.0,0.0,0.0,0.0,0.0,0.0,0.0
9000004039,2026-08-01 04:00,0.98944443,0,0,0,0,0,0,0,0,0,0,0,0,,0.0,0.0,0.0,0.0,0.0,0.0,0.0,0.0
9000004039,2026-08-01 05:00,0.9961111,0,1,1,0,0,0,1,3,4,0,0,0,67.0,0.0,0.0,0.0,25.0,25.0,25.0,25.0,0.0
9000004039,2026-08-01 06:00,0.9994444,0,0,0,0,0,0,10,11,21,2,1,3,44.0,0.0,14.29,23.81,19.05,33.33,9.52,0.0,0.0
9000004039,2026-08-01 07:00,0.9994444,0,0,0,0,0,0,18,18,36,7,8,15,51.5,0.0,5.56,30.56,41.67,5.56,8.33,8.33,0.0
9000004039,2026-08-01 08:00,0.9994444,2,0,2,0,0,0,36,44,80,17,9,26,45.0,1.25,7.5,35.0,31.25,16.25,6.25,2.5,0.0
9000004039,2026-08-01 09:00,0.99916667,1,1,2,2,1,3,45,49,94,23,12,35,47.5,1.06,2.13,22.34,35.11,29.79,4.26,3.19,2.13
9000004039,2026-08-01 10:00,0.9994444,0,5,5,2,1,3,70,66,136,27,17,44,47.0,1.47,4.41,19.85,44.85,17.65,7.35,2.94,1.47
9000004039,2026-08-01 11:00,0.9994444,1,8,9,2,0,2,72,76,148,28,25,53,43.5,0.68,4.05,32.43,37.84,18.92,5.41,0.68,0.0
9000004039,2026-08-01 12:00,0.9994444,4,0,4,2,4,6,93,96,189,37,29,66,47.0,4.76,5.82,30.69,30.69,17.99,6.88,1.59,1.59
9000004039,2026-08-01 13:00,0.9994444,4,4,8,2,1,3,75,79,154,39,13,52,47.5,0.65,2.6,27.92,38.96,16.88,9.74,1.3,1.95
9000004039,2026-08-01 14:00,0.99972224,2,2,4,4,7,11,87,75,162,31,17,48,46.5,2.47,2.47,24.07,38.89,21.6,7.41,1.85,1.23
9000004039,2026-08-01 15:00,0.9994444,2,4,6,3,4,7,74,83,157,43,36,79,50.0,0.64,2.55,15.92,33.76,31.85,11.46,3.18,0.64
9000004039,2026-08-01 16:00,0.9994444,1,2,3,6,4,10,77,69,146,27,24,51,48.5,0.68,5.48,17.12,39.04,26.03,9.59,1.37,0.68
9000004039,2026-08-01 17:00,0.9994444,7,4,11,4,8,12,61,59,120,19,26,45,56.0,2.5,4.17,15.83,27.5,25.0,12.5,8.33,4.17
9000004039,2026-08-01 18:00,0.99972224,5,2,7,5,7,12,64,57,121,18,20,38,47.5,0.0,7.44,20.66,39.67,19.83,6.61,3.31,2.48
9000004039,2026-08-01 19:00,0.9994444,4,2,6,7,8,15,54,54,108,15,26,41,50.0,0.93,2.78,22.22,34.26,25.0,11.11,2.78,0.93
9000004039,2026-08-01 20:00,0.9994444,2,2,4,4,0,4,38,51,89,16,10,26,48.0,3.37,5.62,15.73,41.57,21.35,7.87,4.49,0.0
9000004039,2026-08-01 21:00,0.97444445,0,0,0,1,0,1,10,10,20,8,4,12,47.5,0.0,20.0,15.0,45.0,10.0,10.0,0.0,0.0
9000004039,2026-08-01 22:00,0.9825,0,0,0,0,0,0,0,0,0,0,0,0,,0.0,0.0,0.0,0.0,0.0,0.0,0.0,0.0
9000004039,2026-08-01 23:00,0.98388886,0,0,0,0,0,0,0,0,0,0,0,0,,0.0,0.0,0.0,0.0,0.0,0.0,0.0,0.0
9000004039,2026-08-02 00:00,0.9597222,0,0,0,0,0,0,0,0,0,0,0,0,,0.0,0.0,0.0,0.0,0.0,0.0,0.0,0.0
9000004074,2026-08-01 02:00,0.0,0,0,0,0,0,0,0,0,0,0,0,0,,0.0,0.0,0.0,0.0,0.0,0.0,0.0,0.0
9000004074,2026-08-01 03:00,0.0,0,0,0,0,0,0,0,0,0,0,0,0,,0.0,0.0,0.0,0.0,0.0,0.0,0.0,0.0
9000004074,2026-08-01 04:00,0.0,0,0,0,0,0,0,0,0,0,0,0,0,,0.0,0.0,0.0,0.0,0.0,0.0,0.0,0.0
9000004074,2026-08-01 05:00,0.0,0,0,0,0,0,0,0,0,0,0,0,0,,0.0,0.0,0.0,0.0,0.0,0.0,0.0,0.0
9000004074,2026-08-01 06:00,0.42916667,0,0,0,0,0,0,0,2,2,0,0,0,24.0,0.0,0.0,100.0,0.0,0.0,0.0,0.0,0.0
9000004074,2026-08-01 07:00,0.6438889,0,2,2,0,3,3,3,3,6,0,2,2,26.5,0.0,75.0,25.0,0.0,0.0,0.0,0.0,0.0
9000004074,2026-08-01 08:00,0.58166665,3,2,5,0,0,0,7,2,9,0,7,7,19.5,0.0,83.33,0.0,16.67,0.0,0.0,0.0,0.0
9000004074,2026-08-01 09:00,0.7783333,6,3,9,5,3,8,17,18,35,0,0,0,28.5,14.81,40.74,37.04,7.41,0.0,0.0,0.0,0.0
9000004074,2026-08-01 10:00,0.78555554,11,4,15,3,5,8,18,17,35,0,0,0,33.0,11.11,33.33,29.63,22.22,0.0,0.0,3.7,0.0
9000004074,2026-08-01 11:00,0.77166665,10,6,16,12,5,17,27,17,44,0,3,3,29.0,5.88,44.12,38.24,8.82,0.0,0.0,0.0,2.94
9000004074,2026-08-01 12:00,0.765,14,13,27,10,12,22,21,17,38,1,5,6,28.0,6.9,51.72,31.03,10.34,0.0,0.0,0.0,0.0
9000004074,2026-08-01 13:00,0.78055555,10,8,18,14,12,26,33,22,55,1,1,2,24.5,13.95,48.84,25.58,9.3,0.0,0.0,0.0,2.33
9000004074,2026-08-01 14:00,0.7783333,19,10,29,18,8,26,35,17,52,1,4,5,23.0,22.5,50.0,20.0,5.0,2.5,0.0,0.0,0.0
9000004074,2026-08-01 15:00,0.7713889,16,8,24,12,13,25,26,26,52,3,1,4,23.0,15.0,62.5,17.5,2.5,2.5,0.0,0.0,0.0
9000004074,2026-08-01 16:00,0.7211111,19,6,25,18,18,36,17,21,38,0,4,4,28.5,29.63,48.15,11.11,7.41,0.0,0.0,0.0,3.7
9000004074,2026-08-01 17:00,0.6613889,20,15,35,35,17,52,23,27,50,2,2,4,23.5,30.3,39.39,21.21,6.06,3.03,0.0,0.0,0.0
9000004074,2026-08-01 18:00,0.62027776,3,2,5,29,19,48,8,16,24,0,0,0,19.5,33.33,53.33,0.0,13.33,0.0,0.0,0.0,0.0
9000004074,2026-08-01 19:00,0.65444446,11,9,20,31,26,57,31,32,63,2,5,7,17.5,46.34,43.9,4.88,2.44,2.44,0.0,0.0,0.0
9000004074,2026-08-01 20:00,0.705,4,14,18,10,24,34,27,23,50,3,3,6,19.0,25.71,62.86,2.86,0.0,0.0,2.86,0.0,5.71
9000004074,2026-08-01 21:00,0.0025,0,0,0,0,0,0,0,0,0,0,0,0,,0.0,0.0,0.0,0.0,0.0,0.0,0.0,0.0
9000004074,2026-08-01 22:00,0.0,0,0,0,0,0,0,0,0,0,0,0,0,,0.0,0.0,0.0,0.0,0.0,0.0,0.0,0.0
9000004074,2026-08-01 23:00,0.0,0,0,0,0,0,0,0,0,0,0,0,0,,0.0,0.0,0.0,0.0,0.0,0.0,0.0,0.0
9000004074,2026-08-02 00:00,0.0,0,0,0,0,0,0,0,0,0,0,0,0,,0.0,0.0,0.0,0.0,0.0,0.0,0.0,0.0
9000004118,2026-08-01 02:00,0.0,0,0,0,0,0,0,0,0,0,0,0,0,,0.0,0.0,0.0,0.0,0.0,0.0,0.0,0.0
9000004118,2026-08-01 03:00,0.0,0,0,0,0,0,0,0,0,0,0,0,0,,0.0,0.0,0.0,0.0,0.0,0.0,0.0,0.0
9000004118,2026-08-01 04:00,0.0,0,0,0,0,0,0,0,0,0,0,0,0,,0.0,0.0,0.0,0.0,0.0,0.0,0.0,0.0
9000004118,2026-08-01 05:00,0.0,0,0,0,0,0,0,0,0,0,0,0,0,,0.0,0.0,0.0,0.0,0.0,0.0,0.0,0.0
9000004118,2026-08-01 06:00,0.0,0,0,0,0,0,0,0,0,0,0,0,0,,0.0,0.0,0.0,0.0,0.0,0.0,0.0,0.0
9000004118,2026-08-01 07:00,0.0,0,0,0,0,0,0,0,0,0,0,0,0,,0.0,0.0,0.0,0.0,0.0,0.0,0.0,0.0
9000004118,2026-08-01 08:00,0.0,0,0,0,0,0,0,0,0,0,0,0,0,,0.0,0.0,0.0,0.0,0.0,0.0,0.0,0.0
9000004118,2026-08-01 09:00,0.0,0,0,0,0,0,0,0,0,0,0,0,0,,0.0,0.0,0.0,0.0,0.0,0.0,0.0,0.0
9000004118,2026-08-01 10:00,0.0,0,0,0,0,0,0,0,0,0,0,0,0,,0.0,0.0,0.0,0.0,0.0,0.0,0.0,0.0
9000004118,2026-08-01 11:00,0.0,0,0,0,0,0,0,0,0,0,0,0,0,,0.0,0.0,0.0,0.0,0.0,0.0,0.0,0.0
9000004118,2026-08-01 12:00,0.0,0,0,0,0,0,0,0,0,0,0,0,0,,0.0,0.0,0.0,0.0,0.0,0.0,0.0,0.0
9000004118,2026-08-01 13:00,0.0,0,0,0,0,0,0,0,0,0,0,0,0,,0.0,0.0,0.0,0.0,0.0,0.0,0.0,0.0
9000004118,2026-08-01 14:00,0.0,0,0,0,0,0,0,0,0,0,0,0,0,,0.0,0.0,0.0,0.0,0.0,0.0,0.0,0.0
9000004118,2026-08-01 15:00,0.0,0,0,0,0,0,0,0,0,0,0,0,0,,0.0,0.0,0.0,0.0,0.0,0.0,0.0,0.0
9000004118,2026-08-01 16:00,0.040555555,0,0,0,0,0,0,0,0,0,0,0,0,,0.0,0.0,0.0,0.0,0.0,0.0,0.0,0.0
9000004118,2026-08-01 17:00,0.04083333,0,0,0,0,0,0,0,0,0,0,0,0,,0.0,0.0,0.0,0.0,0.0,0.0,0.0,0.0
9000004118,2026-08-01 18:00,0.0,0,0,0,0,0,0,0,0,0,0,0,0,,0.0,0.0,0.0,0.0,0.0,0.0,0.0,0.0
9000004118,2026-08-01 19:00,0.0,0,0,0,0,0,0,0,0,0,0,0,0,,0.0,0.0,0.0,0.0,0.0,0.0,0.0,0.0
9000004118,2026-08-01 20:00,0.0,0,0,0,0,0,0,0,0,0,0,0,0,,0.0,0.0,0.0,0.0,0.0,0.0,0.0,0.0
9000004118,2026-08-01 21:00,0.0,0,0,0,0,0,0,0,0,0,0,0,0,,0.0,0.0,0.0,0.0,0.0,0.0,0.0,0.0
9000004118,2026-08-01 22:00,0.0,0,0,0,0,0,0,0,0,0,0,0,0,,0.0,0.0,0.0,0.0,0.0,0.0,0.0,0.0
9000004118,2026-08-01 23:00,0.0,0,0,0,0,0,0,0,0,0,0,0,0,,0.0,0.0,0.0,0.0,0.0,0.0,0.0,0.0
9000004118,2026-08-02 00:00,0.0,0,0,0,0,0,0,0,0,0,0,0,0,,0.0,0.0,0.0,0.0,0.0,0.0,0.0,0.0
9000004129,2026-08-01 02:00,0.99916667,0,0,0,0,0,0,0,1,1,0,0,0,29.0,0.0,0.0,100.0,0.0,0.0,0.0,0.0,0.0
9000004129,2026-08-01 03:00,0.9994444,0,0,0,0,0,0,0,1,1,0,0,0,24.0,0.0,0.0,100.0,0.0,0.0,0.0,0.0,0.0
9000004129,2026-08-01 04:00,0.99916667,0,0,0,0,0,0,0,2,2,0,0,0,43.5,0.0,0.0,50.0,0.0,50.0,0.0,0.0,0.0
9000004129,2026-08-01 05:00,0.99916667,1,0,1,1,1,2,10,15,25,3,5,8,53.5,0.0,0.0,8.0,48.0,20.0,20.0,4.0,0.0
9000004129,2026-08-01 06:00,0.9994444,0,0,0,6,1,7,24,27,51,6,4,10,49.5,0.0,0.0,17.65,35.29,33.33,7.84,3.92,1.96
9000004129,2026-08-01 07:00,0.9994444,0,2,2,1,1,2,31,44,75,10,6,16,50.0,0.0,0.0,14.67,30.67,40.0,5.33,5.33,4.0
9000004129,2026-08-01 08:00,0.9994444,1,0,1,2,2,4,59,76,135,9,7,16,52.0,0.0,0.74,8.15,34.81,38.52,10.37,3.7,3.7
9000004129,2026-08-01 09:00,0.9994444,12,11,23,13,13,26,99,129,228,12,21,33,48.5,0.44,3.51,8.33,39.91,36.84,8.77,1.75,0.44
9000004129,2026-08-01 10:00,0.99972224,9,8,17,21,15,36,172,180,352,26,11,37,48.5,0.57,1.14,13.35,42.61,31.53,7.1,2.27,1.42
9000004129,2026-08-01 11:00,0.9994444,8,3,11,14,5,19,175,191,366,14,14,28,48.0,1.37,3.28,16.12,39.07,29.51,7.65,1.64,1.37
9000004129,2026-08-01 12:00,0.99916667,8,9,17,12,5,17,202,184,386,23,12,35,49.0,0.78,2.33,15.54,41.19,27.72,8.55,2.07,1.81
9000004129,2026-08-01 13:00,0.99916667,18,11,29,20,10,30,198,181,379,23,11,34,47.0,0.79,2.9,15.3,39.58,33.25,5.8,1.32,1.06
9000004129,2026-08-01 14:00,0.99972224,14,12,26,9,7,16,215,153,368,26,12,38,47.5,1.36,2.17,12.77,42.66,31.79,4.89,2.72,1.63
9000004129,2026-08-01 15:00,0.9994444,15,18,33,19,14,33,197,111,308,24,12,36,48.5,0.65,1.3,12.99,38.64,36.69,6.49,1.95,1.3
9000004129,2026-08-01 16:00,0.9994444,21,10,31,22,29,51,148,118,266,22,12,34,47.5,0.38,0.75,10.15,40.6,39.1,3.76,3.76,1.5
9000004129,2026-08-01 17:00,0.99916667,15,19,34,41,32,73,151,117,268,16,8,24,49.5,0.75,1.12,14.18,42.91,26.49,8.58,3.36,2.61
9000004129,2026-08-01 18:00,0.9994444,15,27,42,32,20,52,122,113,235,16,12,28,49.5,0.85,0.43,13.62,41.28,29.79,8.09,4.68,1.28
9000004129,2026-08-01 19:00,0.99972224,13,15,28,19,13,32,120,109,229,10,6,16,51.5,3.06,1.31,14.85,36.68,26.64,11.79,3.93,1.75
9000004129,2026-08-01 20:00,0.99972224,21,6,27,22,10,32,94,71,165,8,7,15,50.5,0.0,0.61,14.55,44.24,24.85,12.12,3.03,0.61
9000004129,2026-08-01 21:00,0.99972224,5,0,5,2,3,5,10,22,32,2,3,5,47.0,0.0,6.25,21.88,43.75,25.0,3.12,0.0,0.0
9000004129,2026-08-01 22:00,0.99916667,0,0,0,0,0,0,0,0,0,0,0,0,,0.0,0.0,0.0,0.0,0.0,0.0,0.0,0.0
9000004129,2026-08-01 23:00,0.9994444,0,0,0,0,0,0,0,0,0,0,0,0,,0.0,0.0,0.0,0.0,0.0,0.0,0.0,0.0
9000004129,2026-08-02 00:00,0.99916667,0,0,0,0,0,0,0,1,1,0,0,0,29.0,0.0,0.0,100.0,0.0,0.0,0.0,0.0,0.0
9000004233,2026-08-01 02:00,0.0,0,0,0,0,0,0,0,0,0,0,0,0,,0.0,0.0,0.0,0.0,0.0,0.0,0.0,0.0
9000004233,2026-08-01 03:00,0.0,0,0,0,0,0,0,0,0,0,0,0,0,,0.0,0.0,0.0,0.0,0.0,0.0,0.0,0.0
9000004233,2026-08-01 04:00,0.0,0,0,0,0,0,0,0,0,0,0,0,0,,0.0,0.0,0.0,0.0,0.0,0.0,0.0,0.0
9000004233,2026-08-01 05:00,0.0,0,0,0,0,0,0,0,0,0,0,0,0,,0.0,0.0,0.0,0.0,0.0,0.0,0.0,0.0
9000004233,2026-08-01 06:00,0.285,0,0,0,0,0,0,0,4,4,0,0,0,32.0,0.0,100.0,0.0,0.0,0.0,0.0,0.0,0.0
9000004233,2026-08-01 07:00,0.6508333,0,2,2,2,0,2,3,5,8,0,0,0,110.5,0.0,0.0,50.0,33.33,0.0,0.0,0.0,16.67
9000004233,2026-08-01 08:00,0.8005555,0,0,0,2,4,6,14,5,19,0,1,1,34.5,0.0,20.0,53.33,20.0,6.67,0.0,0.0,0.0
9000004233,2026-08-01 09:00,0.7936111,1,1,2,5,6,11,14,10,24,0,1,1,32.0,0.0,26.32,52.63,21.05,0.0,0.0,0.0,0.0
9000004233,2026-08-01 10:00,0.7936111,1,1,2,11,8,19,26,8,34,1,3,4,36.5,3.7,3.7,48.15,37.04,7.41,0.0,0.0,0.0
9000004233,2026-08-01 11:00,0.7808333,3,3,6,9,6,15,23,17,40,3,0,3,33.5,3.23,16.13,54.84,22.58,0.0,3.23,0.0,0.0
9000004233,2026-08-01 12:00,0.79555553,1,3,4,11,20,31,24,18,42,3,1,4,32.5,6.06,6.06,63.64,24.24,0.0,0.0,0.0,0.0
9000004233,2026-08-01 13:00,0.79194444,1,5,6,13,14,27,18,13,31,3,0,3,37.5,8.33,8.33,41.67,37.5,0.0,0.0,0.0,4.17
9000004233,2026-08-01 14:00,0.80222225,2,4,6,15,10,25,20,35,55,5,0,5,37.0,2.27,9.09,45.45,34.09,6.82,2.27,0.0,0.0
9000004233,2026-08-01 15:00,0.7980555,9,6,15,15,11,26,18,13,31,1,0,1,37.5,4.17,0.0,45.83,45.83,4.17,0.0,0.0,0.0
9000004233,2026-08-01 16:00,0.7763889,4,8,12,23,27,50,24,15,39,8,3,11,32.5,16.13,3.23,54.84,22.58,3.23,0.0,0.0,0.0
9000004233,2026-08-01 17:00,0.7519444,13,3,16,23,15,38,12,15,27,16,3,19,28.0,25.0,15.0,55.0,5.0,0.0,0.0,0.0,0.0
9000004233,2026-08-01 18:00,0.75777775,12,9,21,13,9,22,3,12,15,0,0,0,33.5,9.09,9.09,54.55,27.27,0.0,0.0,0.0,0.0
9000004233,2026-08-01 19:00,0.7777778,3,5,8,8,12,20,15,3,18,0,0,0,39.5,7.14,21.43,28.57,28.57,7.14,0.0,7.14,0.0
9000004233,2026-08-01 20:00,0.77305555,0,0,0,6,8,14,5,8,13,0,0,0,32.0,0.0,10.0,70.0,10.0,10.0,0.0,0.0,0.0
9000004233,2026-08-01 21:00,0.04888889,0,0,0,0,0,0,0,0,0,0,0,0,,0.0,0.0,0.0,0.0,0.0,0.0,0.0,0.0
9000004233,2026-08-01 22:00,0.0,0,0,0,0,0,0,0,0,0,0,0,0,,0.0,0.0,0.0,0.0,0.0,0.0,0.0,0.0
9000004233,2026-08-01 23:00,0.0,0,0,0,0,0,0,0,0,0,0,0,0,,0.0,0.0,0.0,0.0,0.0,0.0,0.0,0.0
9000004233,2026-08-02 00:00,0.0,0,0,0,0,0,0,0,0,0,0,0,0,,0.0,0.0,0.0,0.0,0.0,0.0,0.0,0.0
9000004284,2026-08-01 02:00,0.0,0,0,0,0,0,0,0,0,0,0,0,0,,0.0,0.0,0.0,0.0,0.0,0.0,0.0,0.0
9000004284,2026-08-01 03:00,0.0,0,0,0,0,0,0,0,0,0,0,0,0,,0.0,0.0,0.0,0.0,0.0,0.0,0.0,0.0
9000004284,2026-08-01 04:00,0.0,0,0,0,0,0,0,0,0,0,0,0,0,,0.0,0.0,0.0,0.0,0.0,0.0,0.0,0.0
9000004284,2026-08-01 05:00,0.0,0,0,0,0,0,0,0,0,0,0,0,0,,0.0,0.0,0.0,0.0,0.0,0.0,0.0,0.0
9000004284,2026-08-01 06:00,0.0,0,0,0,0,0,0,0,0,0,0,0,0,,0.0,0.0,0.0,0.0,0.0,0.0,0.0,0.0
9000004284,2026-08-01 07:00,0.0,0,0,0,0,0,0,0,0,0,0,0,0,,0.0,0.0,0.0,0.0,0.0,0.0,0.0,0.0
9000004284,2026-08-01 08:00,0.24083333,0,0,0,0,0,0,0,0,0,0,0,0,,0.0,0.0,0.0,0.0,0.0,0.0,0.0,0.0
9000004284,2026-08-01 09:00,0.6141667,2,0,2,0,0,0,2,0,2,0,0,0,4.0,100.0,0.0,0.0,0.0,0.0,0.0,0.0,0.0
9000004284,2026-08-01 10:00,0.43361112,0,0,0,0,0,0,0,0,0,0,0,0,,0.0,0.0,0.0,0.0,0.0,0.0,0.0,0.0
9000004284,2026-08-01 11:00,0.5461111,0,0,0,0,0,0,0,0,0,0,0,0,,0.0,0.0,0.0,0.0,0.0,0.0,0.0,0.0
9000004284,2026-08-01 12:00,0.50277776,0,0,0,0,0,0,0,0,0,0,0,0,,0.0,0.0,0.0,0.0,0.0,0.0,0.0,0.0
9000004284,2026-08-01 13:00,0.51916665,0,0,0,0,0,0,0,0,0,0,0,0,,0.0,0.0,0.0,0.0,0.0,0.0,0.0,0.0
9000004284,2026-08-01 14:00,0.5775,0,0,0,0,3,3,0,0,0,0,0,0,,0.0,0.0,0.0,0.0,0.0,0.0,0.0,0.0
9000004284,2026-08-01 15:00,0.73583335,0,0,0,0,0,0,0,0,0,0,0,0,,0.0,0.0,0.0,0.0,0.0,0.0,0.0,0.0
9000004284,2026-08-01 16:00,0.72555554,0,0,0,0,0,0,0,0,0,0,0,0,,0.0,0.0,0.0,0.0,0.0,0.0,0.0,0.0
9000004284,2026-08-01 17:00,0.71194446,0,0,0,0,10,10,0,4,4,0,0,0,22.5,66.67,0.0,33.33,0.0,0.0,0.0,0.0,0.0
9000004284,2026-08-01 18:00,0.64194447,0,0,0,0,0,0,0,0,0,0,0,0,,0.0,0.0,0.0,0.0,0.0,0.0,0.0,0.0
9000004284,2026-08-01 19:00,0.44694445,0,0,0,0,0,0,0,0,0,0,0,0,,0.0,0.0,0.0,0.0,0.0,0.0,0.0,0.0
9000004284,2026-08-01 20:00,0.3863889,0,0,0,0,0,0,0,0,0,0,0,0,,0.0,0.0,0.0,0.0,0.0,0.0,0.0,0.0
9000004284,2026-08-01 21:00,0.0,0,0,0,0,0,0,0,0,0,0,0,0,,0.0,0.0,0.0,0.0,0.0,0.0,0.0,0.0
9000004284,2026-08-01 22:00,0.0,0,0,0,0,0,0,0,0,0,0,0,0,,0.0,0.0,0.0,0.0,0.0,0.0,0.0,0.0
9000004284,2026-08-01 23:00,0.0,0,0,0,0,0,0,0,0,0,0,0,0,,0.0,0.0,0.0,0.0,0.0,0.0,0.0,0.0
9000004284,2026-08-02 00:00,0.0,0,0,0,0,0,0,0,0,0,0,0,0,,0.0,0.0,0.0,0.0,0.0,0.0,0.0,0.0
9000004471,2026-08-01 02:00,0.0,0,0,0,0,0,0,0,0,0,0,0,0,,0.0,0.0,0.0,0.0,0.0,0.0,0.0,0.0
9000004471,2026-08-01 03:00,0.0,0,0,0,0,0,0,0,0,0,0,0,0,,0.0,0.0,0.0,0.0,0.0,0.0,0.0,0.0
9000004471,2026-08-01 04:00,0.0,0,0,0,0,0,0,0,0,0,0,0,0,,0.0,0.0,0.0,0.0,0.0,0.0,0.0,0.0
9000004471,2026-08-01 05:00,0.0,0,0,0,0,0,0,0,0,0,0,0,0,,0.0,0.0,0.0,0.0,0.0,0.0,0.0,0.0
9000004471,2026-08-01 06:00,0.0,0,0,0,0,0,0,0,0,0,0,0,0,,0.0,0.0,0.0,0.0,0.0,0.0,0.0,0.0
9000004471,2026-08-01 07:00,0.24194445,4,4,8,0,0,0,17,12,29,0,0,0,28.0,0.0,37.5,50.0,12.5,0.0,0.0,0.0,0.0
9000004471,2026-08-01 08:00,0.49388888,0,2,2,2,0,2,2,6,8,0,2,2,32.0,25.0,25.0,25.0,25.0,0.0,0.0,0.0,0.0
9000004471,2026-08-01 09:00,0.7411111,1,1,2,4,1,5,16,18,34,1,0,1,31.5,0.0,16.0,64.0,16.0,4.0,0.0,0.0,0.0
9000004471,2026-08-01 10:00,0.735,1,1,2,3,0,3,8,12,20,1,3,4,29.0,6.67,26.67,53.33,6.67,6.67,0.0,0.0,0.0
9000004471,2026-08-01 11:00,0.7347222,0,3,3,1,1,2,22,23,45,3,0,3,29.0,6.06,30.3,57.58,6.06,0.0,0.0,0.0,0.0
9000004471,2026-08-01 12:00,0.7411111,4,3,7,1,1,2,18,20,38,5,0,5,29.0,3.57,21.43,64.29,10.71,0.0,0.0,0.0,0.0
9000004471,2026-08-01 13:00,0.74027777,3,4,7,4,0,4,15,23,38,1,4,5,28.5,14.29,25.0,53.57,7.14,0.0,0.0,0.0,0.0
9000004471,2026-08-01 14:00,0.7416667,4,4,8,0,3,3,23,12,35,3,0,3,33.0,3.85,11.54,65.38,15.38,3.85,0.0,0.0,0.0
9000004471,2026-08-01 15:00,0.75472224,5,7,12,7,0,7,15,13,28,1,4,5,31.0,0.0,19.05,61.9,19.05,0.0,0.0,0.0,0.0
9000004471,2026-08-01 16:00,0.7372222,4,4,8,3,3,6,7,12,19,3,0,3,35.0,21.43,14.29,35.71,21.43,0.0,7.14,0.0,0.0
9000004471,2026-08-01 17:00,0.6627778,6,5,11,5,9,14,23,12,35,0,2,2,38.0,8.7,13.04,39.13,30.43,8.7,0.0,0.0,0.0
9000004471,2026-08-01 18:00,0.69916666,0,6,6,7,9,16,11,13,24,3,0,3,31.0,0.0,41.18,41.18,17.65,0.0,0.0,0.0,0.0
9000004471,2026-08-01 19:00,0.7672222,4,3,7,4,4,8,20,10,30,0,0,0,28.0,4.35,39.13,47.83,8.7,0.0,0.0,0.0,0.0
9000004471,2026-08-01 20:00,0.5441667,6,6,12,0,2,2,7,15,22,0,0,0,25.0,0.0,8.33,83.33,8.33,0.0,0.0,0.0,0.0
9000004471,2026-08-01 21:00,0.0,0,0,0,0,0,0,0,0,0,0,0,0,,0.0,0.0,0.0,0.0,0.0,0.0,0.0,0.0
9000004471,2026-08-01 22:00,0.0,0,0,0,0,0,0,0,0,0,0,0,0,,0.0,0.0,0.0,0.0,0.0,0.0,0.0,0.0
9000004471,2026-08-01 23:00,0.0,0,0,0,0,0,0,0,0,0,0,0,0,,0.0,0.0,0.0,0.0,0.0,0.0,0.0,0.0
9000004471,2026-08-02 00:00,0.0,0,0,0,0,0,0,0,0,0,0,0,0,,0.0,0.0,0.0,0.0,0.0,0.0,0.0,0.0
9000004471,2026-08-02 02:00,0.0,0,0,0,0,0,0,0,0,0,0,0,0,,0.0,0.0,0.0,0.0,0.0,0.0,0.0,0.0
9000004471,2026-08-02 03:00,0.0,0,0,0,0,0,0,0,0,0,0,0,0,,0.0,0.0,0.0,0.0,0.0,0.0,0.0,0.0
9000004471,2026-08-02 04:00,0.0,0,0,0,0,0,0,0,0,0,0,0,0,,0.0,0.0,0.0,0.0,0.0,0.0,0.0,0.0
9000004471,2026-08-02 05:00,0.086388886,12,0,12,0,0,0,23,0,23,0,0,0,43.5,0.0,0.0,50.0,0.0,50.0,0.0,0.0,0.0
9000004471,2026-08-02 06:00,0.76861113,0,3,3,0,1,1,1,0,1,0,0,0,24.0,0.0,0.0,100.0,0.0,0.0,0.0,0.0,0.0
9000004471,2026-08-02 07:00,0.79194444,1,0,1,0,0,0,4,5,9,0,0,0,30.0,14.29,0.0,71.43,14.29,0.0,0.0,0.0,0.0
9000004471,2026-08-02 08:00,0.78055555,0,4,4,1,1,2,6,6,12,0,0,0,31.0,10.0,30.0,40.0,20.0,0.0,0.0,0.0,0.0
9000004471,2026-08-02 09:00,0.7,0,4,4,1,1,2,7,7,14,1,0,1,28.0,10.0,10.0,70.0,10.0,0.0,0.0,0.0,0.0
9000004471,2026-08-02 10:00,0.6963889,3,4,7,1,6,7,3,13,16,1,1,2,27.0,0.0,45.45,45.45,9.09,0.0,0.0,0.0,0.0
9000004546,2026-08-01 02:00,0.0,0,0,0,0,0,0,0,0,0,0,0,0,,0.0,0.0,0.0,0.0,0.0,0.0,0.0,0.0
9000004546,2026-08-01 03:00,0.0,0,0,0,0,0,0,0,0,0,0,0,0,,0.0,0.0,0.0,0.0,0.0,0.0,0.0,0.0
9000004546,2026-08-01 04:00,0.0,0,0,0,0,0,0,0,0,0,0,0,0,,0.0,0.0,0.0,0.0,0.0,0.0,0.0,0.0
9000004546,2026-08-01 05:00,0.0,0,0,0,0,0,0,0,0,0,0,0,0,,0.0,0.0,0.0,0.0,0.0,0.0,0.0,0.0
9000004546,2026-08-01 06:00,0.0,0,0,0,0,0,0,0,0,0,0,0,0,,0.0,0.0,0.0,0.0,0.0,0.0,0.0,0.0
9000004546,2026-08-01 07:00,0.0,0,0,0,0,0,0,0,0,0,0,0,0,,0.0,0.0,0.0,0.0,0.0,0.0,0.0,0.0
9000004546,2026-08-01 08:00,0.040555555,0,0,0,0,0,0,0,0,0,0,0,0,,0.0,0.0,0.0,0.0,0.0,0.0,0.0,0.0
9000004546,2026-08-01 09:00,0.42277777,0,0,0,0,0,0,0,0,0,0,0,0,,0.0,0.0,0.0,0.0,0.0,0.0,0.0,0.0
9000004546,2026-08-01 10:00,0.3702778,0,0,0,0,0,0,0,0,0,0,0,0,,0.0,0.0,0.0,0.0,0.0,0.0,0.0,0.0
9000004546,2026-08-01 11:00,0.36333334,0,0,0,0,0,0,0,0,0,0,0,0,,0.0,0.0,0.0,0.0,0.0,0.0,0.0,0.0
9000004546,2026-08-01 12:00,0.083333336,0,0,0,0,0,0,0,0,0,0,0,0,,0.0,0.0,0.0,0.0,0.0,0.0,0.0,0.0
9000004546,2026-08-01 13:00,0.46333334,0,0,0,0,0,0,0,0,0,0,0,0,,0.0,0.0,0.0,0.0,0.0,0.0,0.0,0.0
9000004546,2026-08-01 14:00,0.53305554,0,0,0,0,0,0,0,0,0,0,0,0,,0.0,0.0,0.0,0.0,0.0,0.0,0.0,0.0
9000004546,2026-08-01 15:00,0.45694444,0,0,0,0,0,0,0,0,0,0,0,0,,0.0,0.0,0.0,0.0,0.0,0.0,0.0,0.0
9000004546,2026-08-01 16:00,0.60833335,0,0,0,0,0,0,0,0,0,0,0,0,,0.0,0.0,0.0,0.0,0.0,0.0,0.0,0.0
9000004546,2026-08-01 17:00,0.3188889,0,0,0,0,0,0,0,0,0,0,0,0,,0.0,0.0,0.0,0.0,0.0,0.0,0.0,0.0
9000004546,2026-08-01 18:00,0.21055555,0,0,0,0,0,0,0,0,0,0,0,0,,0.0,0.0,0.0,0.0,0.0,0.0,0.0,0.0
9000004546,2026-08-01 19:00,0.0,0,0,0,0,0,0,0,0,0,0,0,0,,0.0,0.0,0.0,0.0,0.0,0.0,0.0,0.0
9000004546,2026-08-01 20:00,0.0,0,0,0,0,0,0,0,0,0,0,0,0,,0.0,0.0,0.0,0.0,0.0,0.0,0.0,0.0
9000004546,2026-08-01 21:00,0.0,0,0,0,0,0,0,0,0,0,0,0,0,,0.0,0.0,0.0,0.0,0.0,0.0,0.0,0.0
9000004546,2026-08-01 22:00,0.0,0,0,0,0,0,0,0,0,0,0,0,0,,0.0,0.0,0.0,0.0,0.0,0.0,0.0,0.0
9000004546,2026-08-01 23:00,0.0,0,0,0,0,0,0,0,0,0,0,0,0,,0.0,0.0,0.0,0.0,0.0,0.0,0.0,0.0
9000004546,2026-08-02 00:00,0.0,0,0,0,0,0,0,0,0,0,0,0,0,,0.0,0.0,0.0,0.0,0.0,0.0,0.0,0.0
9000004546,2026-08-02 02:00,0.0,0,0,0,0,0,0,0,0,0,0,0,0,,0.0,0.0,0.0,0.0,0.0,0.0,0.0,0.0
9000004546,2026-08-02 03:00,0.0,0,0,0,0,0,0,0,0,0,0,0,0,,0.0,0.0,0.0,0.0,0.0,0.0,0.0,0.0
9000004546,2026-08-02 04:00,0.0,0,0,0,0,0,0,0,0,0,0,0,0,,0.0,0.0,0.0,0.0,0.0,0.0,0.0,0.0
9000004546,2026-08-02 05:00,0.0,0,0,0,0,0,0,0,0,0,0,0,0,,0.0,0.0,0.0,0.0,0.0,0.0,0.0,0.0
9000004546,2026-08-02 06:00,0.32777777,0,0,0,0,0,0,0,0,0,0,0,0,,0.0,0.0,0.0,0.0,0.0,0.0,0.0,0.0
9000004546,2026-08-02 07:00,0.48194444,0,0,0,0,0,0,0,0,0,0,0,0,,0.0,0.0,0.0,0.0,0.0,0.0,0.0,0.0
9000004546,2026-08-02 08:00,0.7172222,0,0,0,0,0,0,0,0,0,0,0,0,,0.0,0.0,0.0,0.0,0.0,0.0,0.0,0.0
9000004546,2026-08-02 09:00,0.5308333,0,0,0,0,0,0,0,0,0,0,0,0,,0.0,0.0,0.0,0.0,0.0,0.0,0.0,0.0
9000004546,2026-08-02 10:00,0.37638888,0,0,0,0,0,0,0,0,0,0,0,0,,0.0,0.0,0.0,0.0,0.0,0.0,0.0,0.0
9000004561,2026-08-01 02:00,0.0,0,0,0,0,0,0,0,0,0,0,0,0,,0.0,0.0,0.0,0.0,0.0,0.0,0.0,0.0
9000004561,2026-08-01 03:00,0.0,0,0,0,0,0,0,0,0,0,0,0,0,,0.0,0.0,0.0,0.0,0.0,0.0,0.0,0.0
9000004561,2026-08-01 04:00,0.0,0,0,0,0,0,0,0,0,0,0,0,0,,0.0,0.0,0.0,0.0,0.0,0.0,0.0,0.0
9000004561,2026-08-01 05:00,0.0,0,0,0,0,0,0,0,0,0,0,0,0,,0.0,0.0,0.0,0.0,0.0,0.0,0.0,0.0
9000004561,2026-08-01 06:00,0.0,0,0,0,0,0,0,0,0,0,0,0,0,,0.0,0.0,0.0,0.0,0.0,0.0,0.0,0.0
9000004561,2026-08-01 07:00,0.16972223,0,0,0,0,0,0,12,0,12,0,0,0,14.0,0.0,100.0,0.0,0.0,0.0,0.0,0.0,0.0
9000004561,2026-08-01 08:00,0.47,0,0,0,2,2,4,11,4,15,0,0,0,25.5,0.0,42.86,57.14,0.0,0.0,0.0,0.0,0.0
9000004561,2026-08-01 09:00,0.7311111,0,3,3,3,7,10,5,7,12,0,1,1,28.5,11.11,33.33,44.44,11.11,0.0,0.0,0.0,0.0
9000004561,2026-08-01 10:00,0.67833334,0,3,3,15,6,21,9,13,22,0,0,0,24.0,0.0,73.33,20.0,0.0,6.67,0.0,0.0,0.0
9000004561,2026-08-01 11:00,0.7222222,3,1,4,14,8,22,7,14,21,1,0,1,23.0,0.0,66.67,33.33,0.0,0.0,0.0,0.0,0.0
9000004561,2026-08-01 12:00,0.70944446,0,1,1,6,17,23,8,13,21,0,1,1,26.5,6.67,53.33,33.33,0.0,6.67,0.0,0.0,0.0
9000004561,2026-08-01 13:00,0.71055555,3,1,4,8,11,19,10,14,24,0,0,0,26.0,5.88,58.82,29.41,0.0,5.88,0.0,0.0,0.0
9000004561,2026-08-01 14:00,0.73972225,1,0,1,8,12,20,9,5,14,0,1,1,28.5,9.09,45.45,36.36,9.09,0.0,0.0,0.0,0.0
9000004561,2026-08-01 15:00,0.7405556,4,4,8,15,14,29,12,9,21,0,0,0,23.5,6.25,56.25,37.5,0.0,0.0,0.0,0.0,0.0
9000004561,2026-08-01 16:00,0.71944445,6,1,7,3,1,4,3,14,17,0,0,0,25.5,8.33,50.0,33.33,8.33,0.0,0.0,0.0,0.0
9000004561,2026-08-01 17:00,0.635,0,2,2,3,8,11,0,2,2,0,0,0,4.0,100.0,0.0,0.0,0.0,0.0,0.0,0.0,0.0
9000004561,2026-08-01 18:00,0.7375,1,0,1,3,3,6,3,3,6,0,0,0,23.5,25.0,25.0,50.0,0.0,0.0,0.0,0.0,0.0
9000004561,2026-08-01 19:00,0.76555556,3,3,6,14,14,28,1,3,4,0,0,0,23.0,33.33,33.33,33.33,0.0,0.0,0.0,0.0,0.0
9000004561,2026-08-01 20:00,0.3338889,3,3,6,12,6,18,0,0,0,0,0,0,,0.0,0.0,0.0,0.0,0.0,0.0,0.0,0.0
9000004561,2026-08-01 21:00,0.0,0,0,0,0,0,0,0,0,0,0,0,0,,0.0,0.0,0.0,0.0,0.0,0.0,0.0,0.0
9000004561,2026-08-01 22:00,0.0,0,0,0,0,0,0,0,0,0,0,0,0,,0.0,0.0,0.0,0.0,0.0,0.0,0.0,0.0
9000004561,2026-08-01 23:00,0.0,0,0,0,0,0,0,0,0,0,0,0,0,,0.0,0.0,0.0,0.0,0.0,0.0,0.0,0.0
9000004561,2026-08-02 00:00,0.0,0,0,0,0,0,0,0,0,0,0,0,0,,0.0,0.0,0.0,0.0,0.0,0.0,0.0,0.0
9000004561,2026-08-02 02:00,0.0,0,0,0,0,0,0,0,0,0,0,0,0,,0.0,0.0,0.0,0.0,0.0,0.0,0.0,0.0
9000004561,2026-08-02 03:00,0.0,0,0,0,0,0,0,0,0,0,0,0,0,,0.0,0.0,0.0,0.0,0.0,0.0,0.0,0.0
9000004561,2026-08-02 04:00,0.0,0,0,0,0,0,0,0,0,0,0,0,0,,0.0,0.0,0.0,0.0,0.0,0.0,0.0,0.0
9000004561,2026-08-02 05:00,0.096944444,10,0,10,0,0,0,0,0,0,0,0,0,,0.0,0.0,0.0,0.0,0.0,0.0,0.0,0.0
9000004561,2026-08-02 06:00,0.77111113,0,0,0,1,3,4,3,1,4,0,0,0,33.0,0.0,33.33,33.33,33.33,0.0,0.0,0.0,0.0
9000004561,2026-08-02 07:00,0.75277776,1,1,2,1,1,2,0,1,1,0,0,0,4.0,100.0,0.0,0.0,0.0,0.0,0.0,0.0,0.0
9000004561,2026-08-02 08:00,0.65194446,3,0,3,2,8,10,2,2,4,0,0,0,8.5,100.0,0.0,0.0,0.0,0.0,0.0,0.0,0.0
9000004561,2026-08-02 09:00,0.5252778,2,0,2,10,4,14,0,0,0,0,0,0,,0.0,0.0,0.0,0.0,0.0,0.0,0.0,0.0
9000004561,2026-08-02 10:00,0.54944444,0,2,2,9,18,27,2,2,4,0,0,0,23.5,50.0,0.0,50.0,0.0,0.0,0.0,0.0,0.0
9000004597,2026-08-01 02:00,0.0,0,0,0,0,0,0,0,0,0,0,0,0,,0.0,0.0,0.0,0.0,0.0,0.0,0.0,0.0
9000004597,2026-08-01 03:00,0.0,0,0,0,0,0,0,0,0,0,0,0,0,,0.0,0.0,0.0,0.0,0.0,0.0,0.0,0.0
9000004597,2026-08-01 04:00,0.0,0,0,0,0,0,0,0,0,0,0,0,0,,0.0,0.0,0.0,0.0,0.0,0.0,0.0,0.0
9000004597,2026-08-01 05:00,0.02861111,0,0,0,0,35,35,70,70,140,0,0,0,47.0,0.0,0.0,0.0,75.0,25.0,0.0,0.0,0.0
9000004597,2026-08-01 06:00,0.35305557,0,0,0,0,0,0,71,62,133,8,34,42,47.0,0.0,2.08,29.17,39.58,16.67,8.33,4.17,0.0
9000004597,2026-08-01 07:00,0.5236111,0,0,0,0,2,2,63,88,151,21,19,40,39.5,6.41,3.85,39.74,35.9,10.26,2.56,1.28,0.0
9000004597,2026-08-01 08:00,0.74916667,0,0,0,4,8,12,111,95,206,36,37,73,40.0,9.09,5.84,26.62,44.16,11.69,1.95,0.65,0.0
9000004597,2026-08-01 09:00,0.7725,0,0,0,5,13,18,123,162,285,43,34,77,39.0,14.09,7.73,31.82,33.18,10.0,2.27,0.91,0.0
9000004597,2026-08-01 10:00,0.7752778,4,1,5,6,19,25,150,236,386,58,53,111,36.5,14.81,6.4,41.75,28.62,5.72,1.68,0.0,1.01
9000004597,2026-08-01 11:00,0.7486111,3,4,7,0,27,27,136,242,378,45,72,117,36.0,17.25,11.62,37.32,28.17,3.87,0.0,0.7,1.06
9000004597,2026-08-01 12:00,0.74916667,5,9,14,4,12,16,219,230,449,64,47,111,37.5,15.77,11.9,36.61,27.08,5.95,1.49,0.3,0.89
9000004597,2026-08-01 13:00,0.75416666,0,8,8,5,15,20,191,261,452,49,61,110,35.0,16.18,12.06,39.41,26.76,5.29,0.29,0.0,0.0
9000004597,2026-08-01 14:00,0.7561111,0,4,4,4,8,12,188,283,471,63,58,121,38.0,21.91,12.08,29.78,26.69,5.9,2.53,0.28,0.84
9000004597,2026-08-01 15:00,0.7513889,4,5,9,9,36,45,190,266,456,48,39,87,38.5,13.66,10.17,36.34,28.78,9.01,0.87,0.58,0.58
9000004597,2026-08-01 16:00,0.69972223,1,3,4,9,39,48,151,307,458,33,30,63,36.5,22.36,10.56,36.96,22.67,4.97,0.62,0.93,0.93
9000004597,2026-08-01 17:00,0.6913889,9,4,13,23,33,56,85,124,209,25,16,41,37.5,29.86,13.19,25.0,20.83,4.17,1.39,1.39,4.17
9000004597,2026-08-01 18:00,0.6219444,0,3,3,8,43,51,116,193,309,14,29,43,39.5,15.98,5.67,29.38,34.54,8.76,3.09,0.52,2.06
9000004597,2026-08-01 19:00,0.57416666,2,2,4,2,44,46,70,139,209,12,21,33,45.5,12.61,7.56,31.93,23.53,10.92,3.36,1.68,8.4
9000004597,2026-08-01 20:00,0.77555555,1,1,2,3,26,29,137,197,334,39,23,62,43.0,9.65,4.63,31.66,32.43,15.83,1.93,1.93,1.93
9000004597,2026-08-01 21:00,0.0275,0,0,0,0,73,73,109,109,218,73,0,73,43.5,16.67,0.0,0.0,33.33,50.0,0.0,0.0,0.0
9000004597,2026-08-01 22:00,0.0,0,0,0,0,0,0,0,0,0,0,0,0,,0.0,0.0,0.0,0.0,0.0,0.0,0.0,0.0
9000004597,2026-08-01 23:00,0.0,0,0,0,0,0,0,0,0,0,0,0,0,,0.0,0.0,0.0,0.0,0.0,0.0,0.0,0.0
9000004597,2026-08-02 00:00,0.0,0,0,0,0,0,0,0,0,0,0,0,0,,0.0,0.0,0.0,0.0,0.0,0.0,0.0,0.0
9000004597,2026-08-02 02:00,0.0,0,0,0,0,0,0,0,0,0,0,0,0,,0.0,0.0,0.0,0.0,0.0,0.0,0.0,0.0
9000004597,2026-08-02 03:00,0.0,0,0,0,0,0,0,0,0,0,0,0,0,,0.0,0.0,0.0,0.0,0.0,0.0,0.0,0.0
9000004597,2026-08-02 04:00,0.0,0,0,0,0,0,0,0,0,0,0,0,0,,0.0,0.0,0.0,0.0,0.0,0.0,0.0,0.0
9000004597,2026-08-02 05:00,0.32194445,0,0,0,0,9,9,31,43,74,0,9,9,48.5,0.0,0.0,4.0,40.0,44.0,0.0,4.0,8.0
9000004597,2026-08-02 06:00,0.795,0,0,0,1,0,1,24,58,82,1,11,12,48.5,0.0,3.08,18.46,41.54,24.62,6.15,1.54,4.62
9000004597,2026-08-02 07:00,0.7888889,0,0,0,0,5,5,34,58,92,9,19,28,43.5,1.37,0.0,26.03,46.58,20.55,4.11,0.0,1.37
9000004597,2026-08-02 08:00,0.79444444,1,4,5,0,9,9,70,83,153,8,18,26,44.0,3.28,0.82,19.67,50.0,22.95,0.82,1.64,0.82
9000004597,2026-08-02 09:00,0.7575,0,0,0,0,16,16,111,140,251,8,7,15,42.5,5.79,3.16,28.95,42.11,15.26,2.11,2.63,0.0
9000004597,2026-08-02 10:00,0.7961111,0,1,1,10,74,84,118,162,280,4,4,8,41.0,21.97,7.62,19.73,34.08,10.76,0.45,1.35,4.04
9000004602,2026-08-01 02:00,0.0,0,0,0,0,0,0,0,0,0,0,0,0,,0.0,0.0,0.0,0.0,0.0,0.0,0.0,0.0
9000004602,2026-08-01 03:00,0.0,0,0,0,0,0,0,0,0,0,0,0,0,,0.0,0.0,0.0,0.0,0.0,0.0,0.0,0.0
9000004602,2026-08-01 04:00,0.0,0,0,0,0,0,0,0,0,0,0,0,0,,0.0,0.0,0.0,0.0,0.0,0.0,0.0,0.0
9000004602,2026-08-01 05:00,0.0,0,0,0,0,0,0,0,0,0,0,0,0,,0.0,0.0,0.0,0.0,0.0,0.0,0.0,0.0
9000004602,2026-08-01 06:00,0.08805556,0,0,0,0,11,11,0,11,11,0,0,0,14.0,0.0,100.0,0.0,0.0,0.0,0.0,0.0,0.0
9000004602,2026-08-01 07:00,0.295,0,0,0,3,0,3,7,3,10,3,3,6,24.0,0.0,33.33,66.67,0.0,0.0,0.0,0.0,0.0
9000004602,2026-08-01 08:00,0.59583336,2,2,4,5,7,12,5,8,13,0,0,0,23.5,0.0,55.56,44.44,0.0,0.0,0.0,0.0,0.0
9000004602,2026-08-01 09:00,0.6616667,2,2,4,14,15,29,30,15,45,3,3,6,23.5,6.67,60.0,30.0,0.0,0.0,0.0,0.0,3.33
9000004602,2026-08-01 10:00,0.67055553,0,1,1,10,7,17,13,19,32,3,1,4,28.0,4.55,40.91,50.0,4.55,0.0,0.0,0.0,0.0
9000004602,2026-08-01 11:00,0.6588889,3,3,6,5,14,19,23,12,35,5,0,5,26.0,0.0,56.52,39.13,4.35,0.0,0.0,0.0,0.0
9000004602,2026-08-01 12:00,0.63027775,0,8,8,14,17,31,27,22,49,11,6,17,29.0,3.23,29.03,54.84,9.68,3.23,0.0,0.0,0.0
9000004602,2026-08-01 13:00,0.62722224,5,0,5,29,37,66,38,35,73,6,6,12,28.0,2.17,41.3,45.65,8.7,2.17,0.0,0.0,0.0
9000004602,2026-08-01 14:00,0.6716667,0,3,3,13,19,32,46,24,70,7,3,10,26.5,6.38,42.55,44.68,6.38,0.0,0.0,0.0,0.0
9000004602,2026-08-01 15:00,0.70555556,1,6,7,18,21,39,38,24,62,6,7,13,26.5,2.27,43.18,47.73,4.55,2.27,0.0,0.0,0.0
9000004602,2026-08-01 16:00,0.6747222,4,6,10,21,22,43,41,36,77,0,6,6,27.5,1.92,53.85,38.46,1.92,1.92,1.92,0.0,0.0
9000004602,2026-08-01 17:00,0.6805556,0,3,3,15,12,27,25,19,44,1,4,5,34.5,6.9,34.48,37.93,10.34,3.45,0.0,3.45,3.45
9000004602,2026-08-01 18:00,0.63166666,2,3,5,44,13,57,43,32,75,0,2,2,27.0,6.38,51.06,34.04,6.38,0.0,0.0,0.0,2.13
9000004602,2026-08-01 19:00,0.69305557,0,0,0,27,25,52,33,27,60,9,3,12,26.0,2.38,54.76,35.71,7.14,0.0,0.0,0.0,0.0
9000004602,2026-08-01 20:00,0.58194447,2,0,2,15,24,39,34,14,48,3,2,5,25.0,3.45,51.72,37.93,3.45,0.0,0.0,0.0,3.45
9000004602,2026-08-01 21:00,0.0,0,0,0,0,0,0,0,0,0,0,0,0,,0.0,0.0,0.0,0.0,0.0,0.0,0.0,0.0
9000004602,2026-08-01 22:00,0.0,0,0,0,0,0,0,0,0,0,0,0,0,,0.0,0.0,0.0,0.0,0.0,0.0,0.0,0.0
9000004602,2026-08-01 23:00,0.0,0,0,0,0,0,0,0,0,0,0,0,0,,0.0,0.0,0.0,0.0,0.0,0.0,0.0,0.0
9000004602,2026-08-02 00:00,0.0,0,0,0,0,0,0,0,0,0,0,0,0,,0.0,0.0,0.0,0.0,0.0,0.0,0.0,0.0
9000004602,2026-08-02 02:00,0.0,0,0,0,0,0,0,0,0,0,0,0,0,,0.0,0.0,0.0,0.0,0.0,0.0,0.0,0.0
9000004602,2026-08-02 03:00,0.0,0,0,0,0,0,0,0,0,0,0,0,0,,0.0,0.0,0.0,0.0,0.0,0.0,0.0,0.0
9000004602,2026-08-02 04:00,0.0,0,0,0,0,0,0,0,0,0,0,0,0,,0.0,0.0,0.0,0.0,0.0,0.0,0.0,0.0
9000004602,2026-08-02 05:00,0.17444444,0,0,0,6,0,6,17,6,23,0,0,0,20.5,0.0,75.0,25.0,0.0,0.0,0.0,0.0,0.0
9000004602,2026-08-02 06:00,0.80027777,1,0,1,2,0,2,9,5,14,1,0,1,22.0,9.09,63.64,27.27,0.0,0.0,0.0,0.0,0.0
9000004602,2026-08-02 07:00,0.8061111,1,0,1,4,9,13,6,5,11,1,1,2,22.5,33.33,33.33,33.33,0.0,0.0,0.0,0.0,0.0
9000004602,2026-08-02 08:00,0.7836111,1,0,1,6,10,16,6,6,12,1,3,4,37.5,0.0,60.0,20.0,10.0,0.0,0.0,10.0,0.0
9000004602,2026-08-02 09:00,0.7627778,1,3,4,9,16,25,12,13,25,1,0,1,24.5,0.0,42.11,52.63,0.0,0.0,0.0,5.26,0.0
9000004602,2026-08-02 10:00,0.6383333,3,3,6,22,16,38,22,19,41,5,3,8,28.0,19.23,42.31,26.92,3.85,3.85,3.85,0.0,0.0
9000004676,2026-08-01 02:00,0.0,0,0,0,0,0,0,0,0,0,0,0,0,,0.0,0.0,0.0,0.0,0.0,0.0,0.0,0.0
9000004676,2026-08-01 03:00,0.0,0,0,0,0,0,0,0,0,0,0,0,0,,0.0,0.0,0.0,0.0,0.0,0.0,0.0,0.0
9000004676,2026-08-01 04:00,0.0,0,0,0,0,0,0,0,0,0,0,0,0,,0.0,0.0,0.0,0.0,0.0,0.0,0.0,0.0
9000004676,2026-08-01 05:00,0.0,0,0,0,0,0,0,0,0,0,0,0,0,,0.0,0.0,0.0,0.0,0.0,0.0,0.0,0.0
9000004676,2026-08-01 06:00,0.2802778,0,0,0,0,0,0,0,4,4,0,4,4,39.0,0.0,0.0,0.0,100.0,0.0,0.0,0.0,0.0
9000004676,2026-08-01 07:00,0.44527778,0,0,0,2,0,2,0,9,9,0,11,11,46.5,0.0,0.0,50.0,25.0,25.0,0.0,0.0,0.0
9000004676,2026-08-01 08:00,0.6591667,0,0,0,6,0,6,2,5,7,0,9,9,102.5,0.0,0.0,25.0,50.0,0.0,0.0,0.0,25.0
9000004676,2026-08-01 09:00,0.79333335,5,0,5,15,0,15,6,13,19,0,8,8,104.0,0.0,0.0,26.67,33.33,6.67,6.67,6.67,20.0
9000004676,2026-08-01 10:00,0.7872222,8,0,8,17,0,17,1,13,14,0,9,9,67.0,9.09,0.0,27.27,27.27,18.18,0.0,9.09,9.09
9000004676,2026-08-01 11:00,0.78555554,9,0,9,17,1,18,5,31,36,1,13,14,49.5,10.71,14.29,21.43,17.86,21.43,3.57,7.14,3.57
9000004676,2026-08-01 12:00,0.79305553,1,0,1,19,3,22,1,15,16,1,13,14,45.0,0.0,15.38,23.08,38.46,7.69,0.0,0.0,15.38
9000004676,2026-08-01 13:00,0.7891667,4,0,4,15,1,16,4,16,20,0,10,10,86.5,0.0,6.25,37.5,18.75,12.5,0.0,6.25,18.75
9000004676,2026-08-01 14:00,0.7652778,1,0,1,22,0,22,5,30,35,0,13,13,52.5,0.0,3.7,37.04,18.52,22.22,7.41,0.0,11.11
9000004676,2026-08-01 15:00,0.78444445,13,3,16,31,3,34,9,23,32,0,6,6,71.0,4.0,4.0,24.0,20.0,12.0,8.0,12.0,16.0
9000004676,2026-08-01 16:00,0.7480556,13,1,14,52,3,55,3,13,16,1,7,8,60.5,0.0,8.33,8.33,41.67,25.0,0.0,16.67,0.0
9000004676,2026-08-01 17:00,0.7002778,6,0,6,44,3,47,3,16,19,0,11,11,110.5,15.38,0.0,30.77,15.38,7.69,0.0,7.69,23.08
9000004676,2026-08-01 18:00,0.7322222,5,3,8,34,3,37,1,22,23,0,8,8,62.0,0.0,0.0,11.76,47.06,17.65,5.88,5.88,11.76
9000004676,2026-08-01 19:00,0.7886111,8,1,9,42,3,45,4,10,14,0,3,3,51.5,0.0,9.09,18.18,54.55,0.0,18.18,0.0,0.0
9000004676,2026-08-01 20:00,0.66305554,2,2,4,38,6,44,14,12,26,0,5,5,34.5,0.0,23.53,23.53,41.18,5.88,5.88,0.0,0.0
9000004676,2026-08-01 21:00,0.0,0,0,0,0,0,0,0,0,0,0,0,0,,0.0,0.0,0.0,0.0,0.0,0.0,0.0,0.0
9000004676,2026-08-01 22:00,0.0,0,0,0,0,0,0,0,0,0,0,0,0,,0.0,0.0,0.0,0.0,0.0,0.0,0.0,0.0
9000004676,2026-08-01 23:00,0.0,0,0,0,0,0,0,0,0,0,0,0,0,,0.0,0.0,0.0,0.0,0.0,0.0,0.0,0.0
9000004676,2026-08-02 00:00,0.0,0,0,0,0,0,0,0,0,0,0,0,0,,0.0,0.0,0.0,0.0,0.0,0.0,0.0,0.0
9000004676,2026-08-02 02:00,0.0,0,0,0,0,0,0,0,0,0,0,0,0,,0.0,0.0,0.0,0.0,0.0,0.0,0.0,0.0
9000004676,2026-08-02 03:00,0.0,0,0,0,0,0,0,0,0,0,0,0,0,,0.0,0.0,0.0,0.0,0.0,0.0,0.0,0.0
9000004676,2026-08-02 04:00,0.0,0,0,0,0,0,0,0,0,0,0,0,0,,0.0,0.0,0.0,0.0,0.0,0.0,0.0,0.0
9000004676,2026-08-02 05:00,0.27555555,0,0,0,0,0,0,0,4,4,0,4,4,64.0,0.0,0.0,0.0,0.0,0.0,0.0,100.0,0.0
9000004676,2026-08-02 06:00,0.79138887,0,0,0,3,0,3,3,5,8,0,3,3,120.5,0.0,0.0,16.67,0.0,16.67,16.67,16.67,33.33
9000004676,2026-08-02 07:00,0.7852778,0,0,0,1,0,1,0,3,3,0,3,3,43.5,0.0,0.0,0.0,50.0,50.0,0.0,0.0,0.0
9000004676,2026-08-02 08:00,0.7941667,1,0,1,5,0,5,1,4,5,0,5,5,42.0,0.0,0.0,0.0,75.0,25.0,0.0,0.0,0.0
9000004676,2026-08-02 09:00,0.7841667,0,0,0,8,0,8,0,0,0,0,5,5,,0.0,0.0,0.0,0.0,0.0,0.0,0.0,0.0
9000004676,2026-08-02 10:00,0.7822222,4,0,4,14,1,15,1,6,7,0,9,9,120.5,0.0,0.0,0.0,16.67,16.67,50.0,0.0,16.67
9000004694,2026-08-01 02:00,0.99916667,0,0,0,0,0,0,0,0,0,0,0,0,,0.0,0.0,0.0,0.0,0.0,0.0,0.0,0.0
9000004694,2026-08-01 03:00,0.99972224,0,0,0,0,0,0,0,0,0,0,0,0,,0.0,0.0,0.0,0.0,0.0,0.0,0.0,0.0
9000004694,2026-08-01 04:00,0.99972224,0,0,0,0,0,0,0,0,0,0,0,0,,0.0,0.0,0.0,0.0,0.0,0.0,0.0,0.0
9000004694,2026-08-01 05:00,0.99916667,0,1,1,0,1,1,2,5,7,2,3,5,28.0,0.0,28.57,71.43,0.0,0.0,0.0,0.0,0.0
9000004694,2026-08-01 06:00,0.9994444,1,1,2,1,1,2,3,6,9,2,2,4,28.0,0.0,44.44,44.44,11.11,0.0,0.0,0.0,0.0
9000004694,2026-08-01 07:00,0.9994444,0,0,0,1,0,1,15,23,38,3,3,6,23.0,34.21,39.47,26.32,0.0,0.0,0.0,0.0,0.0
9000004694,2026-08-01 08:00,0.99972224,0,0,0,0,3,3,25,37,62,1,4,5,25.5,38.71,29.03,24.19,8.06,0.0,0.0,0.0,0.0
9000004694,2026-08-01 09:00,0.9994444,4,2,6,5,5,10,38,51,89,9,0,9,30.5,28.09,30.34,25.84,12.36,3.37,0.0,0.0,0.0
9000004694,2026-08-01 10:00,0.99972224,7,11,18,10,11,21,61,87,148,7,4,11,25.5,12.84,50.0,30.41,4.73,2.03,0.0,0.0,0.0
9000004694,2026-08-01 11:00,0.99916667,8,3,11,5,5,10,69,90,159,10,7,17,27.0,2.52,43.4,46.54,5.66,1.89,0.0,0.0,0.0
9000004694,2026-08-01 12:00,0.9994444,9,4,13,7,4,11,57,89,146,7,5,12,27.5,2.74,40.41,48.63,6.85,0.68,0.68,0.0,0.0
9000004694,2026-08-01 13:00,0.9994444,10,4,14,3,2,5,34,12,46,1,1,2,32.0,15.22,36.96,30.43,10.87,6.52,0.0,0.0,0.0
9000004694,2026-08-01 14:00,0.99916667,1,1,2,3,4,7,32,29,61,0,1,1,32.0,47.54,21.31,13.11,9.84,4.92,3.28,0.0,0.0
9000004694,2026-08-01 15:00,0.9994444,10,7,17,2,5,7,39,44,83,6,0,6,29.0,39.76,19.28,28.92,10.84,1.2,0.0,0.0,0.0
9000004694,2026-08-01 16:00,0.9994444,7,10,17,10,16,26,29,48,77,1,2,3,20.5,62.34,22.08,9.09,5.19,1.3,0.0,0.0,0.0
9000004694,2026-08-01 17:00,0.9994444,14,13,27,9,15,24,32,32,64,2,0,2,27.5,45.31,20.31,25.0,7.81,0.0,0.0,1.56,0.0
9000004694,2026-08-01 18:00,0.9994444,11,13,24,11,13,24,30,15,45,1,0,1,43.5,15.56,22.22,24.44,17.78,11.11,6.67,2.22,0.0
9000004694,2026-08-01 19:00,0.9994444,10,6,16,2,6,8,25,4,29,0,0,0,36.0,10.34,24.14,31.03,31.03,0.0,3.45,0.0,0.0
9000004694,2026-08-01 20:00,0.99916667,12,7,19,2,2,4,8,0,8,0,0,0,44.5,0.0,0.0,25.0,37.5,25.0,12.5,0.0,0.0
9000004694,2026-08-01 21:00,0.9994444,0,1,1,0,0,0,4,0,4,0,0,0,32.0,0.0,25.0,50.0,25.0,0.0,0.0,0.0,0.0
9000004694,2026-08-01 22:00,0.99916667,0,0,0,0,0,0,0,0,0,0,0,0,,0.0,0.0,0.0,0.0,0.0,0.0,0.0,0.0
9000004694,2026-08-01 23:00,0.9994444,0,0,0,0,0,0,0,0,0,0,0,0,,0.0,0.0,0.0,0.0,0.0,0.0,0.0,0.0
9000004694,2026-08-02 00:00,0.99916667,0,0,0,0,0,0,0,0,0,0,0,0,,0.0,0.0,0.0,0.0,0.0,0.0,0.0,0.0
9000004694,2026-08-02 02:00,0.99916667,0,0,0,0,0,0,0,0,0,0,0,0,,0.0,0.0,0.0,0.0,0.0,0.0,0.0,0.0
9000004694,2026-08-02 03:00,0.99916667,0,0,0,0,0,0,0,0,0,0,0,0,,0.0,0.0,0.0,0.0,0.0,0.0,0.0,0.0
9000004694,2026-08-02 04:00,0.9994444,0,0,0,0,0,0,0,0,0,0,0,0,,0.0,0.0,0.0,0.0,0.0,0.0,0.0,0.0
9000004694,2026-08-02 05:00,0.99916667,0,0,0,0,0,0,1,2,3,1,0,1,33.0,0.0,0.0,66.67,33.33,0.0,0.0,0.0,0.0
9000004694,2026-08-02 06:00,0.9994444,1,4,5,1,0,1,0,2,2,1,0,1,4.0,100.0,0.0,0.0,0.0,0.0,0.0,0.0,0.0
9000004694,2026-08-02 07:00,0.9994444,3,0,3,1,3,4,6,9,15,1,2,3,33.5,13.33,40.0,26.67,13.33,0.0,6.67,0.0,0.0
9000004694,2026-08-02 08:00,0.99916667,7,2,9,8,4,12,18,14,32,0,1,1,24.0,53.12,18.75,21.88,6.25,0.0,0.0,0.0,0.0
9000004694,2026-08-02 09:00,0.99972224,2,4,6,1,11,12,23,24,47,4,1,5,29.0,12.77,25.53,51.06,6.38,4.26,0.0,0.0,0.0
9000004694,2026-08-02 10:00,0.9994444,9,10,19,13,19,32,28,34,62,8,5,13,28.5,6.45,51.61,29.03,9.68,1.61,1.61,0.0,0.0
9000004706,2026-08-01 02:00,0.0,0,0,0,0,0,0,0,0,0,0,0,0,,0.0,0.0,0.0,0.0,0.0,0.0,0.0,0.0
9000004706,2026-08-01 03:00,0.0,0,0,0,0,0,0,0,0,0,0,0,0,,0.0,0.0,0.0,0.0,0.0,0.0,0.0,0.0
9000004706,2026-08-01 04:00,0.0,0,0,0,0,0,0,0,0,0,0,0,0,,0.0,0.0,0.0,0.0,0.0,0.0,0.0,0.0
9000004706,2026-08-01 05:00,0.0,0,0,0,0,0,0,0,0,0,0,0,0,,0.0,0.0,0.0,0.0,0.0,0.0,0.0,0.0
9000004706,2026-08-01 06:00,0.12805556,39,16,55,31,16,47,0,39,39,0,0,0,82.0,25.0,0.0,50.0,0.0,0.0,0.0,0.0,25.0
9000004706,2026-08-01 07:00,0.12138889,33,25,58,8,8,16,0,8,8,0,0,0,29.0,0.0,0.0,100.0,0.0,0.0,0.0,0.0,0.0
9000004706,2026-08-01 08:00,0.50527775,6,28,34,10,4,14,0,42,42,0,10,10,36.5,0.0,4.76,42.86,47.62,0.0,0.0,0.0,4.76
9000004706,2026-08-01 09:00,0.76861113,26,68,94,18,27,45,3,39,42,0,7,7,39.0,0.0,12.5,46.88,28.12,6.25,0.0,0.0,6.25
9000004706,2026-08-01 10:00,0.7594444,51,87,138,33,26,59,7,33,40,3,11,14,36.5,0.0,23.33,50.0,16.67,6.67,0.0,0.0,3.33
9000004706,2026-08-01 11:00,0.7405556,47,76,123,28,39,67,9,39,48,0,9,9,33.0,8.33,11.11,52.78,25.0,0.0,0.0,2.78,0.0
9000004706,2026-08-01 12:00,0.74333334,55,78,133,38,36,74,11,52,63,0,9,9,33.5,8.51,12.77,57.45,12.77,2.13,2.13,2.13,2.13
9000004706,2026-08-01 13:00,0.76694447,63,64,127,25,42,67,21,55,76,3,23,26,34.5,3.45,15.52,48.28,22.41,1.72,1.72,5.17,1.72
9000004706,2026-08-01 14:00,0.7586111,41,96,137,40,40,80,16,45,61,0,7,7,40.5,8.7,15.22,32.61,28.26,4.35,2.17,0.0,8.7
9000004706,2026-08-01 15:00,0.7658333,87,132,219,55,55,110,9,50,59,0,13,13,40.5,8.89,8.89,35.56,31.11,4.44,0.0,2.22,8.89
9000004706,2026-08-01 16:00,0.7052778,52,40,92,62,43,105,24,48,72,6,11,17,63.0,23.53,13.73,29.41,13.73,0.0,3.92,1.96,13.73
9000004706,2026-08-01 17:00,0.64944446,40,28,68,31,55,86,34,31,65,3,9,12,29.0,57.14,14.29,16.67,2.38,0.0,0.0,0.0,9.52
9000004706,2026-08-01 18:00,0.6652778,62,60,122,45,53,98,39,47,86,2,8,10,41.0,47.37,15.79,19.3,1.75,3.51,0.0,3.51,8.77
9000004706,2026-08-01 19:00,0.68194443,45,56,101,38,37,75,26,59,85,0,6,6,27.0,44.83,31.03,12.07,0.0,0.0,1.72,1.72,8.62
9000004706,2026-08-01 20:00,0.6536111,44,55,99,41,35,76,17,52,69,0,5,5,37.0,0.0,21.28,55.32,8.51,2.13,2.13,0.0,10.64
9000004706,2026-08-01 21:00,0.0,0,0,0,0,0,0,0,0,0,0,0,0,,0.0,0.0,0.0,0.0,0.0,0.0,0.0,0.0
9000004706,2026-08-01 22:00,0.0,0,0,0,0,0,0,0,0,0,0,0,0,,0.0,0.0,0.0,0.0,0.0,0.0,0.0,0.0
9000004706,2026-08-01 23:00,0.0,0,0,0,0,0,0,0,0,0,0,0,0,,0.0,0.0,0.0,0.0,0.0,0.0,0.0,0.0
9000004706,2026-08-02 00:00,0.0,0,0,0,0,0,0,0,0,0,0,0,0,,0.0,0.0,0.0,0.0,0.0,0.0,0.0,0.0
9000004706,2026-08-02 02:00,0.0,0,0,0,0,0,0,0,0,0,0,0,0,,0.0,0.0,0.0,0.0,0.0,0.0,0.0,0.0
9000004706,2026-08-02 03:00,0.0,0,0,0,0,0,0,0,0,0,0,0,0,,0.0,0.0,0.0,0.0,0.0,0.0,0.0,0.0
9000004706,2026-08-02 04:00,0.0,0,0,0,0,0,0,0,0,0,0,0,0,,0.0,0.0,0.0,0.0,0.0,0.0,0.0,0.0
9000004706,2026-08-02 05:00,0.11305556,0,0,0,0,0,0,0,18,18,0,0,0,33.5,0.0,50.0,0.0,50.0,0.0,0.0,0.0,0.0
9000004706,2026-08-02 06:00,0.3575,11,8,19,0,0,0,0,14,14,0,0,0,38.0,40.0,0.0,0.0,60.0,0.0,0.0,0.0,0.0
9000004706,2026-08-02 07:00,0.7713889,5,3,8,12,10,22,3,9,12,0,1,1,24.5,0.0,44.44,55.56,0.0,0.0,0.0,0.0,0.0
9000004706,2026-08-02 08:00,0.77666664,10,13,23,8,18,26,4,21,25,0,0,0,40.5,0.0,0.0,47.37,36.84,5.26,0.0,0.0,10.53
9000004706,2026-08-02 09:00,0.7519444,20,28,48,29,44,73,8,27,35,0,1,1,38.0,3.85,19.23,34.62,30.77,0.0,3.85,0.0,7.69
9000004706,2026-08-02 10:00,0.7322222,19,23,42,26,33,59,8,23,31,1,1,2,43.0,30.43,17.39,26.09,8.7,4.35,4.35,0.0,8.7
9000004712,2026-08-01 02:00,0.99972224,0,0,0,0,0,0,0,0,0,0,0,0,,0.0,0.0,0.0,0.0,0.0,0.0,0.0,0.0
9000004712,2026-08-01 03:00,0.99972224,0,0,0,0,0,0,0,0,0,0,0,0,,0.0,0.0,0.0,0.0,0.0,0.0,0.0,0.0
9000004712,2026-08-01 04:00,0.99972224,0,0,0,0,0,0,0,0,0,0,0,0,,0.0,0.0,0.0,0.0,0.0,0.0,0.0,0.0
9000004712,2026-08-01 05:00,0.99972224,0,0,0,0,0,0,0,0,0,0,0,0,,0.0,0.0,0.0,0.0,0.0,0.0,0.0,0.0
9000004712,2026-08-01 06:00,0.99972224,0,0,0,0,0,0,21,25,46,4,2,6,46.5,10.87,8.7,10.87,39.13,21.74,6.52,2.17,0.0
9000004712,2026-08-01 07:00,0.9994444,0,0,0,0,2,2,25,33,58,4,5,9,45.5,8.62,5.17,31.03,31.03,15.52,3.45,3.45,1.72
9000004712,2026-08-01 08:00,0.99916667,2,1,3,0,1,1,32,42,74,6,9,15,45.0,9.46,9.46,18.92,33.78,21.62,1.35,4.05,1.35
9000004712,2026-08-01 09:00,0.99916667,9,7,16,4,8,12,41,75,116,5,17,22,46.5,17.24,2.59,18.97,32.76,17.24,6.9,2.59,1.72
9000004712,2026-08-01 10:00,0.99972224,14,7,21,2,11,13,64,93,157,7,16,23,48.5,5.1,6.37,17.2,40.76,17.2,7.01,3.82,2.55
9000004712,2026-08-01 11:00,0.99916667,5,7,12,5,3,8,91,102,193,4,16,20,48.0,4.66,5.7,17.1,36.79,23.83,7.25,1.55,3.11
9000004712,2026-08-01 12:00,0.9994444,5,6,11,0,3,3,67,104,171,5,15,20,43.0,16.37,7.02,25.15,31.58,12.87,2.92,1.17,2.92
9000004712,2026-08-01 13:00,0.99916667,9,9,18,2,3,5,107,112,219,5,13,18,49.5,9.13,4.11,23.29,32.88,16.44,8.22,2.74,3.2
9000004712,2026-08-01 14:00,0.99972224,20,21,41,8,3,11,114,128,242,8,10,18,49.5,9.09,4.55,19.42,35.12,17.36,6.61,4.55,3.31
9000004712,2026-08-01 15:00,0.9994444,21,14,35,23,12,35,158,123,281,12,31,43,47.5,3.91,3.56,22.06,38.08,20.64,7.47,1.78,2.49
9000004712,2026-08-01 16:00,0.99916667,15,28,43,23,34,57,140,123,263,11,28,39,44.5,10.65,8.37,28.9,32.7,9.89,5.7,3.04,0.76
9000004712,2026-08-01 17:00,0.9994444,16,14,30,26,23,49,134,129,263,6,20,26,44.0,9.89,3.04,25.86,38.78,14.07,6.08,1.14,1.14
9000004712,2026-08-01 18:00,0.99972224,16,30,46,20,34,54,125,130,255,7,22,29,44.0,9.41,5.88,28.24,30.98,16.86,3.92,2.75,1.96
9000004712,2026-08-01 19:00,0.9994444,13,28,41,12,27,39,119,120,239,6,15,21,49.0,12.55,5.02,24.27,30.54,13.39,7.11,2.09,5.02
9000004712,2026-08-01 20:00,0.9994444,11,15,26,5,11,16,92,127,219,5,11,16,45.5,20.09,6.39,15.98,34.25,12.33,5.02,3.2,2.74
9000004712,2026-08-01 21:00,0.9994444,0,0,0,0,0,0,1,9,10,1,1,2,33.5,50.0,0.0,20.0,20.0,10.0,0.0,0.0,0.0
9000004712,2026-08-01 22:00,0.99916667,0,0,0,0,0,0,0,0,0,0,0,0,,0.0,0.0,0.0,0.0,0.0,0.0,0.0,0.0
9000004712,2026-08-01 23:00,0.99916667,0,0,0,0,0,0,0,0,0,0,0,0,,0.0,0.0,0.0,0.0,0.0,0.0,0.0,0.0
9000004712,2026-08-02 00:00,0.99916667,0,0,0,0,0,0,0,0,0,0,0,0,,0.0,0.0,0.0,0.0,0.0,0.0,0.0,0.0
9000004712,2026-08-02 02:00,0.9988889,0,0,0,0,0,0,0,0,0,0,0,0,,0.0,0.0,0.0,0.0,0.0,0.0,0.0,0.0
9000004712,2026-08-02 03:00,0.9994444,0,0,0,0,0,0,0,0,0,0,0,0,,0.0,0.0,0.0,0.0,0.0,0.0,0.0,0.0
9000004712,2026-08-02 04:00,0.99916667,0,0,0,0,0,0,0,0,0,0,0,0,,0.0,0.0,0.0,0.0,0.0,0.0,0.0,0.0
9000004712,2026-08-02 05:00,0.99916667,0,0,0,0,1,1,8,15,23,0,1,1,54.0,17.39,13.04,30.43,13.04,4.35,13.04,0.0,8.7
9000004712,2026-08-02 06:00,0.9994444,3,2,5,0,0,0,12,28,40,1,2,3,61.0,12.5,5.0,17.5,25.0,10.0,12.5,12.5,5.0
9000004712,2026-08-02 07:00,0.9994444,3,3,6,5,8,13,22,20,42,3,9,12,44.5,9.52,2.38,11.9,47.62,19.05,9.52,0.0,0.0
9000004712,2026-08-02 08:00,0.99916667,6,3,9,3,5,8,25,25,50,3,10,13,43.5,12.0,4.0,26.0,34.0,18.0,6.0,0.0,0.0
9000004712,2026-08-02 09:00,0.9994444,13,10,23,6,12,18,32,22,54,7,15,22,48.0,20.37,7.41,14.81,29.63,14.81,5.56,3.7,3.7
9000004712,2026-08-02 10:00,0.99916667,11,9,20,6,24,30,56,67,123,4,24,28,49.5,12.2,4.88,23.58,34.15,10.57,6.5,4.07,4.07
9000004758,2026-08-01 02:00,0.9994444,0,0,0,0,0,0,0,0,0,0,0,0,,0.0,0.0,0.0,0.0,0.0,0.0,0.0,0.0
9000004758,2026-08-01 03:00,0.99972224,0,0,0,0,0,0,0,0,0,0,0,0,,0.0,0.0,0.0,0.0,0.0,0.0,0.0,0.0
9000004758,2026-08-01 04:00,0.9994444,0,0,0,0,0,0,0,0,0,0,0,0,,0.0,0.0,0.0,0.0,0.0,0.0,0.0,0.0
9000004758,2026-08-01 05:00,0.99916667,0,0,0,0,0,0,26,3,29,3,0,3,59.0,37.93,6.9,3.45,6.9,24.14,6.9,6.9,6.9
9000004758,2026-08-01 06:00,0.99916667,0,0,0,4,1,5,53,3,56,4,0,4,55.0,8.93,1.79,1.79,23.21,35.71,19.64,5.36,3.57
9000004758,2026-08-01 07:00,0.9994444,0,1,1,1,0,1,88,12,100,16,0,16,56.0,29.0,1.0,3.0,11.0,28.0,19.0,8.0,1.0
9000004758,2026-08-01 08:00,0.9994444,0,2,2,1,0,1,106,5,111,15,0,15,54.5,13.51,0.0,2.7,23.42,31.53,18.92,6.31,3.6
9000004758,2026-08-01 09:00,0.99972224,1,3,4,14,0,14,130,4,134,24,0,24,51.5,0.0,0.75,3.73,24.63,52.99,16.42,1.49,0.0
9000004758,2026-08-01 10:00,0.9994444,1,6,7,18,1,19,198,5,203,36,0,36,51.5,0.99,0.49,2.46,35.96,40.89,16.26,1.97,0.99
9000004758,2026-08-01 11:00,0.99972224,0,0,0,11,0,11,234,5,239,19,0,19,51.5,0.0,0.84,2.51,32.22,46.03,16.32,1.67,0.42
9000004758,2026-08-01 12:00,0.9994444,1,2,3,17,0,17,223,6,229,27,0,27,53.0,0.87,3.49,8.3,25.76,41.48,16.16,3.06,0.87
9000004758,2026-08-01 13:00,0.9994444,1,1,2,11,2,13,197,13,210,12,0,12,49.0,6.19,20.0,15.24,19.52,26.19,9.52,2.86,0.48
9000004758,2026-08-01 14:00,0.99972224,1,0,1,21,1,22,287,2,289,34,0,34,51.5,0.0,0.69,3.11,32.18,45.33,15.92,1.73,1.04
9000004758,2026-08-01 15:00,0.99916667,3,1,4,27,2,29,319,4,323,42,0,42,51.5,0.93,2.48,5.88,32.82,38.7,15.48,3.1,0.62
9000004758,2026-08-01 16:00,0.99972224,4,1,5,28,1,29,245,20,265,35,0,35,51.0,0.38,2.64,7.55,29.06,43.77,12.83,3.02,0.75
9000004758,2026-08-01 17:00,0.9994444,4,0,4,28,1,29,235,41,276,37,0,37,52.5,2.17,7.25,5.8,26.09,38.41,16.3,2.54,1.45
9000004758,2026-08-01 18:00,0.99972224,8,3,11,31,1,32,208,27,235,22,0,22,50.0,0.43,3.4,8.94,29.79,42.98,10.64,2.98,0.85
9000004758,2026-08-01 19:00,0.9994444,2,2,4,17,2,19,174,3,177,21,0,21,51.5,1.13,0.0,2.82,41.24,36.72,14.69,2.26,1.13
9000004758,2026-08-01 20:00,0.9994444,0,0,0,21,6,27,144,4,148,13,0,13,50.0,1.35,1.35,9.46,34.46,39.19,12.16,2.03,0.0
9000004758,2026-08-01 21:00,0.9994444,0,0,0,0,0,0,23,6,29,0,0,0,49.5,20.69,6.9,10.34,6.9,41.38,10.34,3.45,0.0
9000004758,2026-08-01 22:00,0.9994444,0,0,0,0,0,0,0,0,0,0,0,0,,0.0,0.0,0.0,0.0,0.0,0.0,0.0,0.0
9000004758,2026-08-01 23:00,0.99972224,0,0,0,0,0,0,0,0,0,0,0,0,,0.0,0.0,0.0,0.0,0.0,0.0,0.0,0.0
9000004758,2026-08-02 00:00,0.9994444,0,0,0,0,0,0,0,0,0,0,0,0,,0.0,0.0,0.0,0.0,0.0,0.0,0.0,0.0
9000004758,2026-08-02 02:00,0.9994444,0,0,0,0,0,0,0,0,0,0,0,0,,0.0,0.0,0.0,0.0,0.0,0.0,0.0,0.0
9000004758,2026-08-02 03:00,0.9994444,0,0,0,0,0,0,0,0,0,0,0,0,,0.0,0.0,0.0,0.0,0.0,0.0,0.0,0.0
9000004758,2026-08-02 04:00,0.99972224,0,0,0,0,0,0,0,0,0,0,0,0,,0.0,0.0,0.0,0.0,0.0,0.0,0.0,0.0
9000004758,2026-08-02 05:00,0.99916667,0,0,0,4,0,4,14,1,15,2,0,2,68.5,26.67,0.0,0.0,6.67,20.0,26.67,6.67,13.33
9000004758,2026-08-02 06:00,0.9994444,2,2,4,3,1,4,50,0,50,6,0,6,71.0,0.0,0.0,2.0,10.0,26.0,32.0,14.0,16.0
9000004758,2026-08-02 07:00,0.9994444,3,6,9,8,0,8,43,0,43,12,0,12,62.5,0.0,0.0,0.0,25.58,32.56,23.26,11.63,6.98
9000004758,2026-08-02 08:00,0.99972224,1,15,16,11,1,12,63,3,66,14,0,14,55.0,0.0,0.0,3.03,19.7,37.88,31.82,6.06,1.52
9000004758,2026-08-02 09:00,0.99916667,2,34,36,30,0,30,93,9,102,17,0,17,55.0,0.0,0.0,6.86,28.43,29.41,30.39,2.94,1.96
9000004758,2026-08-02 10:00,0.99972224,8,76,84,34,6,40,152,17,169,19,0,19,52.5,0.0,2.37,7.1,31.36,39.64,15.38,3.55,0.59
9000004831,2026-08-01 02:00,0.99972224,0,0,0,0,0,0,0,0,0,0,0,0,,0.0,0.0,0.0,0.0,0.0,0.0,0.0,0.0
9000004831,2026-08-01 03:00,0.99972224,0,0,0,0,0,0,0,0,0,0,0,0,,0.0,0.0,0.0,0.0,0.0,0.0,0.0,0.0
9000004831,2026-08-01 04:00,1.0,0,0,0,0,0,0,0,0,0,0,0,0,,0.0,0.0,0.0,0.0,0.0,0.0,0.0,0.0
9000004831,2026-08-01 05:00,0.99916667,1,2,3,2,1,3,1,1,2,8,10,18,34.0,0.0,0.0,0.0,100.0,0.0,0.0,0.0,0.0
9000004831,2026-08-01 06:00,0.99972224,2,1,3,1,1,2,5,6,11,2,10,12,46.0,0.0,9.09,9.09,36.36,45.45,0.0,0.0,0.0
9000004831,2026-08-01 07:00,0.9994444,2,2,4,0,0,0,6,12,18,6,1,7,45.5,5.56,5.56,11.11,27.78,50.0,0.0,0.0,0.0
9000004831,2026-08-01 08:00,0.99972224,5,9,14,2,2,4,27,40,67,3,3,6,45.0,2.99,7.46,32.84,32.84,11.94,10.45,0.0,1.49
9000004831,2026-08-01 09:00,0.99972224,43,53,96,19,16,35,48,63,111,6,2,8,40.5,0.9,8.11,37.84,36.94,13.51,2.7,0.0,0.0
9000004831,2026-08-01 10:00,0.99916667,55,44,99,24,18,42,78,95,173,8,9,17,37.0,2.31,17.92,37.57,34.68,6.36,1.16,0.0,0.0
9000004831,2026-08-01 11:00,0.99972224,43,33,76,18,12,30,84,86,170,14,11,25,39.5,5.29,9.41,37.65,34.71,11.18,0.59,0.59,0.59
9000004831,2026-08-01 12:00,0.99972224,21,17,38,7,4,11,50,65,115,6,7,13,43.0,6.96,4.35,34.78,33.04,14.78,5.22,0.87,0.0
9000004831,2026-08-01 13:00,0.99972224,14,7,21,8,1,9,26,32,58,2,1,3,46.0,3.45,6.9,24.14,32.76,25.86,5.17,1.72,0.0
9000004831,2026-08-01 14:00,0.99916667,7,10,17,3,10,13,30,32,62,7,5,12,42.5,8.06,14.52,32.26,22.58,16.13,4.84,1.61,0.0
9000004831,2026-08-01 15:00,0.99916667,18,12,30,7,8,15,23,38,61,1,2,3,44.5,1.64,1.64,26.23,42.62,19.67,8.2,0.0,0.0
9000004831,2026-08-01 16:00,0.99972224,41,30,71,17,10,27,26,31,57,0,0,0,44.0,1.75,7.02,21.05,43.86,22.81,3.51,0.0,0.0
9000004831,2026-08-01 17:00,0.9994444,62,43,105,13,19,32,17,22,39,2,1,3,48.5,0.0,5.13,25.64,25.64,33.33,10.26,0.0,0.0
9000004831,2026-08-01 18:00,0.9994444,63,37,100,13,15,28,18,25,43,2,2,4,44.5,2.33,4.65,39.53,27.91,20.93,4.65,0.0,0.0
9000004831,2026-08-01 19:00,0.9994444,32,22,54,11,3,14,13,13,26,1,0,1,45.0,0.0,3.85,26.92,46.15,19.23,0.0,3.85,0.0
9000004831,2026-08-01 20:00,0.9994444,12,13,25,1,3,4,6,11,17,1,23,24,45.5,0.0,5.88,17.65,41.18,35.29,0.0,0.0,0.0
9000004831,2026-08-01 21:00,0.9994444,0,0,0,0,0,0,1,1,2,0,11,11,33.5,0.0,50.0,0.0,50.0,0.0,0.0,0.0,0.0
9000004831,2026-08-01 22:00,0.9994444,0,0,0,0,0,0,0,0,0,0,0,0,,0.0,0.0,0.0,0.0,0.0,0.0,0.0,0.0
9000004831,2026-08-01 23:00,0.9994444,0,0,0,0,0,0,0,0,0,0,0,0,,0.0,0.0,0.0,0.0,0.0,0.0,0.0,0.0
9000004831,2026-08-02 00:00,0.99916667,0,0,0,0,0,0,0,0,0,0,0,0,,0.0,0.0,0.0,0.0,0.0,0.0,0.0,0.0
9000004831,2026-08-02 02:00,0.9994444,0,0,0,0,0,0,0,0,0,0,0,0,,0.0,0.0,0.0,0.0,0.0,0.0,0.0,0.0
9000004831,2026-08-02 03:00,0.99916667,0,0,0,0,0,0,0,0,0,0,0,0,,0.0,0.0,0.0,0.0,0.0,0.0,0.0,0.0
9000004831,2026-08-02 04:00,0.9994444,0,0,0,0,0,0,0,0,0,0,0,0,,0.0,0.0,0.0,0.0,0.0,0.0,0.0,0.0
9000004831,2026-08-02 05:00,0.99916667,0,1,1,0,0,0,0,1,1,0,0,0,49.0,0.0,0.0,0.0,0.0,100.0,0.0,0.0,0.0
9000004831,2026-08-02 06:00,0.9994444,3,4,7,2,0,2,1,1,2,0,1,1,44.0,0.0,0.0,0.0,0.0,100.0,0.0,0.0,0.0
9000004831,2026-08-02 07:00,0.99972224,6,0,6,1,3,4,2,3,5,1,0,1,41.0,0.0,0.0,40.0,40.0,20.0,0.0,0.0,0.0
9000004831,2026-08-02 08:00,0.9994444,4,7,11,0,3,3,9,5,14,1,3,4,44.5,7.14,7.14,7.14,50.0,14.29,14.29,0.0,0.0
9000004831,2026-08-02 09:00,0.9988889,8,20,28,8,6,14,10,14,24,4,1,5,44.0,8.33,4.17,20.83,37.5,29.17,0.0,0.0,0.0
9000004831,2026-08-02 10:00,0.99972224,10,10,20,9,11,20,20,30,50,2,1,3,50.5,2.0,10.0,18.0,40.0,14.0,16.0,0.0,0.0
9000004850,2026-08-01 02:00,0.0,0,0,0,0,0,0,0,0,0,0,0,0,,0.0,0.0,0.0,0.0,0.0,0.0,0.0,0.0
9000004850,2026-08-01 03:00,0.0,0,0,0,0,0,0,0,0,0,0,0,0,,0.0,0.0,0.0,0.0,0.0,0.0,0.0,0.0
9000004850,2026-08-01 04:00,0.0,0,0,0,0,0,0,0,0,0,0,0,0,,0.0,0.0,0.0,0.0,0.0,0.0,0.0,0.0
9000004850,2026-08-01 05:00,0.0,0,0,0,0,0,0,0,0,0,0,0,0,,0.0,0.0,0.0,0.0,0.0,0.0,0.0,0.0
9000004850,2026-08-01 06:00,0.18027778,0,0,0,0,0,0,0,0,0,0,0,0,,0.0,0.0,0.0,0.0,0.0,0.0,0.0,0.0
9000004850,2026-08-01 07:00,0.57416666,0,2,2,10,7,17,2,0,2,0,0,0,34.0,0.0,0.0,0.0,100.0,0.0,0.0,0.0,0.0
9000004850,2026-08-01 08:00,0.6816667,0,1,1,7,9,16,1,7,8,0,0,0,30.0,0.0,14.29,71.43,14.29,0.0,0.0,0.0,0.0
9000004850,2026-08-01 09:00,0.7911111,3,0,3,6,9,15,1,5,6,0,1,1,36.5,0.0,0.0,40.0,60.0,0.0,0.0,0.0,0.0
9000004850,2026-08-01 10:00,0.7747222,3,1,4,8,17,25,1,5,6,0,0,0,29.0,0.0,0.0,100.0,0.0,0.0,0.0,0.0,0.0
9000004850,2026-08-01 11:00,0.7827778,0,1,1,9,18,27,3,3,6,0,0,0,72.0,0.0,0.0,25.0,25.0,25.0,0.0,0.0,25.0
9000004850,2026-08-01 12:00,0.7866667,1,1,2,18,14,32,6,8,14,0,4,4,33.5,0.0,9.09,63.64,27.27,0.0,0.0,0.0,0.0
9000004850,2026-08-01 13:00,0.7863889,5,5,10,1,0,1,3,4,7,5,9,14,41.5,20.0,20.0,20.0,20.0,20.0,0.0,0.0,0.0
9000004850,2026-08-01 14:00,0.78583336,1,4,5,0,1,1,3,4,7,9,10,19,66.0,0.0,0.0,0.0,60.0,20.0,0.0,20.0,0.0
9000004850,2026-08-01 15:00,0.79,3,8,11,3,4,7,8,6,14,6,16,22,34.0,9.09,18.18,36.36,36.36,0.0,0.0,0.0,0.0
9000004850,2026-08-01 16:00,0.7761111,3,5,8,5,5,10,9,5,14,3,5,8,34.0,0.0,0.0,63.64,27.27,9.09,0.0,0.0,0.0
9000004850,2026-08-01 17:00,0.71944445,13,10,23,3,4,7,1,4,5,0,0,0,22.0,50.0,25.0,25.0,0.0,0.0,0.0,0.0,0.0
9000004850,2026-08-01 18:00,0.78055555,5,3,8,12,13,25,6,9,15,0,0,0,33.0,8.33,0.0,66.67,25.0,0.0,0.0,0.0,0.0
9000004850,2026-08-01 19:00,0.78833336,3,0,3,5,6,11,5,8,13,0,1,1,37.5,0.0,20.0,50.0,20.0,10.0,0.0,0.0,0.0
9000004850,2026-08-01 20:00,0.7430556,4,3,7,8,3,11,4,5,9,0,0,0,34.5,0.0,14.29,57.14,28.57,0.0,0.0,0.0,0.0
9000004850,2026-08-01 21:00,0.0,0,0,0,0,0,0,0,0,0,0,0,0,,0.0,0.0,0.0,0.0,0.0,0.0,0.0,0.0
9000004850,2026-08-01 22:00,0.0,0,0,0,0,0,0,0,0,0,0,0,0,,0.0,0.0,0.0,0.0,0.0,0.0,0.0,0.0
9000004850,2026-08-01 23:00,0.0,0,0,0,0,0,0,0,0,0,0,0,0,,0.0,0.0,0.0,0.0,0.0,0.0,0.0,0.0
9000004850,2026-08-02 00:00,0.0,0,0,0,0,0,0,0,0,0,0,0,0,,0.0,0.0,0.0,0.0,0.0,0.0,0.0,0.0
9000004850,2026-08-02 02:00,0.0,0,0,0,0,0,0,0,0,0,0,0,0,,0.0,0.0,0.0,0.0,0.0,0.0,0.0,0.0
9000004850,2026-08-02 03:00,0.0,0,0,0,0,0,0,0,0,0,0,0,0,,0.0,0.0,0.0,0.0,0.0,0.0,0.0,0.0
9000004850,2026-08-02 04:00,0.0,0,0,0,0,0,0,0,0,0,0,0,0,,0.0,0.0,0.0,0.0,0.0,0.0,0.0,0.0
9000004850,2026-08-02 05:00,0.34166667,0,0,0,0,3,3,3,0,3,0,0,0,34.0,0.0,0.0,0.0,100.0,0.0,0.0,0.0,0.0
9000004850,2026-08-02 06:00,0.7888889,0,0,0,3,1,4,0,1,1,0,0,0,39.0,0.0,0.0,0.0,100.0,0.0,0.0,0.0,0.0
9000004850,2026-08-02 07:00,0.7816667,0,0,0,0,4,4,0,3,3,0,0,0,48.5,0.0,0.0,0.0,50.0,50.0,0.0,0.0,0.0
9000004850,2026-08-02 08:00,0.3725,0,3,3,3,0,3,0,3,3,0,0,0,39.0,0.0,0.0,0.0,100.0,0.0,0.0,0.0,0.0
9000004850,2026-08-02 09:00,0.5997222,0,0,0,2,2,4,3,8,11,0,0,0,33.0,0.0,0.0,57.14,42.86,0.0,0.0,0.0,0.0
9000004850,2026-08-02 10:00,0.70694447,0,0,0,3,8,11,3,1,4,1,1,2,34.0,0.0,0.0,33.33,66.67,0.0,0.0,0.0,0.0
9000004869,2026-08-01 02:00,0.0,0,0,0,0,0,0,0,0,0,0,0,0,,0.0,0.0,0.0,0.0,0.0,0.0,0.0,0.0
9000004869,2026-08-01 03:00,0.0,0,0,0,0,0,0,0,0,0,0,0,0,,0.0,0.0,0.0,0.0,0.0,0.0,0.0,0.0
9000004869,2026-08-01 04:00,0.0,0,0,0,0,0,0,0,0,0,0,0,0,,0.0,0.0,0.0,0.0,0.0,0.0,0.0,0.0
9000004869,2026-08-01 05:00,0.0,0,0,0,0,0,0,0,0,0,0,0,0,,0.0,0.0,0.0,0.0,0.0,0.0,0.0,0.0
9000004869,2026-08-01 06:00,0.18055555,6,0,6,0,6,6,33,6,39,17,6,23,33.0,0.0,0.0,57.14,42.86,0.0,0.0,0.0,0.0
9000004869,2026-08-01 07:00,0.2588889,0,0,0,8,0,8,15,8,23,4,0,4,35.5,0.0,0.0,16.67,83.33,0.0,0.0,0.0,0.0
9000004869,2026-08-01 08:00,0.48583335,0,0,0,4,4,8,21,14,35,2,4,6,39.0,0.0,0.0,41.18,47.06,5.88,5.88,0.0,0.0
9000004869,2026-08-01 09:00,0.7430556,3,7,10,4,9,13,30,24,54,3,3,6,37.5,0.0,7.5,37.5,50.0,2.5,0.0,0.0,2.5
9000004869,2026-08-01 10:00,0.7783333,3,4,7,10,5,15,32,12,44,4,5,9,38.0,0.0,2.94,44.12,44.12,5.88,2.94,0.0,0.0
9000004869,2026-08-01 11:00,0.7677778,3,8,11,16,12,28,30,27,57,1,5,6,44.0,2.27,4.55,47.73,25.0,18.18,0.0,0.0,2.27
9000004869,2026-08-01 12:00,0.5663889,0,5,5,12,12,24,51,16,67,4,7,11,35.5,0.0,5.26,55.26,34.21,5.26,0.0,0.0,0.0
9000004869,2026-08-01 13:00,0.76666665,9,18,27,20,16,36,29,30,59,3,1,4,38.0,6.67,2.22,37.78,46.67,4.44,2.22,0.0,0.0
9000004869,2026-08-01 14:00,0.75777775,4,20,24,8,7,15,48,29,77,4,3,7,38.0,0.0,5.17,44.83,41.38,6.9,0.0,1.72,0.0
9000004869,2026-08-01 15:00,0.7752778,19,21,40,19,23,42,52,34,86,3,4,7,36.5,0.0,3.03,42.42,46.97,6.06,1.52,0.0,0.0
9000004869,2026-08-01 16:00,0.7186111,11,24,35,21,19,40,47,42,89,6,8,14,33.5,9.38,6.25,48.44,34.38,1.56,0.0,0.0,0.0
9000004869,2026-08-01 17:00,0.61944443,2,3,5,27,23,50,34,24,58,5,2,7,40.0,0.0,5.56,55.56,25.0,11.11,2.78,0.0,0.0
9000004869,2026-08-01 18:00,0.67138886,7,9,16,39,36,75,25,12,37,0,0,0,34.0,7.69,11.54,42.31,34.62,0.0,3.85,0.0,0.0
9000004869,2026-08-01 19:00,0.7658333,14,18,32,34,46,80,38,20,58,3,3,6,37.5,0.0,4.55,45.45,45.45,2.27,2.27,0.0,0.0
9000004869,2026-08-01 20:00,0.6666667,9,21,30,38,44,82,45,38,83,4,3,7,31.0,16.67,22.22,44.44,9.26,7.41,0.0,0.0,0.0
9000004869,2026-08-01 21:00,0.0,0,0,0,0,0,0,0,0,0,0,0,0,,0.0,0.0,0.0,0.0,0.0,0.0,0.0,0.0
9000004869,2026-08-01 22:00,0.0,0,0,0,0,0,0,0,0,0,0,0,0,,0.0,0.0,0.0,0.0,0.0,0.0,0.0,0.0
9000004869,2026-08-01 23:00,0.0,0,0,0,0,0,0,0,0,0,0,0,0,,0.0,0.0,0.0,0.0,0.0,0.0,0.0,0.0
9000004869,2026-08-02 00:00,0.0,0,0,0,0,0,0,0,0,0,0,0,0,,0.0,0.0,0.0,0.0,0.0,0.0,0.0,0.0
9000004869,2026-08-02 02:00,0.0,0,0,0,0,0,0,0,0,0,0,0,0,,0.0,0.0,0.0,0.0,0.0,0.0,0.0,0.0
9000004869,2026-08-02 03:00,0.0,0,0,0,0,0,0,0,0,0,0,0,0,,0.0,0.0,0.0,0.0,0.0,0.0,0.0,0.0
9000004869,2026-08-02 04:00,0.0,0,0,0,0,0,0,0,0,0,0,0,0,,0.0,0.0,0.0,0.0,0.0,0.0,0.0,0.0
9000004869,2026-08-02 05:00,0.16166666,12,0,12,6,0,6,12,6,18,0,0,0,42.5,0.0,0.0,33.33,33.33,33.33,0.0,0.0,0.0
9000004869,2026-08-02 06:00,0.7047222,0,1,1,3,0,3,9,3,12,0,3,3,33.5,0.0,25.0,50.0,12.5,12.5,0.0,0.0,0.0
9000004869,2026-08-02 07:00,0.79555553,0,1,1,5,4,9,20,13,33,0,3,3,36.5,0.0,19.23,50.0,26.92,3.85,0.0,0.0,0.0
9000004869,2026-08-02 08:00,0.7966667,3,3,6,3,8,11,9,11,20,1,1,2,39.0,0.0,6.25,56.25,25.0,12.5,0.0,0.0,0.0
9000004869,2026-08-02 09:00,0.79055554,1,5,6,8,15,23,14,8,22,1,1,2,43.5,0.0,0.0,47.06,29.41,17.65,5.88,0.0,0.0
9000004869,2026-08-02 10:00,0.7619445,4,5,9,4,9,13,13,14,27,0,0,0,73.5,0.0,4.76,28.57,38.1,4.76,4.76,0.0,19.05
9000005083,2026-08-01 02:00,0.9994444,0,0,0,0,0,0,0,0,0,0,0,0,,0.0,0.0,0.0,0.0,0.0,0.0,0.0,0.0
9000005083,2026-08-01 03:00,0.9994444,0,0,0,0,0,0,0,0,0,0,0,0,,0.0,0.0,0.0,0.0,0.0,0.0,0.0,0.0
9000005083,2026-08-01 04:00,0.9994444,0,0,0,0,0,0,0,0,0,0,0,0,,0.0,0.0,0.0,0.0,0.0,0.0,0.0,0.0
9000005083,2026-08-01 05:00,0.99916667,0,0,0,0,0,0,0,3,3,0,0,0,9.0,100.0,0.0,0.0,0.0,0.0,0.0,0.0,0.0
9000005083,2026-08-01 06:00,0.9994444,0,0,0,1,0,1,5,22,27,0,1,1,9.0,88.89,11.11,0.0,0.0,0.0,0.0,0.0,0.0
9000005083,2026-08-01 07:00,1.0,0,0,0,0,0,0,5,1,6,2,0,2,18.5,16.67,83.33,0.0,0.0,0.0,0.0,0.0,0.0
9000005083,2026-08-01 08:00,0.99916667,0,1,1,0,0,0,6,5,11,0,1,1,12.0,72.73,27.27,0.0,0.0,0.0,0.0,0.0,0.0
9000005083,2026-08-01 09:00,0.99916667,1,1,2,1,0,1,12,4,16,0,2,2,23.0,25.0,56.25,12.5,6.25,0.0,0.0,0.0,0.0
9000005083,2026-08-01 10:00,0.99972224,1,1,2,0,0,0,11,5,16,0,1,1,19.5,31.25,56.25,12.5,0.0,0.0,0.0,0.0,0.0
9000005083,2026-08-01 11:00,0.9994444,2,0,2,0,0,0,17,16,33,1,1,2,20.5,33.33,51.52,12.12,3.03,0.0,0.0,0.0,0.0
9000005083,2026-08-01 12:00,0.99972224,1,2,3,0,0,0,13,14,27,0,4,4,16.5,48.15,44.44,3.7,3.7,0.0,0.0,0.0,0.0
9000005083,2026-08-01 13:00,0.99916667,2,1,3,0,0,0,14,14,28,0,1,1,19.0,25.0,67.86,7.14,0.0,0.0,0.0,0.0,0.0
9000005083,2026-08-01 14:00,0.9994444,0,0,0,2,0,2,11,7,18,0,1,1,18.5,44.44,50.0,5.56,0.0,0.0,0.0,0.0,0.0
9000005083,2026-08-01 15:00,0.9994444,0,0,0,3,1,4,14,15,29,1,3,4,22.0,31.03,48.28,17.24,3.45,0.0,0.0,0.0,0.0
9000005083,2026-08-01 16:00,0.99916667,3,3,6,1,2,3,12,8,20,4,0,4,19.5,20.0,70.0,10.0,0.0,0.0,0.0,0.0,0.0
9000005083,2026-08-01 17:00,0.99972224,2,0,2,0,1,1,10,6,16,2,0,2,17.5,31.25,62.5,6.25,0.0,0.0,0.0,0.0,0.0
9000005083,2026-08-01 18:00,0.9994444,5,3,8,3,0,3,8,4,12,0,0,0,18.0,33.33,66.67,0.0,0.0,0.0,0.0,0.0,0.0
9000005083,2026-08-01 19:00,0.9994444,1,0,1,0,0,0,16,9,25,1,0,1,23.0,12.0,60.0,24.0,4.0,0.0,0.0,0.0,0.0
9000005083,2026-08-01 20:00,0.99972224,1,1,2,0,0,0,14,5,19,1,2,3,23.5,26.32,36.84,31.58,5.26,0.0,0.0,0.0,0.0
9000005083,2026-08-01 21:00,0.9994444,0,0,0,1,0,1,3,1,4,0,0,0,18.5,50.0,50.0,0.0,0.0,0.0,0.0,0.0,0.0
9000005083,2026-08-01 22:00,0.99916667,0,0,0,0,0,0,0,0,0,0,0,0,,0.0,0.0,0.0,0.0,0.0,0.0,0.0,0.0
9000005083,2026-08-01 23:00,0.9994444,0,0,0,0,0,0,0,0,0,0,0,0,,0.0,0.0,0.0,0.0,0.0,0.0,0.0,0.0
9000005083,2026-08-02 00:00,0.9994444,0,0,0,0,0,0,0,0,0,0,0,0,,0.0,0.0,0.0,0.0,0.0,0.0,0.0,0.0
9000005444,2026-08-01 02:00,0.9994444,0,0,0,0,0,0,0,0,0,0,0,0,,0.0,0.0,0.0,0.0,0.0,0.0,0.0,0.0
9000005444,2026-08-01 03:00,0.99916667,0,0,0,0,0,0,0,0,0,0,0,0,,0.0,0.0,0.0,0.0,0.0,0.0,0.0,0.0
9000005444,2026-08-01 04:00,0.99972224,0,0,0,0,0,0,0,0,0,0,0,0,,0.0,0.0,0.0,0.0,0.0,0.0,0.0,0.0
9000005444,2026-08-01 05:00,0.9994444,0,0,0,2,0,2,26,23,49,3,3,6,46.5,2.04,10.2,36.73,30.61,8.16,6.12,4.08,2.04
9000005444,2026-08-01 06:00,0.9994444,0,1,1,0,5,5,68,67,135,11,2,13,41.5,5.93,20.74,28.89,27.41,12.59,4.44,0.0,0.0
9000005444,2026-08-01 07:00,0.99972224,4,7,11,1,2,3,72,80,152,5,5,10,42.5,4.61,16.45,33.55,25.0,16.45,1.97,1.32,0.66
9000005444,2026-08-01 08:00,0.9994444,12,7,19,2,5,7,106,122,228,8,11,19,45.5,30.26,10.09,15.79,17.98,19.74,4.82,0.44,0.88
9000005444,2026-08-01 09:00,0.9994444,16,9,25,2,2,4,138,122,260,13,12,25,43.0,24.62,14.62,15.77,25.38,14.23,3.46,1.54,0.38
9000005444,2026-08-01 10:00,0.9994444,0,0,0,0,0,0,0,0,0,0,0,0,,0.0,0.0,0.0,0.0,0.0,0.0,0.0,0.0
9000005444,2026-08-01 11:00,0.99972224,9,8,17,4,6,10,192,168,360,19,15,34,44.0,1.94,12.78,28.33,31.39,18.89,5.56,0.56,0.56
9000005444,2026-08-01 12:00,0.99916667,4,20,24,4,9,13,244,224,468,15,6,21,40.5,1.71,11.97,36.11,34.4,11.97,3.21,0.21,0.43
9000005444,2026-08-01 13:00,0.9994444,4,27,31,8,8,16,288,285,573,25,12,37,40.5,2.44,17.1,34.73,29.67,12.91,2.44,0.7,0.0
9000005444,2026-08-01 14:00,0.9994444,14,7,21,10,11,21,328,297,625,18,19,37,41.5,4.48,16.96,31.04,29.92,14.56,2.56,0.32,0.16
9000005444,2026-08-01 15:00,0.99972224,11,20,31,15,9,24,318,291,609,25,20,45,42.5,4.76,13.3,29.72,33.66,13.79,3.28,0.82,0.66
9000005444,2026-08-01 16:00,0.99916667,2,1,3,5,6,11,270,186,456,17,16,33,39.0,13.6,16.23,34.65,22.15,9.43,3.29,0.44,0.22
9000005444,2026-08-01 17:00,0.9994444,1,2,3,7,1,8,212,114,326,22,10,32,42.0,2.15,8.9,32.21,37.12,15.34,1.84,1.84,0.61
9000005444,2026-08-01 18:00,0.9994444,17,30,47,19,9,28,319,290,609,27,16,43,41.0,1.97,12.97,32.84,35.63,12.97,2.63,0.82,0.16
9000005444,2026-08-01 19:00,0.9994444,9,20,29,22,10,32,268,299,567,22,10,32,40.5,1.76,19.75,35.8,26.63,12.87,2.82,0.35,0.0
9000005444,2026-08-01 20:00,0.9994444,9,23,32,13,2,15,230,231,461,7,2,9,38.0,3.47,19.96,39.05,27.33,7.81,2.17,0.22,0.0
9000005444,2026-08-01 21:00,0.9994444,0,0,0,2,1,3,39,44,83,1,3,4,36.0,8.43,19.28,36.14,27.71,6.02,2.41,0.0,0.0
9000005444,2026-08-01 22:00,0.99972224,0,0,0,0,0,0,0,0,0,0,0,0,,0.0,0.0,0.0,0.0,0.0,0.0,0.0,0.0
9000005444,2026-08-01 23:00,0.99916667,0,0,0,0,0,0,0,0,0,0,0,0,,0.0,0.0,0.0,0.0,0.0,0.0,0.0,0.0
9000005444,2026-08-02 00:00,0.9994444,0,0,0,0,0,0,0,0,0,0,0,0,,0.0,0.0,0.0,0.0,0.0,0.0,0.0,0.0
9000005484,2026-08-01 02:00,0.9994444,0,0,0,0,0,0,0,0,0,0,0,0,,0.0,0.0,0.0,0.0,0.0,0.0,0.0,0.0
9000005484,2026-08-01 03:00,0.9936111,0,0,0,0,0,0,0,0,0,0,0,0,,0.0,0.0,0.0,0.0,0.0,0.0,0.0,0.0
9000005484,2026-08-01 04:00,0.9961111,0,0,0,0,0,0,0,0,0,0,0,0,,0.0,0.0,0.0,0.0,0.0,0.0,0.0,0.0
9000005484,2026-08-01 05:00,0.9841667,3,7,10,2,1,3,23,28,51,5,3,8,43.5,0.0,5.88,25.49,45.1,11.76,7.84,0.0,3.92
9000005484,2026-08-01 06:00,0.99972224,7,16,23,6,4,10,61,41,102,17,13,30,49.5,0.0,1.96,24.51,36.27,23.53,7.84,0.0,5.88
9000005484,2026-08-01 07:00,0.9994444,8,19,27,1,5,6,84,104,188,18,21,39,43.0,1.06,7.45,42.02,29.26,12.77,5.85,1.6,0.0
9000005484,2026-08-01 08:00,0.9994444,11,29,40,1,5,6,135,144,279,25,24,49,44.5,0.72,8.96,34.05,29.39,20.43,3.23,1.79,1.43
9000005484,2026-08-01 09:00,0.99972224,33,84,117,15,17,32,196,235,431,37,34,71,42.5,4.18,16.01,28.31,31.32,15.55,3.25,0.93,0.46
9000005484,2026-08-01 10:00,0.99916667,48,100,148,24,18,42,252,303,555,38,29,67,41.5,3.96,17.66,34.41,26.13,13.69,3.78,0.0,0.36
9000005484,2026-08-01 11:00,0.99972224,48,71,119,13,11,24,284,318,602,38,32,70,40.0,4.15,17.28,29.57,33.72,11.63,2.66,0.66,0.33
9000005484,2026-08-01 12:00,0.9994444,44,71,115,12,8,20,356,327,683,38,33,71,41.0,2.49,16.54,31.48,33.38,11.86,2.78,0.59,0.88
9000005484,2026-08-01 13:00,0.99972224,36,85,121,13,14,27,348,353,701,44,28,72,40.5,4.56,18.97,30.1,30.39,11.7,2.28,1.14,0.86
9000005484,2026-08-01 14:00,0.9994444,47,86,133,10,20,30,384,309,693,32,29,61,41.0,3.46,14.0,30.45,35.06,13.28,2.16,1.15,0.43
9000005484,2026-08-01 15:00,0.99972224,95,148,243,28,30,58,385,273,658,40,33,73,43.0,0.91,12.46,31.0,33.89,16.41,3.19,0.91,1.22
9000005484,2026-08-01 16:00,0.99916667,65,162,227,33,32,65,318,243,561,45,30,75,41.5,3.03,14.97,29.06,35.47,13.19,2.32,1.25,0.71
9000005484,2026-08-01 17:00,0.99972224,83,120,203,34,40,74,322,232,554,36,18,54,43.5,1.62,12.27,27.44,35.92,16.43,3.61,1.26,1.44
9000005484,2026-08-01 18:00,0.99916667,85,140,225,39,28,67,303,221,524,21,14,35,42.5,1.15,11.26,33.02,35.5,13.55,3.44,2.1,0.0
9000005484,2026-08-01 19:00,0.99972224,97,128,225,20,28,48,244,171,415,23,13,36,45.5,1.45,11.33,26.99,34.7,17.35,6.02,1.93,0.24
9000005484,2026-08-01 20:00,0.99972224,94,119,213,16,13,29,169,158,327,15,18,33,43.5,0.31,11.62,33.94,31.8,15.29,4.59,1.53,0.92
9000005484,2026-08-01 21:00,0.9994444,11,13,24,1,3,4,19,8,27,2,3,5,40.0,0.0,11.11,25.93,48.15,14.81,0.0,0.0,0.0
9000005484,2026-08-01 22:00,0.9994444,0,0,0,0,0,0,0,0,0,0,0,0,,0.0,0.0,0.0,0.0,0.0,0.0,0.0,0.0
9000005484,2026-08-01 23:00,0.99444443,0,0,0,0,0,0,0,0,0,0,0,0,,0.0,0.0,0.0,0.0,0.0,0.0,0.0,0.0
9000005484,2026-08-02 00:00,0.99916667,0,0,0,0,0,0,0,0,0,0,0,0,,0.0,0.0,0.0,0.0,0.0,0.0,0.0,0.0
9000005708,2026-08-01 02:00,0.9994444,0,0,0,0,0,0,0,0,0,0,0,0,,0.0,0.0,0.0,0.0,0.0,0.0,0.0,0.0
9000005708,2026-08-01 03:00,0.99916667,0,0,0,0,0,0,0,0,0,0,0,0,,0.0,0.0,0.0,0.0,0.0,0.0,0.0,0.0
9000005708,2026-08-01 04:00,0.9994444,0,0,0,0,0,0,0,0,0,0,0,0,,0.0,0.0,0.0,0.0,0.0,0.0,0.0,0.0
9000005708,2026-08-01 05:00,0.9988889,0,0,0,0,0,0,1,0,1,0,1,1,14.0,0.0,100.0,0.0,0.0,0.0,0.0,0.0,0.0
9000005708,2026-08-01 06:00,0.9994444,0,1,1,0,0,0,1,5,6,0,0,0,18.5,50.0,50.0,0.0,0.0,0.0,0.0,0.0,0.0
9000005708,2026-08-01 07:00,0.99916667,0,0,0,0,0,0,1,0,1,0,1,1,24.0,0.0,0.0,100.0,0.0,0.0,0.0,0.0,0.0
9000005708,2026-08-01 08:00,0.9994444,0,2,2,0,0,0,1,4,5,2,3,5,21.0,20.0,60.0,20.0,0.0,0.0,0.0,0.0,0.0
9000005708,2026-08-01 09:00,0.9994444,2,0,2,0,1,1,2,3,5,0,0,0,16.0,60.0,40.0,0.0,0.0,0.0,0.0,0.0,0.0
9000005708,2026-08-01 10:00,0.9994444,0,1,1,0,5,5,2,10,12,2,0,2,18.0,16.67,83.33,0.0,0.0,0.0,0.0,0.0,0.0
9000005708,2026-08-01 11:00,0.9994444,0,1,1,1,2,3,0,8,8,0,2,2,18.0,0.0,100.0,0.0,0.0,0.0,0.0,0.0,0.0
9000005708,2026-08-01 12:00,0.9994444,0,0,0,0,1,1,3,11,14,0,0,0,17.0,28.57,64.29,7.14,0.0,0.0,0.0,0.0,0.0
9000005708,2026-08-01 13:00,0.99916667,0,0,0,2,3,5,1,6,7,0,0,0,20.0,14.29,71.43,14.29,0.0,0.0,0.0,0.0,0.0
9000005708,2026-08-01 14:00,0.9994444,0,0,0,0,1,1,3,4,7,0,1,1,18.0,28.57,71.43,0.0,0.0,0.0,0.0,0.0,0.0
9000005708,2026-08-01 15:00,0.9994444,1,6,7,3,1,4,0,8,8,0,0,0,18.5,0.0,100.0,0.0,0.0,0.0,0.0,0.0,0.0
9000005708,2026-08-01 16:00,0.9994444,0,3,3,0,1,1,1,3,4,0,0,0,18.5,25.0,75.0,0.0,0.0,0.0,0.0,0.0,0.0
9000005708,2026-08-01 17:00,0.99916667,1,3,4,0,3,3,0,6,6,0,1,1,15.5,16.67,83.33,0.0,0.0,0.0,0.0,0.0,0.0
9000005708,2026-08-01 18:00,0.99972224,3,3,6,3,2,5,0,3,3,0,0,0,18.0,0.0,100.0,0.0,0.0,0.0,0.0,0.0,0.0
9000005708,2026-08-01 19:00,0.99916667,0,2,2,2,3,5,2,4,6,0,0,0,14.0,16.67,83.33,0.0,0.0,0.0,0.0,0.0,0.0
9000005708,2026-08-01 20:00,0.99916667,1,1,2,0,2,2,0,5,5,0,0,0,16.0,40.0,60.0,0.0,0.0,0.0,0.0,0.0,0.0
9000005708,2026-08-01 21:00,0.9994444,0,0,0,0,0,0,0,0,0,0,0,0,,0.0,0.0,0.0,0.0,0.0,0.0,0.0,0.0
9000005708,2026-08-01 22:00,0.99916667,0,0,0,0,0,0,0,0,0,0,0,0,,0.0,0.0,0.0,0.0,0.0,0.0,0.0,0.0
9000005708,2026-08-01 23:00,0.9994444,0,0,0,0,0,0,0,0,0,0,0,0,,0.0,0.0,0.0,0.0,0.0,0.0,0.0,0.0
9000005708,2026-08-02 00:00,0.99916667,0,0,0,0,0,0,0,0,0,0,0,0,,0.0,0.0,0.0,0.0,0.0,0.0,0.0,0.0
9000005720,2026-08-01 02:00,0.99916667,0,0,0,0,0,0,0,0,0,0,0,0,,0.0,0.0,0.0,0.0,0.0,0.0,0.0,0.0
9000005720,2026-08-01 03:00,0.9994444,0,0,0,0,0,0,0,0,0,0,0,0,,0.0,0.0,0.0,0.0,0.0,0.0,0.0,0.0
9000005720,2026-08-01 04:00,0.99916667,0,0,0,0,0,0,0,0,0,0,0,0,,0.0,0.0,0.0,0.0,0.0,0.0,0.0,0.0
9000005720,2026-08-01 05:00,0.99916667,0,0,0,0,0,0,8,5,13,0,0,0,30.0,23.08,15.38,46.15,7.69,7.69,0.0,0.0,0.0
9000005720,2026-08-01 06:00,0.99916667,0,0,0,0,1,1,26,42,68,1,5,6,28.5,42.65,17.65,29.41,10.29,0.0,0.0,0.0,0.0
9000005720,2026-08-01 07:00,0.9994444,0,0,0,0,1,1,66,49,115,2,10,12,33.5,30.43,12.17,31.3,23.48,2.61,0.0,0.0,0.0
9000005720,2026-08-01 08:00,0.9994444,10,26,36,0,6,6,66,93,159,4,16,20,36.0,6.92,11.32,45.91,29.56,5.66,0.63,0.0,0.0
9000005720,2026-08-01 09:00,0.9994444,9,9,18,2,4,6,166,158,324,2,2,4,37.0,8.95,9.88,37.96,35.8,6.48,0.93,0.0,0.0
9000005720,2026-08-01 10:00,0.9994444,15,29,44,5,4,9,209,201,410,6,8,14,37.0,5.85,16.83,37.07,32.68,6.59,0.98,0.0,0.0
9000005720,2026-08-01 11:00,0.9994444,9,48,57,3,7,10,164,149,313,8,6,14,36.0,2.88,19.81,41.53,31.31,4.15,0.32,0.0,0.0
9000005720,2026-08-01 12:00,0.99972224,6,22,28,4,2,6,163,149,312,6,11,17,37.5,4.17,17.95,37.82,30.77,7.69,1.6,0.0,0.0
9000005720,2026-08-01 13:00,0.99972224,8,8,16,4,2,6,143,135,278,7,19,26,38.5,6.47,15.83,30.22,35.97,10.43,1.08,0.0,0.0
9000005720,2026-08-01 14:00,0.99916667,6,27,33,5,7,12,167,140,307,5,11,16,38.0,1.3,14.01,39.41,36.48,7.49,1.3,0.0,0.0
9000005720,2026-08-01 15:00,0.9994444,13,13,26,7,9,16,173,124,297,3,7,10,40.5,4.71,9.76,30.3,39.39,12.12,3.37,0.34,0.0
9000005720,2026-08-01 16:00,0.99916667,7,3,10,16,15,31,180,138,318,0,5,5,39.5,7.23,24.53,26.1,27.99,12.58,1.26,0.31,0.0
9000005720,2026-08-01 17:00,0.9994444,15,10,25,15,21,36,162,135,297,6,6,12,36.5,10.77,18.86,36.03,25.25,6.73,2.36,0.0,0.0
9000005720,2026-08-01 18:00,0.99972224,4,6,10,6,16,22,169,96,265,2,4,6,39.5,13.21,18.87,31.32,22.26,10.57,2.64,1.13,0.0
9000005720,2026-08-01 19:00,0.9994444,9,14,23,12,9,21,92,73,165,1,6,7,42.0,7.27,15.15,31.52,26.67,15.76,3.03,0.61,0.0
9000005720,2026-08-01 20:00,0.9994444,8,18,26,8,8,16,90,73,163,3,1,4,40.5,10.43,14.11,30.67,28.83,13.5,1.84,0.61,0.0
9000005720,2026-08-01 21:00,0.9994444,0,1,1,0,0,0,5,4,9,0,1,1,24.5,33.33,22.22,33.33,11.11,0.0,0.0,0.0,0.0
9000005720,2026-08-01 22:00,0.99972224,0,0,0,0,0,0,0,0,0,0,0,0,,0.0,0.0,0.0,0.0,0.0,0.0,0.0,0.0
9000005720,2026-08-01 23:00,1.0,0,0,0,0,0,0,0,0,0,0,0,0,,0.0,0.0,0.0,0.0,0.0,0.0,0.0,0.0
9000005720,2026-08-02 00:00,0.99972224,0,0,0,0,0,0,0,0,0,0,0,0,,0.0,0.0,0.0,0.0,0.0,0.0,0.0,0.0
9000005832,2026-08-01 02:00,0.0,0,0,0,0,0,0,0,0,0,0,0,0,,0.0,0.0,0.0,0.0,0.0,0.0,0.0,0.0
9000005832,2026-08-01 03:00,0.0,0,0,0,0,0,0,0,0,0,0,0,0,,0.0,0.0,0.0,0.0,0.0,0.0,0.0,0.0
9000005832,2026-08-01 04:00,0.0,0,0,0,0,0,0,0,0,0,0,0,0,,0.0,0.0,0.0,0.0,0.0,0.0,0.0,0.0
9000005832,2026-08-01 05:00,0.0,0,0,0,0,0,0,0,0,0,0,0,0,,0.0,0.0,0.0,0.0,0.0,0.0,0.0,0.0
9000005832,2026-08-01 06:00,0.0,0,0,0,0,0,0,0,0,0,0,0,0,,0.0,0.0,0.0,0.0,0.0,0.0,0.0,0.0
9000005832,2026-08-01 07:00,0.0875,0,0,0,0,0,0,0,0,0,0,0,0,,0.0,0.0,0.0,0.0,0.0,0.0,0.0,0.0
9000005832,2026-08-01 08:00,0.4788889,0,2,2,21,2,23,4,4,8,0,2,2,40.5,0.0,20.0,40.0,20.0,20.0,0.0,0.0,0.0
9000005832,2026-08-01 09:00,0.765,5,7,12,3,13,16,9,7,16,1,1,2,28.5,8.33,0.0,91.67,0.0,0.0,0.0,0.0,0.0
9000005832,2026-08-01 10:00,0.68833333,6,9,15,7,22,29,13,17,30,1,4,5,37.0,15.0,20.0,45.0,10.0,10.0,0.0,0.0,0.0
9000005832,2026-08-01 11:00,0.7675,7,4,11,12,13,25,10,25,35,1,0,1,30.0,0.0,33.33,51.85,14.81,0.0,0.0,0.0,0.0
9000005832,2026-08-01 12:00,0.69666666,9,6,15,17,16,33,19,30,49,1,6,7,30.0,5.88,44.12,35.29,8.82,5.88,0.0,0.0,0.0
9000005832,2026-08-01 13:00,0.7638889,8,10,18,24,29,53,26,20,46,3,5,8,26.5,11.43,28.57,54.29,5.71,0.0,0.0,0.0,0.0
9000005832,2026-08-01 14:00,0.6255556,10,5,15,16,18,34,19,40,59,2,5,7,29.5,16.67,25.0,44.44,5.56,5.56,0.0,0.0,2.78
9000005832,2026-08-01 15:00,0.77416664,9,14,23,39,37,76,19,40,59,4,10,14,32.5,4.35,30.43,43.48,13.04,2.17,0.0,2.17,4.35
9000005832,2026-08-01 16:00,0.7486111,12,12,24,49,49,98,29,48,77,1,12,13,28.5,5.17,37.93,46.55,10.34,0.0,0.0,0.0,0.0
9000005832,2026-08-01 17:00,0.7558333,16,11,27,61,46,107,34,40,74,3,4,7,34.0,12.5,21.43,42.86,17.86,1.79,3.57,0.0,0.0
9000005832,2026-08-01 18:00,0.73333335,25,15,40,34,67,101,30,71,101,4,3,7,27.0,25.68,31.08,35.14,5.41,2.7,0.0,0.0,0.0
9000005832,2026-08-01 19:00,0.77166665,13,9,22,44,73,117,34,54,88,3,4,7,28.0,7.35,38.24,45.59,4.41,2.94,1.47,0.0,0.0
9000005832,2026-08-01 20:00,0.36944443,14,3,17,46,73,119,43,68,111,3,3,6,31.0,16.67,30.95,38.1,7.14,0.0,7.14,0.0,0.0
9000005832,2026-08-01 21:00,0.0,0,0,0,0,0,0,0,0,0,0,0,0,,0.0,0.0,0.0,0.0,0.0,0.0,0.0,0.0
9000005832,2026-08-01 22:00,0.0,0,0,0,0,0,0,0,0,0,0,0,0,,0.0,0.0,0.0,0.0,0.0,0.0,0.0,0.0
9000005832,2026-08-01 23:00,0.0,0,0,0,0,0,0,0,0,0,0,0,0,,0.0,0.0,0.0,0.0,0.0,0.0,0.0,0.0
9000005832,2026-08-02 00:00,0.0,0,0,0,0,0,0,0,0,0,0,0,0,,0.0,0.0,0.0,0.0,0.0,0.0,0.0,0.0
9000005862,2026-08-01 02:00,0.0,0,0,0,0,0,0,0,0,0,0,0,0,,0.0,0.0,0.0,0.0,0.0,0.0,0.0,0.0
9000005862,2026-08-01 03:00,0.0,0,0,0,0,0,0,0,0,0,0,0,0,,0.0,0.0,0.0,0.0,0.0,0.0,0.0,0.0
9000005862,2026-08-01 04:00,0.0,0,0,0,0,0,0,0,0,0,0,0,0,,0.0,0.0,0.0,0.0,0.0,0.0,0.0,0.0
9000005862,2026-08-01 05:00,0.0,0,0,0,0,0,0,0,0,0,0,0,0,,0.0,0.0,0.0,0.0,0.0,0.0,0.0,0.0
9000005862,2026-08-01 06:00,0.43138888,0,0,0,0,2,2,28,21,49,2,7,9,44.0,5.0,0.0,35.0,30.0,30.0,0.0,0.0,0.0
9000005862,2026-08-01 07:00,0.7186111,0,0,0,0,0,0,32,31,63,7,14,21,40.0,0.0,0.0,30.43,54.35,13.04,2.17,0.0,0.0
9000005862,2026-08-01 08:00,0.7725,0,1,1,6,3,9,48,34,82,3,17,20,38.5,1.59,3.17,38.1,47.62,9.52,0.0,0.0,0.0
9000005862,2026-08-01 09:00,0.7888889,1,1,2,10,4,14,53,52,105,5,8,13,42.0,2.41,1.2,33.73,44.58,15.66,1.2,1.2,0.0
9000005862,2026-08-01 10:00,0.7733333,8,4,12,6,8,14,69,54,123,4,19,23,39.5,2.11,8.42,32.63,44.21,9.47,2.11,1.05,0.0
9000005862,2026-08-01 11:00,0.7763889,5,5,10,9,13,22,79,59,138,9,24,33,42.0,1.85,2.78,24.07,51.85,12.96,4.63,0.93,0.93
9000005862,2026-08-01 12:00,0.7802778,9,9,18,14,5,19,85,78,163,9,27,36,38.5,2.36,4.72,35.43,47.24,7.09,2.36,0.0,0.79
9000005862,2026-08-01 13:00,0.7872222,8,6,14,8,17,25,116,91,207,6,32,38,39.0,2.45,1.84,39.26,44.79,7.98,1.84,0.61,1.23
9000005862,2026-08-01 14:00,0.78805554,9,8,17,13,8,21,81,114,195,11,28,39,39.5,3.9,4.55,33.77,45.45,9.74,1.95,0.65,0.0
9000005862,2026-08-01 15:00,0.7852778,6,9,15,19,14,33,127,122,249,9,18,27,38.5,3.06,5.61,39.8,39.8,7.14,2.55,1.53,0.51
9000005862,2026-08-01 16:00,0.7722222,8,3,11,18,18,36,95,175,270,16,31,47,36.5,2.88,4.33,48.56,36.06,4.81,2.4,0.0,0.96
9000005862,2026-08-01 17:00,0.7413889,1,3,4,16,9,25,43,82,125,7,12,19,34.0,20.43,15.05,41.94,18.28,1.08,1.08,0.0,2.15
9000005862,2026-08-01 18:00,0.75722224,4,1,5,24,15,39,116,96,212,3,13,16,40.0,9.94,4.35,39.13,31.06,13.04,1.24,0.62,0.62
9000005862,2026-08-01 19:00,0.7786111,3,6,9,12,24,36,91,114,205,6,5,11,41.0,3.75,5.0,38.75,36.25,11.88,2.5,1.88,0.0
9000005862,2026-08-01 20:00,0.79444444,3,3,6,18,19,37,102,93,195,6,14,20,39.5,0.65,3.87,37.42,43.87,9.03,2.58,1.29,1.29
9000005862,2026-08-01 21:00,0.01,0,0,0,0,0,0,0,100,100,0,0,0,34.0,0.0,0.0,0.0,100.0,0.0,0.0,0.0,0.0
9000005862,2026-08-01 22:00,0.0,0,0,0,0,0,0,0,0,0,0,0,0,,0.0,0.0,0.0,0.0,0.0,0.0,0.0,0.0
9000005862,2026-08-01 23:00,0.0,0,0,0,0,0,0,0,0,0,0,0,0,,0.0,0.0,0.0,0.0,0.0,0.0,0.0,0.0
9000005862,2026-08-02 00:00,0.0,0,0,0,0,0,0,0,0,0,0,0,0,,0.0,0.0,0.0,0.0,0.0,0.0,0.0,0.0
9000005900,2026-08-01 02:00,0.99916667,0,0,0,0,0,0,0,0,0,0,0,0,,0.0,0.0,0.0,0.0,0.0,0.0,0.0,0.0
9000005900,2026-08-01 03:00,0.9994444,0,0,0,0,0,0,0,0,0,0,0,0,,0.0,0.0,0.0,0.0,0.0,0.0,0.0,0.0
9000005900,2026-08-01 04:00,0.9994444,0,0,0,0,0,0,0,0,0,0,0,0,,0.0,0.0,0.0,0.0,0.0,0.0,0.0,0.0
9000005900,2026-08-01 05:00,0.9988889,0,0,0,0,0,0,5,11,16,1,0,1,49.5,0.0,6.25,18.75,18.75,43.75,12.5,0.0,0.0
9000005900,2026-08-01 06:00,0.99972224,0,0,0,0,1,1,21,32,53,1,0,1,48.0,5.66,3.77,16.98,28.3,35.85,9.43,0.0,0.0
9000005900,2026-08-01 07:00,0.99972224,0,0,0,0,1,1,26,39,65,0,1,1,52.0,0.0,0.0,18.46,27.69,35.38,12.31,6.15,0.0
9000005900,2026-08-01 08:00,0.9994444,2,0,2,3,1,4,54,79,133,3,1,4,50.5,0.0,5.26,13.53,32.33,32.33,15.04,1.5,0.0
9000005900,2026-08-01 09:00,0.9994444,2,2,4,2,2,4,111,126,237,5,1,6,48.5,0.84,3.8,17.3,34.6,33.33,8.44,1.27,0.42
9000005900,2026-08-01 10:00,0.9994444,0,1,1,3,0,3,116,174,290,4,2,6,47.5,0.34,7.59,13.79,42.76,25.86,8.28,1.03,0.34
9000005900,2026-08-01 11:00,0.99972224,0,0,0,1,3,4,169,199,368,5,2,7,46.0,0.27,4.89,18.75,43.21,24.73,6.25,1.9,0.0
9000005900,2026-08-01 12:00,0.99916667,0,0,0,4,1,5,178,174,352,3,3,6,46.5,0.57,3.41,15.34,46.02,26.99,5.11,1.99,0.57
9000005900,2026-08-01 13:00,0.9994444,0,0,0,3,2,5,162,179,341,3,3,6,48.5,3.81,5.87,13.2,34.6,30.5,8.8,2.64,0.59
9000005900,2026-08-01 14:00,0.9988889,0,1,1,1,4,5,157,151,308,1,0,1,47.5,0.0,2.92,16.88,38.64,31.82,8.77,0.32,0.65
9000005900,2026-08-01 15:00,0.9994444,0,3,3,1,9,10,184,149,333,2,1,3,47.0,0.6,4.8,18.62,43.24,24.62,6.61,1.2,0.3
9000005900,2026-08-01 16:00,0.9994444,4,2,6,10,14,24,188,157,345,1,0,1,47.0,0.0,3.48,23.48,35.94,27.25,8.99,0.58,0.29
9000005900,2026-08-01 17:00,0.99972224,6,0,6,10,9,19,143,140,283,1,3,4,48.0,0.35,2.83,15.19,44.88,26.15,9.19,1.41,0.0
9000005900,2026-08-01 18:00,0.99916667,3,3,6,11,9,20,75,103,178,0,1,1,48.5,0.56,1.12,16.85,38.2,32.58,8.43,1.69,0.56
9000005900,2026-08-01 19:00,0.9994444,5,1,6,6,8,14,59,83,142,0,0,0,48.0,0.7,2.82,14.08,30.99,41.55,6.34,2.82,0.7
9000005900,2026-08-01 20:00,0.9994444,0,0,0,4,9,13,45,70,115,0,0,0,50.0,0.0,0.0,19.13,33.04,33.04,9.57,5.22,0.0
9000005900,2026-08-01 21:00,0.99972224,0,0,0,0,1,1,8,30,38,0,0,0,49.0,0.0,0.0,5.26,50.0,31.58,5.26,0.0,7.89
9000005900,2026-08-01 22:00,0.99972224,0,0,0,0,0,0,0,0,0,0,0,0,,0.0,0.0,0.0,0.0,0.0,0.0,0.0,0.0
9000005900,2026-08-01 23:00,0.9994444,0,0,0,0,0,0,0,0,0,0,0,0,,0.0,0.0,0.0,0.0,0.0,0.0,0.0,0.0
9000005900,2026-08-02 00:00,0.9994444,0,0,0,0,0,0,0,0,0,0,0,0,,0.0,0.0,0.0,0.0,0.0,0.0,0.0,0.0
9000005909,2026-08-01 02:00,0.99916667,0,0,0,0,0,0,0,0,0,0,0,0,,0.0,0.0,0.0,0.0,0.0,0.0,0.0,0.0
9000005909,2026-08-01 03:00,0.9994444,0,0,0,0,0,0,0,0,0,0,0,0,,0.0,0.0,0.0,0.0,0.0,0.0,0.0,0.0
9000005909,2026-08-01 04:00,0.99916667,0,0,0,0,0,0,0,0,0,0,0,0,,0.0,0.0,0.0,0.0,0.0,0.0,0.0,0.0
9000005909,2026-08-01 05:00,0.9994444,0,0,0,0,0,0,0,2,2,0,0,0,83.5,0.0,0.0,50.0,0.0,0.0,0.0,0.0,50.0
9000005909,2026-08-01 06:00,0.9994444,0,0,0,0,0,0,1,5,6,0,0,0,40.5,0.0,0.0,33.33,50.0,16.67,0.0,0.0,0.0
9000005909,2026-08-01 07:00,0.99972224,0,0,0,0,0,0,2,11,13,0,1,1,40.0,7.69,7.69,7.69,61.54,15.38,0.0,0.0,0.0
9000005909,2026-08-01 08:00,0.9994444,0,2,2,0,2,2,9,14,23,0,0,0,40.5,0.0,0.0,30.43,52.17,17.39,0.0,0.0,0.0
9000005909,2026-08-01 09:00,0.99916667,1,3,4,1,2,3,17,25,42,3,2,5,40.5,0.0,0.0,28.57,54.76,16.67,0.0,0.0,0.0
9000005909,2026-08-01 10:00,0.9994444,0,0,0,0,1,1,20,24,44,1,1,2,41.0,0.0,0.0,15.91,65.91,15.91,2.27,0.0,0.0
9000005909,2026-08-01 11:00,0.99972224,0,1,1,1,0,1,19,26,45,0,2,2,39.5,2.22,0.0,33.33,51.11,13.33,0.0,0.0,0.0
9000005909,2026-08-01 12:00,0.9994444,0,1,1,0,0,0,26,28,54,3,3,6,38.0,0.0,1.85,44.44,42.59,11.11,0.0,0.0,0.0
9000005909,2026-08-01 13:00,0.9994444,2,0,2,0,2,2,17,15,32,1,1,2,39.0,0.0,0.0,34.38,53.12,12.5,0.0,0.0,0.0
9000005909,2026-08-01 14:00,0.9994444,3,5,8,2,5,7,22,19,41,1,0,1,43.0,0.0,0.0,39.02,39.02,19.51,2.44,0.0,0.0
9000005909,2026-08-01 15:00,0.99916667,2,2,4,1,2,3,23,22,45,0,4,4,38.0,0.0,2.22,31.11,62.22,4.44,0.0,0.0,0.0
9000005909,2026-08-01 16:00,0.99972224,2,2,4,1,1,2,19,18,37,0,1,1,38.5,5.41,5.41,35.14,45.95,5.41,2.7,0.0,0.0
9000005909,2026-08-01 17:00,0.9994444,1,0,1,1,5,6,17,16,33,1,2,3,41.5,0.0,0.0,30.3,48.48,21.21,0.0,0.0,0.0
9000005909,2026-08-01 18:00,0.99916667,1,4,5,3,4,7,8,9,17,1,0,1,37.5,5.88,0.0,35.29,52.94,0.0,0.0,0.0,5.88
9000005909,2026-08-01 19:00,0.9994444,6,2,8,2,5,7,16,9,25,1,1,2,39.5,4.0,0.0,28.0,56.0,12.0,0.0,0.0,0.0
9000005909,2026-08-01 20:00,0.9994444,4,1,5,5,2,7,12,10,22,0,0,0,38.5,4.55,4.55,31.82,50.0,4.55,4.55,0.0,0.0
9000005909,2026-08-01 21:00,0.99916667,0,0,0,0,0,0,6,3,9,0,0,0,29.5,44.44,0.0,44.44,11.11,0.0,0.0,0.0,0.0
9000005909,2026-08-01 22:00,0.9994444,0,0,0,0,0,0,0,0,0,0,0,0,,0.0,0.0,0.0,0.0,0.0,0.0,0.0,0.0
9000005909,2026-08-01 23:00,0.9994444,0,0,0,0,0,0,0,0,0,0,0,0,,0.0,0.0,0.0,0.0,0.0,0.0,0.0,0.0
9000005909,2026-08-02 00:00,0.99916667,0,0,0,0,0,0,0,0,0,0,0,0,,0.0,0.0,0.0,0.0,0.0,0.0,0.0,0.0
9000005977,2026-08-01 02:00,0.0,0,0,0,0,0,0,0,0,0,0,0,0,,0.0,0.0,0.0,0.0,0.0,0.0,0.0,0.0
9000005977,2026-08-01 03:00,0.0,0,0,0,0,0,0,0,0,0,0,0,0,,0.0,0.0,0.0,0.0,0.0,0.0,0.0,0.0
9000005977,2026-08-01 04:00,0.0,0,0,0,0,0,0,0,0,0,0,0,0,,0.0,0.0,0.0,0.0,0.0,0.0,0.0,0.0
9000005977,2026-08-01 05:00,0.0,0,0,0,0,0,0,0,0,0,0,0,0,,0.0,0.0,0.0,0.0,0.0,0.0,0.0,0.0
9000005977,2026-08-01 06:00,0.16222222,0,0,0,0,0,0,6,18,24,6,12,18,33.0,0.0,0.0,66.67,33.33,0.0,0.0,0.0,0.0
9000005977,2026-08-01 07:00,0.5422222,0,2,2,0,9,9,7,7,14,2,6,8,46.5,0.0,12.5,37.5,12.5,37.5,0.0,0.0,0.0
9000005977,2026-08-01 08:00,0.6591667,0,0,0,3,0,3,11,20,31,3,8,11,36.0,9.09,9.09,59.09,13.64,9.09,0.0,0.0,0.0
9000005977,2026-08-01 09:00,0.7941667,0,3,3,3,1,4,25,11,36,1,6,7,46.0,0.0,13.79,37.93,24.14,17.24,3.45,0.0,3.45
9000005977,2026-08-01 10:00,0.7875,5,1,6,17,6,23,42,22,64,8,1,9,34.0,0.0,18.0,52.0,24.0,4.0,0.0,2.0,0.0
9000005977,2026-08-01 11:00,0.79694444,5,3,8,14,13,27,30,29,59,4,9,13,35.0,2.13,12.77,53.19,25.53,2.13,0.0,2.13,2.13
9000005977,2026-08-01 12:00,0.7872222,6,4,10,13,8,21,41,30,71,10,6,16,36.5,3.57,19.64,37.5,30.36,3.57,1.79,0.0,3.57
9000005977,2026-08-01 13:00,0.79138887,3,6,9,9,16,25,29,30,59,9,9,18,34.0,6.38,27.66,40.43,19.15,2.13,2.13,0.0,2.13
9000005977,2026-08-01 14:00,0.78305554,1,3,4,15,8,23,40,51,91,6,9,15,40.5,7.04,25.35,36.62,15.49,11.27,0.0,1.41,2.82
9000005977,2026-08-01 15:00,0.78944445,6,10,16,18,20,38,42,57,99,11,10,21,32.0,5.13,35.9,38.46,15.38,2.56,0.0,2.56,0.0
9000005977,2026-08-01 16:00,0.69277775,3,9,12,10,19,29,35,43,78,4,4,8,39.0,1.89,22.64,43.4,20.75,3.77,0.0,3.77,3.77
9000005977,2026-08-01 17:00,0.67333335,3,9,12,18,15,33,43,59,102,13,4,17,40.0,7.25,23.19,31.88,23.19,10.14,0.0,0.0,4.35
9000005977,2026-08-01 18:00,0.7772222,1,8,9,8,17,25,23,73,96,1,13,14,31.0,13.33,34.67,34.67,13.33,2.67,0.0,1.33,0.0
9000005977,2026-08-01 19:00,0.7861111,13,19,32,25,31,56,41,62,103,3,6,9,31.5,11.11,23.46,48.15,12.35,2.47,1.23,1.23,0.0
9000005977,2026-08-01 20:00,0.7391667,14,19,33,19,26,45,53,60,113,0,7,7,30.0,2.44,31.71,51.22,13.41,0.0,0.0,0.0,1.22
9000005977,2026-08-01 21:00,0.0,0,0,0,0,0,0,0,0,0,0,0,0,,0.0,0.0,0.0,0.0,0.0,0.0,0.0,0.0
9000005977,2026-08-01 22:00,0.0,0,0,0,0,0,0,0,0,0,0,0,0,,0.0,0.0,0.0,0.0,0.0,0.0,0.0,0.0
9000005977,2026-08-01 23:00,0.0,0,0,0,0,0,0,0,0,0,0,0,0,,0.0,0.0,0.0,0.0,0.0,0.0,0.0,0.0
9000005977,2026-08-02 00:00,0.0,0,0,0,0,0,0,0,0,0,0,0,0,,0.0,0.0,0.0,0.0,0.0,0.0,0.0,0.0
9000006027,2026-08-01 02:00,0.0,0,0,0,0,0,0,0,0,0,0,0,0,,0.0,0.0,0.0,0.0,0.0,0.0,0.0,0.0
9000006027,2026-08-01 03:00,0.0,0,0,0,0,0,0,0,0,0,0,0,0,,0.0,0.0,0.0,0.0,0.0,0.0,0.0,0.0
9000006027,2026-08-01 04:00,0.0,0,0,0,0,0,0,0,0,0,0,0,0,,0.0,0.0,0.0,0.0,0.0,0.0,0.0,0.0
9000006027,2026-08-01 05:00,0.0,0,0,0,0,0,0,0,0,0,0,0,0,,0.0,0.0,0.0,0.0,0.0,0.0,0.0,0.0
9000006027,2026-08-01 06:00,0.0,0,0,0,0,0,0,0,0,0,0,0,0,,0.0,0.0,0.0,0.0,0.0,0.0,0.0,0.0
9000006027,2026-08-01 07:00,0.2425,0,4,4,4,0,4,4,8,12,0,0,0,17.5,0.0,100.0,0.0,0.0,0.0,0.0,0.0,0.0
9000006027,2026-08-01 08:00,0.49694446,0,0,0,0,16,16,6,4,10,2,8,10,77.5,0.0,50.0,25.0,0.0,0.0,0.0,0.0,25.0
9000006027,2026-08-01 09:00,0.77416664,5,3,8,13,25,38,3,8,11,4,0,4,29.0,12.5,37.5,37.5,0.0,0.0,0.0,12.5,0.0
9000006027,2026-08-01 10:00,0.7683333,4,4,8,22,25,47,12,17,29,5,3,8,26.0,4.55,59.09,36.36,0.0,0.0,0.0,0.0,0.0
9000006027,2026-08-01 11:00,0.7688889,1,4,5,10,18,28,18,13,31,3,3,6,26.0,4.17,58.33,29.17,4.17,4.17,0.0,0.0,0.0
9000006027,2026-08-01 12:00,0.77194446,8,3,11,28,25,53,13,9,22,6,3,9,28.0,5.88,52.94,35.29,5.88,0.0,0.0,0.0,0.0
9000006027,2026-08-01 13:00,0.7672222,5,1,6,22,29,51,21,17,38,1,4,5,29.0,0.0,24.14,65.52,10.34,0.0,0.0,0.0,0.0
9000006027,2026-08-01 14:00,0.77111113,1,3,4,19,31,50,8,9,17,4,5,9,31.5,0.0,38.46,38.46,23.08,0.0,0.0,0.0,0.0
9000006027,2026-08-01 15:00,0.7925,10,10,20,34,43,77,21,6,27,10,4,14,25.0,0.0,59.09,36.36,4.55,0.0,0.0,0.0,0.0
9000006027,2026-08-01 16:00,0.75805557,8,5,13,29,26,55,24,5,29,3,3,6,34.0,4.55,18.18,54.55,18.18,4.55,0.0,0.0,0.0
9000006027,2026-08-01 17:00,0.71194446,6,4,10,37,41,78,18,22,40,3,3,6,25.5,16.67,40.0,33.33,10.0,0.0,0.0,0.0,0.0
9000006027,2026-08-01 18:00,0.63166666,2,2,4,28,16,44,14,13,27,2,3,5,28.5,11.76,41.18,35.29,11.76,0.0,0.0,0.0,0.0
9000006027,2026-08-01 19:00,0.69416666,4,1,5,19,19,38,19,14,33,3,3,6,35.5,13.04,34.78,34.78,8.7,0.0,8.7,0.0,0.0
9000006027,2026-08-01 20:00,0.6111111,3,0,3,25,36,61,15,3,18,3,2,5,39.5,0.0,16.67,41.67,25.0,0.0,8.33,8.33,0.0
9000006027,2026-08-01 21:00,0.0,0,0,0,0,0,0,0,0,0,0,0,0,,0.0,0.0,0.0,0.0,0.0,0.0,0.0,0.0
9000006027,2026-08-01 22:00,0.0,0,0,0,0,0,0,0,0,0,0,0,0,,0.0,0.0,0.0,0.0,0.0,0.0,0.0,0.0
9000006027,2026-08-01 23:00,0.0,0,0,0,0,0,0,0,0,0,0,0,0,,0.0,0.0,0.0,0.0,0.0,0.0,0.0,0.0
9000006027,2026-08-02 00:00,0.0,0,0,0,0,0,0,0,0,0,0,0,0,,0.0,0.0,0.0,0.0,0.0,0.0,0.0,0.0
9000006300,2026-08-01 02:00,0.99916667,0,0,0,0,0,0,0,0,0,0,0,0,,0.0,0.0,0.0,0.0,0.0,0.0,0.0,0.0
9000006300,2026-08-01 03:00,0.9825,0,0,0,0,0,0,0,0,0,0,0,0,,0.0,0.0,0.0,0.0,0.0,0.0,0.0,0.0
9000006300,2026-08-01 04:00,0.99972224,0,0,0,0,0,0,0,0,0,0,0,0,,0.0,0.0,0.0,0.0,0.0,0.0,0.0,0.0
9000006300,2026-08-01 05:00,0.9994444,6,2,8,3,21,24,5,2,7,1,1,2,37.5,0.0,14.29,57.14,28.57,0.0,0.0,0.0,0.0
9000006300,2026-08-01 06:00,0.9994444,15,0,15,5,4,9,0,3,3,0,1,1,38.0,0.0,0.0,66.67,33.33,0.0,0.0,0.0,0.0
9000006300,2026-08-01 07:00,0.9994444,12,8,20,3,0,3,5,2,7,1,1,2,40.0,71.43,0.0,0.0,14.29,0.0,14.29,0.0,0.0
9000006300,2026-08-01 08:00,0.99972224,46,11,57,4,4,8,13,17,30,9,10,19,29.0,33.33,20.0,36.67,10.0,0.0,0.0,0.0,0.0
9000006300,2026-08-01 09:00,0.9994444,117,94,211,13,13,26,28,28,56,19,19,38,32.0,14.29,37.5,30.36,12.5,3.57,0.0,0.0,1.79
9000006300,2026-08-01 10:00,0.9994444,85,74,159,6,11,17,36,33,69,12,10,22,22.5,39.13,39.13,15.94,5.8,0.0,0.0,0.0,0.0
9000006300,2026-08-01 11:00,0.9994444,65,63,128,9,9,18,34,26,60,7,8,15,25.5,30.0,45.0,21.67,3.33,0.0,0.0,0.0,0.0
9000006300,2026-08-01 12:00,0.9994444,85,46,131,15,12,27,34,36,70,12,14,26,26.0,34.29,31.43,28.57,2.86,2.86,0.0,0.0,0.0
9000006300,2026-08-01 13:00,0.99916667,32,42,74,6,5,11,33,33,66,3,3,6,16.5,72.73,18.18,9.09,0.0,0.0,0.0,0.0,0.0
9000006300,2026-08-01 14:00,0.99194443,59,69,128,3,6,9,30,25,55,6,6,12,22.0,27.27,52.73,14.55,1.82,3.64,0.0,0.0,0.0
9000006300,2026-08-01 15:00,0.98944443,97,90,187,8,7,15,28,31,59,7,12,19,25.0,10.17,59.32,22.03,8.47,0.0,0.0,0.0,0.0
9000006300,2026-08-01 16:00,0.9994444,132,112,244,22,18,40,21,21,42,11,23,34,26.0,9.52,54.76,26.19,9.52,0.0,0.0,0.0,0.0
9000006300,2026-08-01 17:00,0.9994444,92,111,203,18,16,34,22,26,48,4,16,20,32.5,8.33,33.33,37.5,18.75,0.0,2.08,0.0,0.0
9000006300,2026-08-01 18:00,0.9994444,150,140,290,16,14,30,23,18,41,7,18,25,30.5,26.83,31.71,24.39,14.63,2.44,0.0,0.0,0.0
9000006300,2026-08-01 19:00,0.9994444,77,127,204,12,22,34,11,14,25,3,7,10,36.5,28.0,16.0,20.0,32.0,4.0,0.0,0.0,0.0
9000006300,2026-08-01 20:00,0.9911111,57,123,180,5,6,11,15,16,31,2,2,4,28.5,35.48,35.48,16.13,12.9,0.0,0.0,0.0,0.0
9000006300,2026-08-01 21:00,0.99972224,14,24,38,1,2,3,2,2,4,0,1,1,32.0,0.0,25.0,50.0,25.0,0.0,0.0,0.0,0.0
9000006300,2026-08-01 22:00,0.99916667,0,0,0,0,0,0,0,0,0,0,0,0,,0.0,0.0,0.0,0.0,0.0,0.0,0.0,0.0
9000006300,2026-08-01 23:00,0.9827778,0,0,0,0,0,0,0,0,0,0,0,0,,0.0,0.0,0.0,0.0,0.0,0.0,0.0,0.0
9000006300,2026-08-02 00:00,0.9861111,0,0,0,0,0,0,0,0,0,0,0,0,,0.0,0.0,0.0,0.0,0.0,0.0,0.0,0.0
9000006412,2026-08-01 09:00,0.02638889,0,0,0,0,0,0,38,0,38,0,0,0,29.0,0.0,0.0,100.0,0.0,0.0,0.0,0.0,0.0
9000006412,2026-08-01 10:00,0.7788889,3,0,3,0,3,3,28,21,49,0,1,1,26.0,44.74,28.95,23.68,2.63,0.0,0.0,0.0,0.0
9000006412,2026-08-01 11:00,0.7722222,1,1,2,4,5,9,28,27,55,0,3,3,22.5,27.91,44.19,25.58,2.33,0.0,0.0,0.0,0.0
9000006412,2026-08-01 12:00,0.77555555,4,1,5,1,10,11,31,35,66,0,0,0,25.5,25.49,33.33,37.25,3.92,0.0,0.0,0.0,0.0
9000006412,2026-08-01 13:00,0.7863889,0,4,4,4,3,7,29,23,52,3,0,3,26.0,12.2,46.34,34.15,4.88,2.44,0.0,0.0,0.0
9000006412,2026-08-01 14:00,0.78444445,3,5,8,4,5,9,23,29,52,0,4,4,25.0,17.07,31.71,48.78,0.0,0.0,2.44,0.0,0.0
9000006412,2026-08-01 15:00,0.79333335,3,3,6,4,5,9,30,40,70,0,0,0,25.0,14.29,39.29,39.29,7.14,0.0,0.0,0.0,0.0
9000006412,2026-08-01 16:00,0.7513889,5,3,8,11,9,20,24,21,45,1,0,1,26.5,20.59,41.18,29.41,8.82,0.0,0.0,0.0,0.0
9000006412,2026-08-01 17:00,0.6988889,3,0,3,36,11,47,10,9,19,4,0,4,30.5,38.46,23.08,23.08,15.38,0.0,0.0,0.0,0.0
9000006412,2026-08-01 18:00,0.68333334,1,0,1,13,13,26,10,12,22,3,0,3,19.5,53.33,33.33,6.67,6.67,0.0,0.0,0.0,0.0
9000006412,2026-08-01 19:00,0.7536111,4,4,8,8,5,13,25,15,40,1,0,1,25.0,20.0,26.67,46.67,3.33,3.33,0.0,0.0,0.0
9000006412,2026-08-01 20:00,0.79083335,1,1,2,5,9,14,13,15,28,0,0,0,21.0,18.18,63.64,13.64,4.55,0.0,0.0,0.0,0.0
9000006412,2026-08-01 21:00,0.061944444,0,0,0,0,0,0,32,65,97,0,0,0,40.5,33.33,50.0,0.0,0.0,16.67,0.0,0.0,0.0
9000006412,2026-08-01 22:00,0.0,0,0,0,0,0,0,0,0,0,0,0,0,,0.0,0.0,0.0,0.0,0.0,0.0,0.0,0.0
9000006412,2026-08-01 23:00,0.0,0,0,0,0,0,0,0,0,0,0,0,0,,0.0,0.0,0.0,0.0,0.0,0.0,0.0,0.0
9000006412,2026-08-02 00:00,0.0,0,0,0,0,0,0,0,0,0,0,0,0,,0.0,0.0,0.0,0.0,0.0,0.0,0.0,0.0
9000006445,2026-08-01 02:00,0.0,0,0,0,0,0,0,0,0,0,0,0,0,,0.0,0.0,0.0,0.0,0.0,0.0,0.0,0.0
9000006445,2026-08-01 03:00,0.0,0,0,0,0,0,0,0,0,0,0,0,0,,0.0,0.0,0.0,0.0,0.0,0.0,0.0,0.0
9000006445,2026-08-01 04:00,0.0,0,0,0,0,0,0,0,0,0,0,0,0,,0.0,0.0,0.0,0.0,0.0,0.0,0.0,0.0
9000006445,2026-08-01 05:00,0.0,0,0,0,0,0,0,0,0,0,0,0,0,,0.0,0.0,0.0,0.0,0.0,0.0,0.0,0.0
9000006445,2026-08-01 06:00,0.12861112,0,0,0,8,0,8,0,8,8,0,8,8,114.0,0.0,0.0,0.0,0.0,0.0,0.0,0.0,100.0
9000006445,2026-08-01 07:00,0.4813889,4,2,6,0,0,0,12,17,29,6,12,18,31.5,0.0,20.0,60.0,13.33,6.67,0.0,0.0,0.0
9000006445,2026-08-01 08:00,0.69861114,3,3,6,0,1,1,26,16,42,6,11,17,35.0,0.0,20.69,34.48,31.03,6.9,0.0,0.0,6.9
9000006445,2026-08-01 09:00,0.7683333,7,4,11,10,3,13,35,53,88,7,5,12,42.5,1.47,4.41,47.06,29.41,13.24,1.47,2.94,0.0
9000006445,2026-08-01 10:00,0.78444445,9,11,20,23,14,37,56,60,116,6,6,12,35.5,3.3,14.29,49.45,24.18,7.69,0.0,0.0,1.1
9000006445,2026-08-01 11:00,0.77111113,9,8,17,16,18,34,43,84,127,17,10,27,35.5,1.02,14.29,56.12,21.43,6.12,0.0,1.02,0.0
9000006445,2026-08-01 12:00,0.7747222,9,13,22,27,25,52,74,81,155,5,10,15,33.5,3.33,20.83,50.83,19.17,2.5,1.67,0.0,1.67
9000006445,2026-08-01 13:00,0.74333334,8,9,17,13,34,47,93,101,194,11,9,20,32.5,4.86,22.22,53.47,14.58,4.17,0.69,0.0,0.0
9000006445,2026-08-01 14:00,0.7727778,22,8,30,21,14,35,79,88,167,17,18,35,34.0,0.78,15.5,59.69,18.6,1.55,0.0,0.0,3.88
9000006445,2026-08-01 15:00,0.76916665,20,17,37,29,27,56,69,150,219,9,12,21,32.5,5.99,11.98,59.28,20.96,1.8,0.0,0.0,0.0
9000006445,2026-08-01 16:00,0.73138887,30,12,42,30,36,66,52,70,122,8,11,19,29.0,12.22,25.56,51.11,10.0,1.11,0.0,0.0,0.0
9000006445,2026-08-01 17:00,0.7108333,6,0,6,58,63,121,72,114,186,23,11,34,29.0,19.55,30.83,36.84,9.77,2.26,0.75,0.0,0.0
9000006445,2026-08-01 18:00,0.6863889,13,13,26,47,26,73,135,101,236,20,20,40,33.0,4.94,19.75,51.23,19.14,3.09,1.23,0.62,0.0
9000006445,2026-08-01 19:00,0.7633333,17,21,38,35,41,76,77,93,170,7,12,19,29.0,3.88,27.91,57.36,9.3,0.0,1.55,0.0,0.0
9000006445,2026-08-01 20:00,0.6547222,14,15,29,27,27,54,99,76,175,6,12,18,31.5,4.31,20.69,56.03,13.79,4.31,0.0,0.0,0.86
9000006445,2026-08-01 21:00,0.0,0,0,0,0,0,0,0,0,0,0,0,0,,0.0,0.0,0.0,0.0,0.0,0.0,0.0,0.0
9000006445,2026-08-01 22:00,0.0,0,0,0,0,0,0,0,0,0,0,0,0,,0.0,0.0,0.0,0.0,0.0,0.0,0.0,0.0
9000006445,2026-08-01 23:00,0.0,0,0,0,0,0,0,0,0,0,0,0,0,,0.0,0.0,0.0,0.0,0.0,0.0,0.0,0.0
9000006445,2026-08-02 00:00,0.0,0,0,0,0,0,0,0,0,0,0,0,0,,0.0,0.0,0.0,0.0,0.0,0.0,0.0,0.0
9000006539,2026-08-01 02:00,0.9994444,0,0,0,0,0,0,0,0,0,0,0,0,,0.0,0.0,0.0,0.0,0.0,0.0,0.0,0.0
9000006539,2026-08-01 03:00,0.9994444,0,0,0,0,0,0,0,0,0,0,0,0,,0.0,0.0,0.0,0.0,0.0,0.0,0.0,0.0
9000006539,2026-08-01 04:00,0.99916667,0,0,0,0,0,0,0,0,0,0,0,0,,0.0,0.0,0.0,0.0,0.0,0.0,0.0,0.0
9000006539,2026-08-01 05:00,0.9994444,0,0,0,0,0,0,0,0,0,0,0,0,,0.0,0.0,0.0,0.0,0.0,0.0,0.0,0.0
9000006539,2026-08-01 06:00,0.99916667,0,0,0,0,0,0,0,0,0,0,0,0,,0.0,0.0,0.0,0.0,0.0,0.0,0.0,0.0
9000006539,2026-08-01 07:00,0.9994444,0,0,0,0,0,0,0,0,0,0,0,0,,0.0,0.0,0.0,0.0,0.0,0.0,0.0,0.0
9000006539,2026-08-01 08:00,0.99916667,0,0,0,0,0,0,0,0,0,0,0,0,,0.0,0.0,0.0,0.0,0.0,0.0,0.0,0.0
9000006539,2026-08-01 09:00,0.9994444,0,0,0,0,0,0,0,0,0,0,0,0,,0.0,0.0,0.0,0.0,0.0,0.0,0.0,0.0
9000006539,2026-08-01 10:00,0.99916667,0,0,0,0,0,0,0,0,0,0,0,0,,0.0,0.0,0.0,0.0,0.0,0.0,0.0,0.0
9000006539,2026-08-01 11:00,0.9994444,0,0,0,0,0,0,0,0,0,0,0,0,,0.0,0.0,0.0,0.0,0.0,0.0,0.0,0.0
9000006539,2026-08-01 12:00,0.99916667,0,0,0,0,0,0,0,0,0,0,0,0,,0.0,0.0,0.0,0.0,0.0,0.0,0.0,0.0
9000006539,2026-08-01 13:00,0.9994444,0,0,0,0,0,0,0,0,0,0,0,0,,0.0,0.0,0.0,0.0,0.0,0.0,0.0,0.0
9000006539,2026-08-01 14:00,0.99972224,0,0,0,0,0,0,0,0,0,0,0,0,,0.0,0.0,0.0,0.0,0.0,0.0,0.0,0.0
9000006539,2026-08-01 15:00,0.985,0,0,0,0,0,0,0,0,0,0,0,0,,0.0,0.0,0.0,0.0,0.0,0.0,0.0,0.0
9000006539,2026-08-01 16:00,0.99972224,0,0,0,0,0,0,0,0,0,0,0,0,,0.0,0.0,0.0,0.0,0.0,0.0,0.0,0.0
9000006539,2026-08-01 17:00,0.99972224,0,0,0,0,0,0,0,0,0,0,0,0,,0.0,0.0,0.0,0.0,0.0,0.0,0.0,0.0
9000006539,2026-08-01 18:00,0.9994444,0,0,0,0,0,0,0,0,0,0,0,0,,0.0,0.0,0.0,0.0,0.0,0.0,0.0,0.0
9000006539,2026-08-01 19:00,0.99916667,0,0,0,0,0,0,0,0,0,0,0,0,,0.0,0.0,0.0,0.0,0.0,0.0,0.0,0.0
9000006539,2026-08-01 20:00,0.9994444,0,0,0,0,0,0,0,0,0,0,0,0,,0.0,0.0,0.0,0.0,0.0,0.0,0.0,0.0
9000006539,2026-08-01 21:00,0.99916667,0,0,0,0,0,0,0,0,0,0,0,0,,0.0,0.0,0.0,0.0,0.0,0.0,0.0,0.0
9000006539,2026-08-01 22:00,0.9994444,0,0,0,0,0,0,0,0,0,0,0,0,,0.0,0.0,0.0,0.0,0.0,0.0,0.0,0.0
9000006539,2026-08-01 23:00,0.99916667,0,0,0,0,0,0,0,0,0,0,0,0,,0.0,0.0,0.0,0.0,0.0,0.0,0.0,0.0
9000006539,2026-08-02 00:00,0.9994444,0,0,0,0,0,0,0,0,0,0,0,0,,0.0,0.0,0.0,0.0,0.0,0.0,0.0,0.0
9000006667,2026-08-01 02:00,0.9994444,0,0,0,0,0,0,0,0,0,0,0,0,,0.0,0.0,0.0,0.0,0.0,0.0,0.0,0.0
9000006667,2026-08-01 03:00,0.9994444,0,0,0,0,0,0,0,0,0,0,0,0,,0.0,0.0,0.0,0.0,0.0,0.0,0.0,0.0
9000006667,2026-08-01 04:00,0.99916667,0,0,0,0,0,0,0,0,0,0,0,0,,0.0,0.0,0.0,0.0,0.0,0.0,0.0,0.0
9000006667,2026-08-01 05:00,0.9994444,0,0,0,0,0,0,0,0,0,0,0,0,,0.0,0.0,0.0,0.0,0.0,0.0,0.0,0.0
9000006667,2026-08-01 06:00,0.9994444,0,0,0,0,0,0,2,2,4,0,0,0,42.0,50.0,0.0,0.0,25.0,25.0,0.0,0.0,0.0
9000006667,2026-08-01 07:00,0.99972224,0,0,0,0,0,0,7,5,12,1,0,1,31.0,50.0,25.0,8.33,8.33,8.33,0.0,0.0,0.0
9000006667,2026-08-01 08:00,0.99972224,0,0,0,0,0,0,2,7,9,0,4,4,43.0,33.33,22.22,0.0,22.22,11.11,11.11,0.0,0.0
9000006667,2026-08-01 09:00,0.9994444,0,0,0,1,1,2,14,16,30,0,2,2,52.0,13.33,0.0,23.33,33.33,10.0,16.67,3.33,0.0
9000006667,2026-08-01 10:00,0.9994444,2,1,3,2,0,2,16,19,35,0,1,1,52.0,20.0,11.43,22.86,14.29,14.29,8.57,5.71,2.86
9000006667,2026-08-01 11:00,0.9994444,2,0,2,1,0,1,6,23,29,0,1,1,46.0,10.34,3.45,17.24,41.38,20.69,3.45,0.0,3.45
9000006667,2026-08-01 12:00,0.9994444,1,3,4,1,0,1,17,23,40,0,0,0,41.0,15.0,5.0,27.5,35.0,15.0,2.5,0.0,0.0
9000006667,2026-08-01 13:00,0.9994444,0,1,1,2,3,5,21,30,51,0,1,1,44.5,5.88,7.84,25.49,27.45,25.49,1.96,3.92,1.96
9000006667,2026-08-01 14:00,0.99916667,0,6,6,3,0,3,16,17,33,1,1,2,40.0,30.3,9.09,33.33,12.12,9.09,6.06,0.0,0.0
9000006667,2026-08-01 15:00,0.99972224,6,9,15,5,0,5,21,16,37,0,0,0,45.5,13.51,2.7,18.92,40.54,16.22,5.41,2.7,0.0
9000006667,2026-08-01 16:00,0.99916667,10,7,17,15,11,26,17,33,50,0,2,2,43.5,16.0,4.0,16.0,46.0,12.0,6.0,0.0,0.0
9000006667,2026-08-01 17:00,0.99972224,11,16,27,25,18,43,23,31,54,0,1,1,41.5,11.11,9.26,25.93,37.04,11.11,5.56,0.0,0.0
9000006667,2026-08-01 18:00,0.99972224,6,11,17,23,18,41,21,26,47,0,0,0,45.0,21.28,6.38,23.4,27.66,8.51,6.38,6.38,0.0
9000006667,2026-08-01 19:00,0.99972224,1,1,2,14,14,28,20,33,53,0,0,0,41.5,13.21,3.77,28.3,35.85,11.32,5.66,1.89,0.0
9000006667,2026-08-01 20:00,0.99916667,4,4,8,3,11,14,12,30,42,0,2,2,42.0,16.67,4.76,26.19,33.33,14.29,2.38,2.38,0.0
9000006667,2026-08-01 21:00,0.99972224,2,0,2,2,2,4,1,1,2,0,0,0,48.5,0.0,0.0,0.0,50.0,50.0,0.0,0.0,0.0
9000006667,2026-08-01 22:00,0.9994444,0,0,0,0,0,0,0,0,0,0,0,0,,0.0,0.0,0.0,0.0,0.0,0.0,0.0,0.0
9000006667,2026-08-01 23:00,0.99916667,0,0,0,0,0,0,0,0,0,0,0,0,,0.0,0.0,0.0,0.0,0.0,0.0,0.0,0.0
9000006667,2026-08-02 00:00,0.9994444,0,0,0,0,0,0,0,0,0,0,0,0,,0.0,0.0,0.0,0.0,0.0,0.0,0.0,0.0
9000006720,2026-08-01 02:00,0.0,0,0,0,0,0,0,0,0,0,0,0,0,,0.0,0.0,0.0,0.0,0.0,0.0,0.0,0.0
9000006720,2026-08-01 03:00,0.0,0,0,0,0,0,0,0,0,0,0,0,0,,0.0,0.0,0.0,0.0,0.0,0.0,0.0,0.0
9000006720,2026-08-01 04:00,0.0,0,0,0,0,0,0,0,0,0,0,0,0,,0.0,0.0,0.0,0.0,0.0,0.0,0.0,0.0
9000006720,2026-08-01 05:00,0.0,0,0,0,0,0,0,0,0,0,0,0,0,,0.0,0.0,0.0,0.0,0.0,0.0,0.0,0.0
9000006720,2026-08-01 06:00,0.32305557,0,0,0,0,6,6,87,96,183,90,99,189,48.5,0.0,0.0,17.24,50.0,20.69,6.9,3.45,1.72
9000006720,2026-08-01 07:00,0.76916665,0,0,0,16,4,20,130,208,338,90,81,171,43.5,0.38,0.0,24.23,50.77,20.77,2.69,0.38,0.77
9000006720,2026-08-01 08:00,0.74833333,1,0,1,20,4,24,135,211,346,84,94,178,40.0,0.77,1.93,30.89,51.74,11.97,2.32,0.39,0.0
9000006720,2026-08-01 09:00,0.535,2,0,2,13,2,15,153,381,534,75,54,129,45.0,0.0,0.35,22.03,44.41,27.62,4.9,0.7,0.0
9000006720,2026-08-01 10:00,0.75027776,3,3,6,28,8,36,249,544,793,128,80,208,41.5,0.17,1.51,34.96,45.21,16.3,1.34,0.5,0.0
9000006720,2026-08-01 11:00,0.73055553,1,1,2,40,14,54,331,402,733,82,63,145,41.0,0.75,1.87,28.17,52.05,14.93,2.24,0.0,0.0
9000006720,2026-08-01 12:00,0.7594444,0,0,0,43,4,47,423,514,937,107,67,174,40.0,0.99,1.83,35.07,47.32,11.55,2.96,0.28,0.0
9000006720,2026-08-01 13:00,0.74027777,4,3,7,39,3,42,432,554,986,127,80,207,41.0,0.27,0.41,29.82,51.85,16.01,1.23,0.41,0.0
9000006720,2026-08-01 14:00,0.7586111,11,0,11,54,5,59,415,552,967,149,70,219,42.5,0.41,0.82,26.29,50.14,19.21,2.59,0.41,0.14
9000006720,2026-08-01 15:00,0.7563889,9,3,12,36,8,44,477,602,1079,122,98,220,43.0,0.12,0.74,25.98,50.61,19.98,2.08,0.25,0.25
9000006720,2026-08-01 16:00,0.75,4,0,4,65,7,72,523,463,986,64,81,145,43.0,0.41,0.81,25.71,50.74,17.46,3.11,0.81,0.95
9000006720,2026-08-01 17:00,0.56027776,0,0,0,48,16,64,418,318,736,64,61,125,41.0,1.45,2.42,41.16,38.5,12.11,2.42,0.73,1.21
9000006720,2026-08-01 18:00,0.7386111,8,1,9,65,16,81,482,295,777,87,134,221,40.5,0.87,6.27,38.15,38.5,11.85,3.31,0.52,0.52
9000006720,2026-08-01 19:00,0.7327778,5,5,10,81,12,93,394,182,576,111,195,306,39.5,2.84,8.53,43.84,31.52,11.14,0.95,0.47,0.71
9000006720,2026-08-01 20:00,0.7469444,4,0,4,60,28,88,469,414,883,71,56,127,42.5,0.0,0.91,30.96,46.74,16.84,2.58,0.61,1.37
9000006720,2026-08-01 21:00,0.04083333,0,0,0,24,0,24,392,318,710,49,0,49,42.0,0.0,3.45,34.48,41.38,17.24,0.0,0.0,3.45
9000006720,2026-08-01 22:00,0.0,0,0,0,0,0,0,0,0,0,0,0,0,,0.0,0.0,0.0,0.0,0.0,0.0,0.0,0.0
9000006720,2026-08-01 23:00,0.0,0,0,0,0,0,0,0,0,0,0,0,0,,0.0,0.0,0.0,0.0,0.0,0.0,0.0,0.0
9000006720,2026-08-02 00:00,0.0,0,0,0,0,0,0,0,0,0,0,0,0,,0.0,0.0,0.0,0.0,0.0,0.0,0.0,0.0
9000006732,2026-08-01 02:00,0.0,0,0,0,0,0,0,0,0,0,0,0,0,,0.0,0.0,0.0,0.0,0.0,0.0,0.0,0.0
9000006732,2026-08-01 03:00,0.0,0,0,0,0,0,0,0,0,0,0,0,0,,0.0,0.0,0.0,0.0,0.0,0.0,0.0,0.0
9000006732,2026-08-01 04:00,0.0,0,0,0,0,0,0,0,0,0,0,0,0,,0.0,0.0,0.0,0.0,0.0,0.0,0.0,0.0
9000006732,2026-08-01 05:00,0.0,0,0,0,0,0,0,0,0,0,0,0,0,,0.0,0.0,0.0,0.0,0.0,0.0,0.0,0.0
9000006732,2026-08-01 06:00,0.25583333,0,0,0,0,0,0,4,0,4,0,0,0,29.0,0.0,0.0,100.0,0.0,0.0,0.0,0.0,0.0
9000006732,2026-08-01 07:00,0.6186111,0,0,0,3,0,3,0,2,2,0,0,0,19.0,0.0,100.0,0.0,0.0,0.0,0.0,0.0,0.0
9000006732,2026-08-01 08:00,0.7241667,0,0,0,0,3,3,8,4,12,0,0,0,28.0,0.0,33.33,55.56,11.11,0.0,0.0,0.0,0.0
9000006732,2026-08-01 09:00,0.68416667,0,1,1,6,6,12,0,1,1,1,0,1,14.0,0.0,100.0,0.0,0.0,0.0,0.0,0.0,0.0
9000006732,2026-08-01 10:00,0.66,0,2,2,14,6,20,2,2,4,0,2,2,23.5,0.0,50.0,50.0,0.0,0.0,0.0,0.0,0.0
9000006732,2026-08-01 11:00,0.6711111,1,0,1,13,12,25,6,3,9,0,0,0,23.0,16.67,50.0,33.33,0.0,0.0,0.0,0.0,0.0
9000006732,2026-08-01 12:00,0.67527777,0,1,1,7,9,16,9,13,22,0,0,0,27.0,13.33,46.67,33.33,0.0,6.67,0.0,0.0,0.0
9000006732,2026-08-01 13:00,0.6511111,2,0,2,11,6,17,5,5,10,0,2,2,20.0,16.67,66.67,16.67,0.0,0.0,0.0,0.0,0.0
9000006732,2026-08-01 14:00,0.6716667,1,3,4,7,12,19,3,7,10,0,0,0,18.5,0.0,100.0,0.0,0.0,0.0,0.0,0.0,0.0
9000006732,2026-08-01 15:00,0.6888889,3,0,3,29,19,48,9,3,12,0,0,0,24.5,37.5,37.5,12.5,12.5,0.0,0.0,0.0,0.0
9000006732,2026-08-01 16:00,0.6602778,0,2,2,9,14,23,9,8,17,5,8,13,22.0,45.45,36.36,18.18,0.0,0.0,0.0,0.0,0.0
9000006732,2026-08-01 17:00,0.6288889,3,0,3,13,13,26,0,0,0,5,21,26,,0.0,0.0,0.0,0.0,0.0,0.0,0.0,0.0
9000006732,2026-08-01 18:00,0.66833335,1,3,4,15,16,31,4,3,7,3,1,4,51.0,40.0,40.0,0.0,0.0,0.0,20.0,0.0,0.0
9000006732,2026-08-01 19:00,0.7111111,4,0,4,13,20,33,3,4,7,0,0,0,31.0,20.0,40.0,20.0,20.0,0.0,0.0,0.0,0.0
9000006732,2026-08-01 20:00,0.74222225,1,1,2,8,16,24,8,7,15,0,0,0,26.0,18.18,27.27,54.55,0.0,0.0,0.0,0.0,0.0
9000006732,2026-08-01 21:00,0.0,0,0,0,0,0,0,0,0,0,0,0,0,,0.0,0.0,0.0,0.0,0.0,0.0,0.0,0.0
9000006732,2026-08-01 22:00,0.0,0,0,0,0,0,0,0,0,0,0,0,0,,0.0,0.0,0.0,0.0,0.0,0.0,0.0,0.0
9000006732,2026-08-01 23:00,0.0,0,0,0,0,0,0,0,0,0,0,0,0,,0.0,0.0,0.0,0.0,0.0,0.0,0.0,0.0
9000006732,2026-08-02 00:00,0.0,0,0,0,0,0,0,0,0,0,0,0,0,,0.0,0.0,0.0,0.0,0.0,0.0,0.0,0.0
9000006798,2026-08-01 02:00,0.0,0,0,0,0,0,0,0,0,0,0,0,0,,0.0,0.0,0.0,0.0,0.0,0.0,0.0,0.0
9000006798,2026-08-01 03:00,0.0,0,0,0,0,0,0,0,0,0,0,0,0,,0.0,0.0,0.0,0.0,0.0,0.0,0.0,0.0
9000006798,2026-08-01 04:00,0.0,0,0,0,0,0,0,0,0,0,0,0,0,,0.0,0.0,0.0,0.0,0.0,0.0,0.0,0.0
9000006798,2026-08-01 05:00,0.0,0,0,0,0,0,0,0,0,0,0,0,0,,0.0,0.0,0.0,0.0,0.0,0.0,0.0,0.0
9000006798,2026-08-01 06:00,0.0,0,0,0,0,0,0,0,0,0,0,0,0,,0.0,0.0,0.0,0.0,0.0,0.0,0.0,0.0
9000006798,2026-08-01 07:00,0.08777778,0,0,0,0,11,11,0,0,0,0,0,0,,0.0,0.0,0.0,0.0,0.0,0.0,0.0,0.0
9000006798,2026-08-01 08:00,0.40916666,10,2,12,7,12,19,2,2,4,0,7,7,43.5,0.0,0.0,50.0,0.0,50.0,0.0,0.0,0.0
9000006798,2026-08-01 09:00,0.7772222,22,13,35,21,32,53,0,4,4,0,1,1,33.0,33.33,0.0,33.33,33.33,0.0,0.0,0.0,0.0
9000006798,2026-08-01 10:00,0.7594444,30,13,43,36,37,73,14,3,17,1,5,6,71.5,0.0,0.0,7.69,23.08,15.38,30.77,0.0,23.08
9000006798,2026-08-01 11:00,0.6686111,33,15,48,30,57,87,4,16,20,0,4,4,57.5,0.0,0.0,20.0,40.0,13.33,20.0,0.0,6.67
9000006798,2026-08-01 12:00,0.7852778,31,22,53,36,59,95,11,9,20,3,3,6,53.0,18.75,12.5,37.5,6.25,6.25,12.5,0.0,6.25
9000006798,2026-08-01 13:00,0.63555557,69,27,96,24,72,96,9,22,31,0,2,2,41.0,4.76,4.76,14.29,57.14,4.76,9.52,0.0,4.76
9000006798,2026-08-01 14:00,0.7752778,34,10,44,55,75,130,3,12,15,1,5,6,66.0,0.0,0.0,9.09,9.09,36.36,9.09,36.36,0.0
9000006798,2026-08-01 15:00,0.7802778,41,31,72,31,56,87,3,12,15,1,1,2,53.5,0.0,9.09,18.18,18.18,27.27,27.27,0.0,0.0
9000006798,2026-08-01 16:00,0.7980555,53,21,74,25,60,85,1,5,6,0,0,0,56.0,0.0,20.0,40.0,20.0,0.0,20.0,0.0,0.0
9000006798,2026-08-01 17:00,0.7672222,40,17,57,43,57,100,10,12,22,4,1,5,48.5,58.82,0.0,0.0,11.76,17.65,0.0,5.88,5.88
9000006798,2026-08-01 18:00,0.78805554,41,23,64,44,76,120,0,10,10,0,0,0,39.5,37.5,0.0,12.5,37.5,0.0,0.0,12.5,0.0
9000006798,2026-08-01 19:00,0.76666665,17,13,30,56,72,128,1,7,8,0,0,0,70.5,16.67,0.0,33.33,16.67,16.67,0.0,0.0,16.67
9000006798,2026-08-01 20:00,0.49722221,42,14,56,80,72,152,6,10,16,0,4,4,76.5,0.0,10.0,10.0,30.0,20.0,10.0,0.0,20.0
9000006798,2026-08-01 21:00,0.0,0,0,0,0,0,0,0,0,0,0,0,0,,0.0,0.0,0.0,0.0,0.0,0.0,0.0,0.0
9000006798,2026-08-01 22:00,0.0,0,0,0,0,0,0,0,0,0,0,0,0,,0.0,0.0,0.0,0.0,0.0,0.0,0.0,0.0
9000006798,2026-08-01 23:00,0.0,0,0,0,0,0,0,0,0,0,0,0,0,,0.0,0.0,0.0,0.0,0.0,0.0,0.0,0.0
9000006798,2026-08-02 00:00,0.0,0,0,0,0,0,0,0,0,0,0,0,0,,0.0,0.0,0.0,0.0,0.0,0.0,0.0,0.0
9000006829,2026-08-01 02:00,0.0,0,0,0,0,0,0,0,0,0,0,0,0,,0.0,0.0,0.0,0.0,0.0,0.0,0.0,0.0
9000006829,2026-08-01 03:00,0.0,0,0,0,0,0,0,0,0,0,0,0,0,,0.0,0.0,0.0,0.0,0.0,0.0,0.0,0.0
9000006829,2026-08-01 04:00,0.0,0,0,0,0,0,0,0,0,0,0,0,0,,0.0,0.0,0.0,0.0,0.0,0.0,0.0,0.0
9000006829,2026-08-01 05:00,0.0,0,0,0,0,0,0,0,0,0,0,0,0,,0.0,0.0,0.0,0.0,0.0,0.0,0.0,0.0
9000006829,2026-08-01 06:00,0.08444444,0,0,0,0,0,0,0,0,0,0,0,0,,0.0,0.0,0.0,0.0,0.0,0.0,0.0,0.0
9000006829,2026-08-01 07:00,0.22222222,4,0,4,0,0,0,4,4,8,0,0,0,33.5,0.0,50.0,0.0,50.0,0.0,0.0,0.0,0.0
9000006829,2026-08-01 08:00,0.695,6,1,7,4,1,5,6,4,10,1,0,1,24.0,0.0,33.33,66.67,0.0,0.0,0.0,0.0,0.0
9000006829,2026-08-01 09:00,0.7961111,21,3,24,5,3,8,11,6,17,0,0,0,28.0,7.14,28.57,64.29,0.0,0.0,0.0,0.0,0.0
9000006829,2026-08-01 10:00,0.78555554,11,11,22,3,5,8,11,11,22,1,1,2,24.0,11.11,38.89,50.0,0.0,0.0,0.0,0.0,0.0
9000006829,2026-08-01 11:00,0.7947222,13,15,28,19,11,30,13,11,24,1,3,4,27.0,5.26,42.11,47.37,0.0,0.0,5.26,0.0,0.0
9000006829,2026-08-01 12:00,0.7872222,22,11,33,13,8,21,14,19,33,1,1,2,23.5,7.69,46.15,46.15,0.0,0.0,0.0,0.0,0.0
9000006829,2026-08-01 13:00,0.78444445,19,11,30,17,11,28,13,17,30,0,4,4,27.0,4.35,47.83,47.83,0.0,0.0,0.0,0.0,0.0
9000006829,2026-08-01 14:00,0.7866667,15,23,38,15,14,29,18,15,33,1,3,4,25.0,23.08,38.46,34.62,3.85,0.0,0.0,0.0,0.0
9000006829,2026-08-01 15:00,0.7902778,25,28,53,11,20,31,18,10,28,0,1,1,25.0,4.55,45.45,45.45,4.55,0.0,0.0,0.0,0.0
9000006829,2026-08-01 16:00,0.76222223,22,16,38,5,10,15,9,14,23,0,0,0,24.5,0.0,55.56,44.44,0.0,0.0,0.0,0.0,0.0
9000006829,2026-08-01 17:00,0.72305554,14,14,28,10,8,18,6,10,16,0,1,1,32.0,36.36,18.18,27.27,9.09,0.0,0.0,9.09,0.0
9000006829,2026-08-01 18:00,0.71166664,10,18,28,13,20,33,17,10,27,0,0,0,23.5,21.05,52.63,26.32,0.0,0.0,0.0,0.0,0.0
9000006829,2026-08-01 19:00,0.79638886,20,16,36,20,10,30,14,5,19,0,0,0,23.5,13.33,40.0,46.67,0.0,0.0,0.0,0.0,0.0
9000006829,2026-08-01 20:00,0.745,17,12,29,19,11,30,8,9,17,1,0,1,26.5,15.38,53.85,30.77,0.0,0.0,0.0,0.0,0.0
9000006829,2026-08-01 21:00,0.0,0,0,0,0,0,0,0,0,0,0,0,0,,0.0,0.0,0.0,0.0,0.0,0.0,0.0,0.0
9000006829,2026-08-01 22:00,0.0,0,0,0,0,0,0,0,0,0,0,0,0,,0.0,0.0,0.0,0.0,0.0,0.0,0.0,0.0
9000006829,2026-08-01 23:00,0.0,0,0,0,0,0,0,0,0,0,0,0,0,,0.0,0.0,0.0,0.0,0.0,0.0,0.0,0.0
9000006829,2026-08-02 00:00,0.0,0,0,0,0,0,0,0,0,0,0,0,0,,0.0,0.0,0.0,0.0,0.0,0.0,0.0,0.0
9000006878,2026-08-01 02:00,0.0,0,0,0,0,0,0,0,0,0,0,0,0,,0.0,0.0,0.0,0.0,0.0,0.0,0.0,0.0
9000006878,2026-08-01 03:00,0.0,0,0,0,0,0,0,0,0,0,0,0,0,,0.0,0.0,0.0,0.0,0.0,0.0,0.0,0.0
9000006878,2026-08-01 04:00,0.0,0,0,0,0,0,0,0,0,0,0,0,0,,0.0,0.0,0.0,0.0,0.0,0.0,0.0,0.0
9000006878,2026-08-01 05:00,0.0,0,0,0,0,0,0,0,0,0,0,0,0,,0.0,0.0,0.0,0.0,0.0,0.0,0.0,0.0
9000006878,2026-08-01 06:00,0.0,0,0,0,0,0,0,0,0,0,0,0,0,,0.0,0.0,0.0,0.0,0.0,0.0,0.0,0.0
9000006878,2026-08-01 07:00,0.17527778,0,0,0,0,0,0,0,0,0,0,0,0,,0.0,0.0,0.0,0.0,0.0,0.0,0.0,0.0
9000006878,2026-08-01 08:00,0.45472223,2,2,4,4,2,6,0,2,2,0,2,2,33.5,0.0,50.0,0.0,50.0,0.0,0.0,0.0,0.0
9000006878,2026-08-01 09:00,0.75722224,1,1,2,9,7,16,11,9,20,4,0,4,24.5,6.67,53.33,40.0,0.0,0.0,0.0,0.0,0.0
9000006878,2026-08-01 10:00,0.76805556,8,3,11,14,5,19,16,25,41,0,1,1,23.5,6.45,54.84,38.71,0.0,0.0,0.0,0.0,0.0
9000006878,2026-08-01 11:00,0.7544444,7,4,11,23,12,35,21,34,55,1,3,4,24.0,4.76,66.67,26.19,2.38,0.0,0.0,0.0,0.0
9000006878,2026-08-01 12:00,0.75222224,16,11,27,33,5,38,23,21,44,1,1,2,25.0,6.06,57.58,33.33,3.03,0.0,0.0,0.0,0.0
9000006878,2026-08-01 13:00,0.7594444,9,8,17,17,14,31,20,34,54,1,5,6,24.0,7.32,63.41,24.39,2.44,0.0,0.0,2.44,0.0
9000006878,2026-08-01 14:00,0.7683333,8,12,20,13,20,33,10,35,45,7,5,12,24.5,2.86,60.0,37.14,0.0,0.0,0.0,0.0,0.0
9000006878,2026-08-01 15:00,0.765,17,18,35,20,26,46,12,26,38,1,3,4,27.0,6.9,44.83,41.38,3.45,0.0,0.0,0.0,3.45
9000006878,2026-08-01 16:00,0.735,8,12,20,26,24,50,15,29,44,3,4,7,24.0,3.12,53.12,40.62,0.0,0.0,0.0,0.0,3.12
9000006878,2026-08-01 17:00,0.6547222,5,9,14,43,58,101,17,34,51,0,0,0,26.5,9.09,42.42,42.42,6.06,0.0,0.0,0.0,0.0
9000006878,2026-08-01 18:00,0.7161111,13,14,27,42,31,73,15,49,64,0,7,7,23.5,11.11,60.0,22.22,4.44,0.0,0.0,2.22,0.0
9000006878,2026-08-01 19:00,0.76305556,12,18,30,41,33,74,7,29,36,1,1,2,21.5,14.81,62.96,22.22,0.0,0.0,0.0,0.0,0.0
9000006878,2026-08-01 20:00,0.6219444,10,11,21,37,26,63,10,43,53,2,0,2,20.0,8.82,73.53,5.88,2.94,0.0,5.88,2.94,0.0
9000006878,2026-08-01 21:00,0.0,0,0,0,0,0,0,0,0,0,0,0,0,,0.0,0.0,0.0,0.0,0.0,0.0,0.0,0.0
9000006878,2026-08-01 22:00,0.0,0,0,0,0,0,0,0,0,0,0,0,0,,0.0,0.0,0.0,0.0,0.0,0.0,0.0,0.0
9000006878,2026-08-01 23:00,0.0,0,0,0,0,0,0,0,0,0,0,0,0,,0.0,0.0,0.0,0.0,0.0,0.0,0.0,0.0
9000006878,2026-08-02 00:00,0.0,0,0,0,0,0,0,0,0,0,0,0,0,,0.0,0.0,0.0,0.0,0.0,0.0,0.0,0.0
9000007083,2026-08-01 02:00,0.0,0,0,0,0,0,0,0,0,0,0,0,0,,0.0,0.0,0.0,0.0,0.0,0.0,0.0,0.0
9000007083,2026-08-01 03:00,0.0,0,0,0,0,0,0,0,0,0,0,0,0,,0.0,0.0,0.0,0.0,0.0,0.0,0.0,0.0
9000007083,2026-08-01 04:00,0.0,0,0,0,0,0,0,0,0,0,0,0,0,,0.0,0.0,0.0,0.0,0.0,0.0,0.0,0.0
9000007083,2026-08-01 05:00,0.0,0,0,0,0,0,0,0,0,0,0,0,0,,0.0,0.0,0.0,0.0,0.0,0.0,0.0,0.0
9000007083,2026-08-01 06:00,0.27888888,0,0,0,0,0,0,0,7,7,0,0,0,38.5,0.0,0.0,50.0,50.0,0.0,0.0,0.0,0.0
9000007083,2026-08-01 07:00,0.36222222,0,0,0,0,0,0,0,3,3,0,0,0,14.0,0.0,100.0,0.0,0.0,0.0,0.0,0.0,0.0
9000007083,2026-08-01 08:00,0.57805556,0,0,0,0,0,0,0,2,2,0,0,0,14.0,0.0,100.0,0.0,0.0,0.0,0.0,0.0,0.0
9000007083,2026-08-01 09:00,0.7891667,0,0,0,0,0,0,0,4,4,0,0,0,22.5,0.0,66.67,33.33,0.0,0.0,0.0,0.0,0.0
9000007083,2026-08-01 10:00,0.7822222,0,0,0,0,0,0,0,10,10,0,0,0,39.0,0.0,37.5,25.0,25.0,0.0,0.0,0.0,12.5
9000007083,2026-08-01 11:00,0.77416664,0,0,0,0,0,0,0,1,1,0,0,0,19.0,0.0,100.0,0.0,0.0,0.0,0.0,0.0,0.0
9000007083,2026-08-01 12:00,0.78944445,0,0,0,0,1,1,0,8,8,0,0,0,20.5,0.0,83.33,16.67,0.0,0.0,0.0,0.0,0.0
9000007083,2026-08-01 13:00,0.7475,0,0,0,0,1,1,1,8,9,0,0,0,20.0,42.86,42.86,0.0,0.0,14.29,0.0,0.0,0.0
9000007083,2026-08-01 14:00,0.7927778,0,0,0,0,1,1,0,5,5,0,3,3,23.5,0.0,50.0,50.0,0.0,0.0,0.0,0.0,0.0
9000007083,2026-08-01 15:00,0.7936111,0,0,0,0,1,1,1,15,16,0,5,5,25.0,0.0,61.54,30.77,0.0,0.0,0.0,0.0,7.69
9000007083,2026-08-01 16:00,0.75277776,0,0,0,4,1,5,7,5,12,0,5,5,21.5,55.56,22.22,22.22,0.0,0.0,0.0,0.0,0.0
9000007083,2026-08-01 17:00,0.69305557,0,0,0,6,1,7,38,3,41,4,0,4,5.0,89.29,7.14,0.0,0.0,0.0,3.57,0.0,0.0
9000007083,2026-08-01 18:00,0.7272222,0,0,0,6,4,10,0,1,1,0,4,4,19.0,0.0,100.0,0.0,0.0,0.0,0.0,0.0,0.0
9000007083,2026-08-01 19:00,0.7111111,0,0,0,1,6,7,0,1,1,0,0,0,89.0,0.0,0.0,0.0,0.0,0.0,0.0,0.0,100.0
9000007083,2026-08-01 20:00,0.7213889,0,0,0,0,0,0,0,3,3,0,0,0,19.0,0.0,100.0,0.0,0.0,0.0,0.0,0.0,0.0
9000007083,2026-08-01 21:00,0.040555555,0,0,0,0,0,0,0,0,0,0,0,0,,0.0,0.0,0.0,0.0,0.0,0.0,0.0,0.0
9000007083,2026-08-01 22:00,0.0,0,0,0,0,0,0,0,0,0,0,0,0,,0.0,0.0,0.0,0.0,0.0,0.0,0.0,0.0
9000007083,2026-08-01 23:00,0.0,0,0,0,0,0,0,0,0,0,0,0,0,,0.0,0.0,0.0,0.0,0.0,0.0,0.0,0.0
9000007083,2026-08-02 00:00,0.0,0,0,0,0,0,0,0,0,0,0,0,0,,0.0,0.0,0.0,0.0,0.0,0.0,0.0,0.0
9000007083,2026-08-02 02:00,0.0,0,0,0,0,0,0,0,0,0,0,0,0,,0.0,0.0,0.0,0.0,0.0,0.0,0.0,0.0
9000007083,2026-08-02 03:00,0.0,0,0,0,0,0,0,0,0,0,0,0,0,,0.0,0.0,0.0,0.0,0.0,0.0,0.0,0.0
9000007083,2026-08-02 04:00,0.0,0,0,0,0,0,0,0,0,0,0,0,0,,0.0,0.0,0.0,0.0,0.0,0.0,0.0,0.0
9000007083,2026-08-02 05:00,0.22666667,0,0,0,0,0,0,0,0,0,0,0,0,,0.0,0.0,0.0,0.0,0.0,0.0,0.0,0.0
9000007083,2026-08-02 06:00,0.7263889,0,0,0,0,0,0,0,0,0,0,0,0,,0.0,0.0,0.0,0.0,0.0,0.0,0.0,0.0
9000007083,2026-08-02 07:00,0.7902778,0,0,0,0,0,0,0,0,0,0,1,1,,0.0,0.0,0.0,0.0,0.0,0.0,0.0,0.0
9000007083,2026-08-02 08:00,0.7802778,0,0,0,0,0,0,0,3,3,0,1,1,13.5,50.0,50.0,0.0,0.0,0.0,0.0,0.0,0.0
9000007083,2026-08-02 09:00,0.6525,0,0,0,0,0,0,0,3,3,0,0,0,19.0,0.0,100.0,0.0,0.0,0.0,0.0,0.0,0.0
9000007083,2026-08-02 10:00,0.7558333,0,0,0,0,0,0,0,5,5,0,1,1,19.0,0.0,100.0,0.0,0.0,0.0,0.0,0.0,0.0
9000007116,2026-08-01 02:00,0.0,0,0,0,0,0,0,0,0,0,0,0,0,,0.0,0.0,0.0,0.0,0.0,0.0,0.0,0.0
9000007116,2026-08-01 03:00,0.0,0,0,0,0,0,0,0,0,0,0,0,0,,0.0,0.0,0.0,0.0,0.0,0.0,0.0,0.0
9000007116,2026-08-01 04:00,0.0,0,0,0,0,0,0,0,0,0,0,0,0,,0.0,0.0,0.0,0.0,0.0,0.0,0.0,0.0
9000007116,2026-08-01 05:00,0.0,0,0,0,0,0,0,0,0,0,0,0,0,,0.0,0.0,0.0,0.0,0.0,0.0,0.0,0.0
9000007116,2026-08-01 06:00,0.37694445,0,0,0,0,0,0,13,37,50,3,5,8,88.0,0.0,0.0,16.67,11.11,0.0,38.89,0.0,33.33
9000007116,2026-08-01 07:00,0.44083333,0,0,0,0,7,7,20,29,49,2,0,2,57.5,4.35,4.35,8.7,39.13,21.74,8.7,13.04,0.0
9000007116,2026-08-01 08:00,0.7825,0,0,0,3,3,6,29,41,70,3,6,9,58.5,1.82,1.82,5.45,27.27,32.73,18.18,3.64,9.09
9000007116,2026-08-01 09:00,0.7802778,3,3,6,1,3,4,42,46,88,5,8,13,57.5,2.9,1.45,4.35,14.49,36.23,31.88,2.9,5.8
9000007116,2026-08-01 10:00,0.78694445,0,1,1,1,4,5,47,51,98,3,5,8,56.5,1.3,3.9,7.79,24.68,32.47,22.08,2.6,5.19
9000007116,2026-08-01 11:00,0.7758333,1,0,1,5,10,15,55,75,130,5,5,10,57.0,0.0,0.99,5.94,30.69,30.69,21.78,6.93,2.97
9000007116,2026-08-01 12:00,0.7877778,0,4,4,8,3,11,74,93,167,4,5,9,58.5,3.05,0.76,7.63,23.66,34.35,18.32,7.63,4.58
9000007116,2026-08-01 13:00,0.7752778,0,0,0,6,8,14,77,67,144,21,4,25,55.5,2.68,0.0,9.82,25.0,41.96,14.29,3.57,2.68
9000007116,2026-08-01 14:00,0.77805555,1,0,1,6,6,12,73,82,155,3,5,8,56.5,0.0,0.0,4.13,22.31,38.84,23.14,9.92,1.65
9000007116,2026-08-01 15:00,0.79388887,4,1,5,8,6,14,96,105,201,13,8,21,53.0,2.52,1.26,5.03,25.16,40.25,22.01,3.77,0.0
9000007116,2026-08-01 16:00,0.7222222,4,6,10,28,14,42,51,73,124,3,11,14,52.5,1.1,0.0,6.59,30.77,41.76,15.38,1.1,3.3
9000007116,2026-08-01 17:00,0.7222222,0,6,6,14,29,43,46,69,115,10,12,22,48.5,0.0,4.82,12.05,32.53,40.96,8.43,0.0,1.2
9000007116,2026-08-01 18:00,0.73833334,3,0,3,7,3,10,41,66,107,3,4,7,47.5,3.8,3.8,7.59,34.18,43.04,7.59,0.0,0.0
9000007116,2026-08-01 19:00,0.76416665,1,1,2,3,16,19,44,71,115,5,10,15,46.5,0.0,9.09,19.32,29.55,32.95,6.82,1.14,1.14
9000007116,2026-08-01 20:00,0.71194446,0,3,3,1,8,9,63,98,161,7,6,13,45.0,0.86,0.86,8.62,52.59,30.17,3.45,1.72,1.72
9000007116,2026-08-01 21:00,0.0,0,0,0,0,0,0,0,0,0,0,0,0,,0.0,0.0,0.0,0.0,0.0,0.0,0.0,0.0
9000007116,2026-08-01 22:00,0.0,0,0,0,0,0,0,0,0,0,0,0,0,,0.0,0.0,0.0,0.0,0.0,0.0,0.0,0.0
9000007116,2026-08-01 23:00,0.0,0,0,0,0,0,0,0,0,0,0,0,0,,0.0,0.0,0.0,0.0,0.0,0.0,0.0,0.0
9000007116,2026-08-02 00:00,0.0,0,0,0,0,0,0,0,0,0,0,0,0,,0.0,0.0,0.0,0.0,0.0,0.0,0.0,0.0
9000007116,2026-08-02 01:00,0.0,0,0,0,0,0,0,0,0,0,0,0,0,,0.0,0.0,0.0,0.0,0.0,0.0,0.0,0.0
9000007116,2026-08-02 02:00,0.0,0,0,0,0,0,0,0,0,0,0,0,0,,0.0,0.0,0.0,0.0,0.0,0.0,0.0,0.0
9000007116,2026-08-02 03:00,0.0,0,0,0,0,0,0,0,0,0,0,0,0,,0.0,0.0,0.0,0.0,0.0,0.0,0.0,0.0
9000007116,2026-08-02 04:00,0.0,0,0,0,0,0,0,0,0,0,0,0,0,,0.0,0.0,0.0,0.0,0.0,0.0,0.0,0.0
9000007116,2026-08-02 05:00,0.36277777,0,0,0,0,0,0,8,8,16,0,0,0,60.0,0.0,0.0,0.0,50.0,16.67,16.67,0.0,16.67
9000007116,2026-08-02 06:00,0.7838889,1,0,1,0,0,0,3,5,8,0,0,0,52.5,0.0,0.0,0.0,0.0,66.67,33.33,0.0,0.0
9000007116,2026-08-02 07:00,0.7558333,0,1,1,0,4,4,8,13,21,1,4,5,51.5,12.5,12.5,0.0,25.0,31.25,18.75,0.0,0.0
9000007116,2026-08-02 08:00,0.78944445,0,3,3,3,3,6,23,18,41,3,1,4,49.0,3.12,0.0,21.88,25.0,40.62,9.38,0.0,0.0
9000007116,2026-08-02 09:00,0.7252778,4,0,4,8,11,19,36,32,68,8,4,12,42.0,8.16,2.04,26.53,44.9,16.33,2.04,0.0,0.0
9000007116,2026-08-02 10:00,0.65833336,0,0,0,17,14,31,44,38,82,17,12,29,39.5,5.66,5.66,18.87,60.38,5.66,1.89,0.0,1.89
9000007131,2026-08-01 02:00,1.0,0,0,0,0,0,0,0,0,0,0,0,0,,0.0,0.0,0.0,0.0,0.0,0.0,0.0,0.0
9000007131,2026-08-01 03:00,0.99916667,0,0,0,0,0,0,0,0,0,0,0,0,,0.0,0.0,0.0,0.0,0.0,0.0,0.0,0.0
9000007131,2026-08-01 04:00,0.9994444,0,0,0,0,0,0,0,0,0,0,0,0,,0.0,0.0,0.0,0.0,0.0,0.0,0.0,0.0
9000007131,2026-08-01 05:00,0.99916667,0,0,0,0,0,0,0,0,0,0,0,0,,0.0,0.0,0.0,0.0,0.0,0.0,0.0,0.0
9000007131,2026-08-01 06:00,0.9994444,1,0,1,0,0,0,0,1,1,0,0,0,14.0,0.0,100.0,0.0,0.0,0.0,0.0,0.0,0.0
9000007131,2026-08-01 07:00,0.9994444,1,1,2,0,0,0,0,3,3,0,0,0,18.0,66.67,33.33,0.0,0.0,0.0,0.0,0.0,0.0
9000007131,2026-08-01 08:00,0.9994444,0,0,0,0,0,0,4,1,5,0,0,0,31.0,20.0,60.0,0.0,20.0,0.0,0.0,0.0,0.0
9000007131,2026-08-01 09:00,0.9994444,3,1,4,0,0,0,2,2,4,0,0,0,17.0,25.0,75.0,0.0,0.0,0.0,0.0,0.0,0.0
9000007131,2026-08-01 10:00,0.99972224,6,9,15,3,6,9,2,8,10,2,0,2,13.5,50.0,50.0,0.0,0.0,0.0,0.0,0.0,0.0
9000007131,2026-08-01 11:00,0.99972224,1,0,1,0,0,0,1,2,3,0,0,0,13.0,66.67,33.33,0.0,0.0,0.0,0.0,0.0,0.0
9000007131,2026-08-01 12:00,0.9994444,0,0,0,0,0,0,3,1,4,0,0,0,18.5,0.0,100.0,0.0,0.0,0.0,0.0,0.0,0.0
9000007131,2026-08-01 13:00,0.9994444,1,0,1,0,0,0,1,1,2,0,0,0,14.0,0.0,100.0,0.0,0.0,0.0,0.0,0.0,0.0
9000007131,2026-08-01 14:00,0.9994444,1,1,2,1,0,1,3,1,4,0,0,0,27.0,0.0,50.0,50.0,0.0,0.0,0.0,0.0,0.0
9000007131,2026-08-01 15:00,0.99916667,0,0,0,2,0,2,2,1,3,0,0,0,33.0,0.0,66.67,0.0,33.33,0.0,0.0,0.0,0.0
9000007131,2026-08-01 16:00,0.9994444,1,1,2,0,0,0,0,3,3,1,1,2,18.0,66.67,33.33,0.0,0.0,0.0,0.0,0.0,0.0
9000007131,2026-08-01 17:00,0.9994444,2,0,2,3,0,3,3,2,5,0,0,0,18.0,0.0,100.0,0.0,0.0,0.0,0.0,0.0,0.0
9000007131,2026-08-01 18:00,0.9994444,1,2,3,0,2,2,0,1,1,0,0,0,14.0,0.0,100.0,0.0,0.0,0.0,0.0,0.0,0.0
9000007131,2026-08-01 19:00,0.9994444,2,8,10,0,0,0,1,2,3,0,0,0,19.0,0.0,100.0,0.0,0.0,0.0,0.0,0.0,0.0
9000007131,2026-08-01 20:00,0.9994444,4,0,4,1,1,2,2,1,3,0,2,2,38.0,0.0,33.33,33.33,33.33,0.0,0.0,0.0,0.0
9000007131,2026-08-01 21:00,0.9994444,0,0,0,0,0,0,1,0,1,8,0,8,4.0,100.0,0.0,0.0,0.0,0.0,0.0,0.0,0.0
9000007131,2026-08-01 22:00,0.99916667,0,0,0,0,0,0,0,0,0,0,0,0,,0.0,0.0,0.0,0.0,0.0,0.0,0.0,0.0
9000007131,2026-08-01 23:00,0.99916667,0,0,0,0,0,0,0,0,0,0,0,0,,0.0,0.0,0.0,0.0,0.0,0.0,0.0,0.0
9000007131,2026-08-02 00:00,0.9994444,0,0,0,0,0,0,0,0,0,0,0,0,,0.0,0.0,0.0,0.0,0.0,0.0,0.0,0.0
9000007131,2026-08-02 02:00,0.99916667,0,0,0,0,0,0,0,0,0,0,0,0,,0.0,0.0,0.0,0.0,0.0,0.0,0.0,0.0
9000007131,2026-08-02 03:00,0.99916667,0,0,0,0,0,0,0,0,0,0,0,0,,0.0,0.0,0.0,0.0,0.0,0.0,0.0,0.0
9000007131,2026-08-02 04:00,0.99027777,0,0,0,0,0,0,0,0,0,0,0,0,,0.0,0.0,0.0,0.0,0.0,0.0,0.0,0.0
9000007131,2026-08-02 05:00,0.9994444,0,0,0,0,0,0,0,0,0,0,0,0,,0.0,0.0,0.0,0.0,0.0,0.0,0.0,0.0
9000007131,2026-08-02 06:00,0.9994444,0,1,1,0,0,0,0,0,0,0,0,0,,0.0,0.0,0.0,0.0,0.0,0.0,0.0,0.0
9000007131,2026-08-02 07:00,0.9994444,1,0,1,0,0,0,1,1,2,0,0,0,23.5,0.0,50.0,50.0,0.0,0.0,0.0,0.0,0.0
9000007131,2026-08-02 08:00,0.99916667,0,1,1,0,0,0,1,3,4,0,0,0,27.0,0.0,75.0,25.0,0.0,0.0,0.0,0.0,0.0
9000007131,2026-08-02 09:00,0.9988889,1,2,3,0,2,2,3,2,5,0,0,0,26.0,20.0,60.0,20.0,0.0,0.0,0.0,0.0,0.0
9000007131,2026-08-02 10:00,0.99972224,2,2,4,1,1,2,2,4,6,0,0,0,25.5,50.0,33.33,16.67,0.0,0.0,0.0,0.0,0.0
9000007365,2026-08-01 02:00,0.0,0,0,0,0,0,0,0,0,0,0,0,0,,0.0,0.0,0.0,0.0,0.0,0.0,0.0,0.0
9000007365,2026-08-01 03:00,0.0,0,0,0,0,0,0,0,0,0,0,0,0,,0.0,0.0,0.0,0.0,0.0,0.0,0.0,0.0
9000007365,2026-08-01 04:00,0.0,0,0,0,0,0,0,0,0,0,0,0,0,,0.0,0.0,0.0,0.0,0.0,0.0,0.0,0.0
9000007365,2026-08-01 05:00,0.0,0,0,0,0,0,0,0,0,0,0,0,0,,0.0,0.0,0.0,0.0,0.0,0.0,0.0,0.0
9000007365,2026-08-01 06:00,0.4225,2,0,2,0,2,2,0,2,2,0,0,0,64.0,0.0,0.0,0.0,0.0,0.0,0.0,100.0,0.0
9000007365,2026-08-01 07:00,0.29916668,0,0,0,3,0,3,3,0,3,0,0,0,19.0,0.0,100.0,0.0,0.0,0.0,0.0,0.0,0.0
9000007365,2026-08-01 08:00,0.37,0,3,3,8,3,11,0,3,3,0,0,0,24.0,0.0,0.0,100.0,0.0,0.0,0.0,0.0,0.0
9000007365,2026-08-01 09:00,0.78583336,6,1,7,8,6,14,5,0,5,0,0,0,4.0,100.0,0.0,0.0,0.0,0.0,0.0,0.0,0.0
9000007365,2026-08-01 10:00,0.7888889,3,0,3,8,4,12,9,3,12,0,0,0,5.0,88.89,0.0,11.11,0.0,0.0,0.0,0.0,0.0
9000007365,2026-08-01 11:00,0.7966667,4,0,4,9,3,12,3,3,6,3,0,3,8.5,100.0,0.0,0.0,0.0,0.0,0.0,0.0,0.0
9000007365,2026-08-01 12:00,0.7991667,5,4,9,9,4,13,1,4,5,1,1,2,48.5,25.0,0.0,0.0,0.0,75.0,0.0,0.0,0.0
9000007365,2026-08-01 13:00,0.7972222,5,0,5,11,8,19,8,1,9,0,0,0,5.0,85.71,14.29,0.0,0.0,0.0,0.0,0.0,0.0
9000007365,2026-08-01 14:00,0.79388887,4,3,7,5,9,14,4,3,7,6,0,6,36.5,60.0,20.0,0.0,20.0,0.0,0.0,0.0,0.0
9000007365,2026-08-01 15:00,0.7852778,3,1,4,14,11,25,0,1,1,0,1,1,49.0,0.0,0.0,0.0,0.0,100.0,0.0,0.0,0.0
9000007365,2026-08-01 16:00,0.75027776,4,0,4,5,3,8,3,5,8,12,13,25,120.5,83.33,0.0,0.0,0.0,0.0,0.0,0.0,16.67
9000007365,2026-08-01 17:00,0.7530556,7,7,14,9,9,18,5,5,10,17,21,38,9.0,87.5,12.5,0.0,0.0,0.0,0.0,0.0,0.0
9000007365,2026-08-01 18:00,0.7747222,9,1,10,10,6,16,4,0,4,5,8,13,37.5,66.67,0.0,0.0,33.33,0.0,0.0,0.0,0.0
9000007365,2026-08-01 19:00,0.7877778,4,8,12,10,18,28,1,1,2,0,0,0,23.5,50.0,0.0,50.0,0.0,0.0,0.0,0.0,0.0
9000007365,2026-08-01 20:00,0.7583333,4,3,7,13,7,20,1,1,2,1,0,1,8.5,100.0,0.0,0.0,0.0,0.0,0.0,0.0,0.0
9000007365,2026-08-01 21:00,0.0,0,0,0,0,0,0,0,0,0,0,0,0,,0.0,0.0,0.0,0.0,0.0,0.0,0.0,0.0
9000007365,2026-08-01 22:00,0.0,0,0,0,0,0,0,0,0,0,0,0,0,,0.0,0.0,0.0,0.0,0.0,0.0,0.0,0.0
9000007365,2026-08-01 23:00,0.0,0,0,0,0,0,0,0,0,0,0,0,0,,0.0,0.0,0.0,0.0,0.0,0.0,0.0,0.0
9000007365,2026-08-02 00:00,0.0,0,0,0,0,0,0,0,0,0,0,0,0,,0.0,0.0,0.0,0.0,0.0,0.0,0.0,0.0
9000007365,2026-08-02 02:00,0.0,0,0,0,0,0,0,0,0,0,0,0,0,,0.0,0.0,0.0,0.0,0.0,0.0,0.0,0.0
9000007365,2026-08-02 03:00,0.0,0,0,0,0,0,0,0,0,0,0,0,0,,0.0,0.0,0.0,0.0,0.0,0.0,0.0,0.0
9000007365,2026-08-02 04:00,0.0,0,0,0,0,0,0,0,0,0,0,0,0,,0.0,0.0,0.0,0.0,0.0,0.0,0.0,0.0
9000007365,2026-08-02 05:00,0.21833333,0,0,0,0,0,0,0,0,0,0,0,0,,0.0,0.0,0.0,0.0,0.0,0.0,0.0,0.0
9000007365,2026-08-02 06:00,0.5019444,0,2,2,0,0,0,0,0,0,0,0,0,,0.0,0.0,0.0,0.0,0.0,0.0,0.0,0.0
9000007365,2026-08-02 07:00,0.79194444,1,3,4,1,0,1,0,0,0,0,0,0,,0.0,0.0,0.0,0.0,0.0,0.0,0.0,0.0
9000007365,2026-08-02 08:00,0.7972222,4,3,7,3,1,4,0,1,1,0,0,0,24.0,0.0,0.0,100.0,0.0,0.0,0.0,0.0,0.0
9000007365,2026-08-02 09:00,0.79583335,1,3,4,3,4,7,0,0,0,0,0,0,,0.0,0.0,0.0,0.0,0.0,0.0,0.0,0.0
9000007365,2026-08-02 10:00,0.7902778,4,6,10,5,3,8,4,0,4,0,0,0,57.5,33.33,33.33,0.0,0.0,0.0,33.33,0.0,0.0
9000007563,2026-08-01 02:00,0.0,0,0,0,0,0,0,0,0,0,0,0,0,,0.0,0.0,0.0,0.0,0.0,0.0,0.0,0.0
9000007563,2026-08-01 03:00,0.0,0,0,0,0,0,0,0,0,0,0,0,0,,0.0,0.0,0.0,0.0,0.0,0.0,0.0,0.0
9000007563,2026-08-01 04:00,0.0,0,0,0,0,0,0,0,0,0,0,0,0,,0.0,0.0,0.0,0.0,0.0,0.0,0.0,0.0
9000007563,2026-08-01 05:00,0.2225,0,0,0,0,4,4,0,4,4,0,0,0,44.0,0.0,0.0,0.0,0.0,100.0,0.0,0.0,0.0
9000007563,2026-08-01 06:00,0.32277778,0,0,0,0,0,0,0,0,0,9,6,15,,0.0,0.0,0.0,0.0,0.0,0.0,0.0,0.0
9000007563,2026-08-01 07:00,0.3261111,0,0,0,0,0,0,12,6,18,3,0,3,51.0,0.0,0.0,0.0,16.67,66.67,16.67,0.0,0.0
9000007563,2026-08-01 08:00,0.7997222,0,0,0,3,5,8,15,10,25,4,4,8,55.0,0.0,0.0,0.0,20.0,60.0,15.0,5.0,0.0
9000007563,2026-08-01 09:00,0.79,0,0,0,0,0,0,19,15,34,1,8,9,53.5,7.41,3.7,0.0,3.7,59.26,18.52,3.7,3.7
9000007563,2026-08-01 10:00,0.77916664,1,1,2,1,5,6,14,6,20,1,13,14,48.0,6.25,0.0,12.5,31.25,37.5,12.5,0.0,0.0
9000007563,2026-08-01 11:00,0.78555554,1,0,1,1,0,1,24,13,37,6,15,21,53.0,0.0,0.0,0.0,24.14,55.17,17.24,3.45,0.0
9000007563,2026-08-01 12:00,0.7925,0,0,0,1,6,7,15,24,39,4,11,15,52.0,0.0,0.0,3.23,12.9,58.06,25.81,0.0,0.0
9000007563,2026-08-01 13:00,0.7838889,0,0,0,1,4,5,19,24,43,9,11,20,50.0,0.0,0.0,0.0,26.47,58.82,11.76,2.94,0.0
9000007563,2026-08-01 14:00,0.79333335,0,0,0,5,0,5,19,20,39,4,8,12,52.5,0.0,0.0,6.45,16.13,51.61,25.81,0.0,0.0
9000007563,2026-08-01 15:00,0.7841667,0,4,4,0,3,3,11,22,33,4,4,8,51.5,0.0,0.0,3.85,23.08,53.85,19.23,0.0,0.0
9000007563,2026-08-01 16:00,0.795,0,0,0,1,0,1,11,25,36,3,4,7,51.0,0.0,0.0,6.9,20.69,55.17,17.24,0.0,0.0
9000007563,2026-08-01 17:00,0.7216667,0,0,0,0,1,1,11,28,39,4,4,8,49.5,0.0,0.0,3.57,21.43,64.29,3.57,7.14,0.0
9000007563,2026-08-01 18:00,0.6180556,0,0,0,0,2,2,13,8,21,3,3,6,49.5,0.0,0.0,0.0,33.33,50.0,16.67,0.0,0.0
9000007563,2026-08-01 19:00,0.6836111,0,0,0,3,3,6,4,13,17,0,0,0,64.5,0.0,0.0,0.0,30.77,30.77,15.38,15.38,7.69
9000007563,2026-08-01 20:00,0.79888886,0,0,0,0,1,1,9,9,18,0,1,1,55.0,0.0,0.0,0.0,28.57,28.57,35.71,0.0,7.14
9000007563,2026-08-01 21:00,0.08777778,0,0,0,0,0,0,11,0,11,0,0,0,49.0,0.0,0.0,0.0,0.0,100.0,0.0,0.0,0.0
9000007563,2026-08-01 22:00,0.0,0,0,0,0,0,0,0,0,0,0,0,0,,0.0,0.0,0.0,0.0,0.0,0.0,0.0,0.0
9000007563,2026-08-01 23:00,0.0,0,0,0,0,0,0,0,0,0,0,0,0,,0.0,0.0,0.0,0.0,0.0,0.0,0.0,0.0
9000007563,2026-08-02 00:00,0.0,0,0,0,0,0,0,0,0,0,0,0,0,,0.0,0.0,0.0,0.0,0.0,0.0,0.0,0.0
9000007563,2026-08-02 02:00,0.0,0,0,0,0,0,0,0,0,0,0,0,0,,0.0,0.0,0.0,0.0,0.0,0.0,0.0,0.0
9000007563,2026-08-02 03:00,0.0,0,0,0,0,0,0,0,0,0,0,0,0,,0.0,0.0,0.0,0.0,0.0,0.0,0.0,0.0
9000007563,2026-08-02 04:00,0.0,0,0,0,0,0,0,0,0,0,0,0,0,,0.0,0.0,0.0,0.0,0.0,0.0,0.0,0.0
9000007563,2026-08-02 05:00,0.4588889,0,0,0,0,0,0,2,9,11,0,0,0,47.5,0.0,0.0,0.0,40.0,60.0,0.0,0.0,0.0
9000007563,2026-08-02 06:00,0.78944445,0,0,0,0,0,0,6,4,10,0,1,1,50.0,0.0,0.0,12.5,0.0,75.0,0.0,0.0,12.5
9000007563,2026-08-02 07:00,0.7811111,0,0,0,1,1,2,3,6,9,1,0,1,37.5,0.0,14.29,28.57,57.14,0.0,0.0,0.0,0.0
9000007563,2026-08-02 08:00,0.7608333,4,3,7,3,1,4,13,3,16,0,0,0,45.5,0.0,0.0,8.33,41.67,50.0,0.0,0.0,0.0
9000007563,2026-08-02 09:00,0.68722224,0,0,0,4,0,4,10,12,22,3,3,6,49.0,0.0,0.0,6.67,33.33,53.33,6.67,0.0,0.0
9000007563,2026-08-02 10:00,0.51,0,0,0,6,12,18,22,12,34,10,2,12,52.0,0.0,0.0,5.88,23.53,52.94,17.65,0.0,0.0
9000007661,2026-08-01 02:00,0.0,0,0,0,0,0,0,0,0,0,0,0,0,,0.0,0.0,0.0,0.0,0.0,0.0,0.0,0.0
9000007661,2026-08-01 03:00,0.0,0,0,0,0,0,0,0,0,0,0,0,0,,0.0,0.0,0.0,0.0,0.0,0.0,0.0,0.0
9000007661,2026-08-01 04:00,0.0,0,0,0,0,0,0,0,0,0,0,0,0,,0.0,0.0,0.0,0.0,0.0,0.0,0.0,0.0
9000007661,2026-08-01 05:00,0.0,0,0,0,0,0,0,0,0,0,0,0,0,,0.0,0.0,0.0,0.0,0.0,0.0,0.0,0.0
9000007661,2026-08-01 06:00,0.20444444,0,0,0,15,68,83,29,15,44,15,10,25,31.5,22.22,0.0,55.56,22.22,0.0,0.0,0.0,0.0
9000007661,2026-08-01 07:00,0.50666666,0,0,0,22,36,58,61,26,87,8,16,24,34.5,2.27,0.0,61.36,34.09,2.27,0.0,0.0,0.0
9000007661,2026-08-01 08:00,0.68277776,1,1,2,42,42,84,47,60,107,4,12,16,31.0,0.0,10.81,70.27,18.92,0.0,0.0,0.0,0.0
9000007661,2026-08-01 09:00,0.7002778,3,7,10,43,54,97,94,67,161,9,11,20,32.5,4.46,19.64,53.57,19.64,2.68,0.0,0.0,0.0
9000007661,2026-08-01 10:00,0.6894444,4,3,7,64,58,122,83,68,151,19,13,32,34.0,2.91,6.8,60.19,25.24,3.88,0.97,0.0,0.0
9000007661,2026-08-01 11:00,0.6747222,4,4,8,98,95,193,93,44,137,10,12,22,30.0,6.45,23.66,55.91,13.98,0.0,0.0,0.0,0.0
9000007661,2026-08-01 12:00,0.6838889,7,12,19,88,76,164,97,72,169,19,18,37,32.0,7.83,18.26,53.04,20.87,0.0,0.0,0.0,0.0
9000007661,2026-08-01 13:00,0.65805554,8,15,23,94,100,194,140,103,243,20,17,37,33.5,4.4,16.98,53.46,21.38,3.77,0.0,0.0,0.0
9000007661,2026-08-01 14:00,0.6919444,3,4,7,100,65,165,132,98,230,14,13,27,32.5,3.75,13.75,60.62,20.0,1.25,0.62,0.0,0.0
9000007661,2026-08-01 15:00,0.73083335,7,15,22,34,83,117,213,131,344,31,22,53,34.0,3.98,6.37,60.16,26.29,3.19,0.0,0.0,0.0
9000007661,2026-08-01 16:00,0.7327778,3,3,6,48,30,78,160,120,280,15,27,42,31.0,3.4,12.62,66.99,16.02,0.97,0.0,0.0,0.0
9000007661,2026-08-01 17:00,0.7,0,1,1,46,73,119,170,96,266,36,30,66,30.0,6.45,19.89,59.14,11.29,2.15,1.08,0.0,0.0
9000007661,2026-08-01 18:00,0.6755555,0,1,1,80,59,139,101,62,163,16,24,40,31.5,17.27,7.27,56.36,16.36,1.82,0.91,0.0,0.0
9000007661,2026-08-01 19:00,0.6975,4,6,10,95,80,175,73,49,122,10,6,16,32.5,14.12,15.29,48.24,16.47,3.53,2.35,0.0,0.0
9000007661,2026-08-01 20:00,0.71416664,3,1,4,126,73,199,53,76,129,8,4,12,34.0,1.08,7.53,59.14,26.88,5.38,0.0,0.0,0.0
9000007661,2026-08-01 21:00,0.0,0,0,0,0,0,0,0,0,0,0,0,0,,0.0,0.0,0.0,0.0,0.0,0.0,0.0,0.0
9000007661,2026-08-01 22:00,0.0,0,0,0,0,0,0,0,0,0,0,0,0,,0.0,0.0,0.0,0.0,0.0,0.0,0.0,0.0
9000007661,2026-08-01 23:00,0.0,0,0,0,0,0,0,0,0,0,0,0,0,,0.0,0.0,0.0,0.0,0.0,0.0,0.0,0.0
9000007661,2026-08-02 00:00,0.0,0,0,0,0,0,0,0,0,0,0,0,0,,0.0,0.0,0.0,0.0,0.0,0.0,0.0,0.0
9000007661,2026-08-02 02:00,0.0,0,0,0,0,0,0,0,0,0,0,0,0,,0.0,0.0,0.0,0.0,0.0,0.0,0.0,0.0
9000007661,2026-08-02 03:00,0.0,0,0,0,0,0,0,0,0,0,0,0,0,,0.0,0.0,0.0,0.0,0.0,0.0,0.0,0.0
9000007661,2026-08-02 04:00,0.0,0,0,0,0,0,0,0,0,0,0,0,0,,0.0,0.0,0.0,0.0,0.0,0.0,0.0,0.0
9000007661,2026-08-02 05:00,0.36333334,0,0,0,6,3,9,58,19,77,0,3,3,50.0,0.0,0.0,27.59,37.93,17.24,3.45,13.79,0.0
9000007661,2026-08-02 06:00,0.79305553,0,0,0,6,1,7,32,29,61,5,4,9,41.0,0.0,4.17,45.83,33.33,12.5,2.08,2.08,0.0
9000007661,2026-08-02 07:00,0.7297222,0,0,0,11,7,18,22,21,43,5,8,13,28.5,3.23,38.71,51.61,6.45,0.0,0.0,0.0,0.0
9000007661,2026-08-02 08:00,0.65555555,0,0,0,24,20,44,26,27,53,6,15,21,28.5,11.43,17.14,60.0,8.57,2.86,0.0,0.0,0.0
9000007661,2026-08-02 09:00,0.65,0,0,0,38,37,75,54,32,86,5,8,13,29.5,7.14,10.71,67.86,12.5,1.79,0.0,0.0,0.0
9000007661,2026-08-02 10:00,0.6191667,2,8,10,66,58,124,48,37,85,6,8,14,37.0,9.26,9.26,48.15,25.93,3.7,3.7,0.0,0.0
9000007729,2026-08-01 02:00,0.9994444,0,0,0,0,0,0,0,0,0,0,0,0,,0.0,0.0,0.0,0.0,0.0,0.0,0.0,0.0
9000007729,2026-08-01 03:00,0.9994444,0,0,0,0,0,0,0,0,0,0,0,0,,0.0,0.0,0.0,0.0,0.0,0.0,0.0,0.0
9000007729,2026-08-01 04:00,0.9994444,0,0,0,0,0,0,0,0,0,0,0,0,,0.0,0.0,0.0,0.0,0.0,0.0,0.0,0.0
9000007729,2026-08-01 05:00,0.9994444,0,0,0,0,0,0,2,5,7,0,0,0,43.5,0.0,0.0,28.57,14.29,57.14,0.0,0.0,0.0
9000007729,2026-08-01 06:00,0.9994444,0,0,0,0,0,0,1,1,2,0,0,0,4.0,100.0,0.0,0.0,0.0,0.0,0.0,0.0,0.0
9000007729,2026-08-01 07:00,0.99972224,0,0,0,0,0,0,5,2,7,0,0,0,55.0,0.0,0.0,0.0,28.57,42.86,14.29,14.29,0.0
9000007729,2026-08-01 08:00,0.9994444,0,0,0,0,0,0,4,11,15,0,0,0,48.0,13.33,0.0,20.0,33.33,26.67,6.67,0.0,0.0
9000007729,2026-08-01 09:00,0.99916667,0,0,0,0,0,0,16,18,34,0,0,0,48.0,2.94,2.94,8.82,32.35,41.18,11.76,0.0,0.0
9000007729,2026-08-01 10:00,0.9994444,0,0,0,0,0,0,12,19,31,0,0,0,46.0,0.0,6.45,12.9,38.71,32.26,9.68,0.0,0.0
9000007729,2026-08-01 11:00,0.99916667,0,0,0,1,1,2,17,28,45,1,0,1,49.0,15.56,0.0,13.33,37.78,22.22,8.89,0.0,2.22
9000007729,2026-08-01 12:00,0.9994444,0,0,0,0,0,0,26,27,53,1,0,1,49.0,0.0,1.89,20.75,32.08,32.08,9.43,3.77,0.0
9000007729,2026-08-01 13:00,0.9994444,0,0,0,0,1,1,21,65,86,1,1,2,48.0,0.0,1.16,9.3,48.84,31.4,6.98,1.16,1.16
9000007729,2026-08-01 14:00,0.9994444,0,1,1,0,0,0,12,40,52,2,6,8,46.0,0.0,1.92,13.46,32.69,46.15,5.77,0.0,0.0
9000007729,2026-08-01 15:00,0.99916667,0,1,1,2,0,2,24,31,55,0,2,2,47.5,1.82,0.0,14.55,43.64,29.09,9.09,1.82,0.0
9000007729,2026-08-01 16:00,0.9994444,1,1,2,2,1,3,17,22,39,0,1,1,51.5,2.56,12.82,10.26,33.33,23.08,10.26,5.13,2.56
9000007729,2026-08-01 17:00,0.99916667,5,1,6,1,0,1,20,28,48,2,0,2,45.0,8.33,4.17,16.67,35.42,31.25,2.08,2.08,0.0
9000007729,2026-08-01 18:00,0.99916667,0,4,4,0,2,2,20,13,33,1,0,1,46.0,3.03,3.03,15.15,36.36,39.39,3.03,0.0,0.0
9000007729,2026-08-01 19:00,0.99972224,1,0,1,0,1,1,12,13,25,0,1,1,44.0,0.0,4.0,20.0,48.0,28.0,0.0,0.0,0.0
9000007729,2026-08-01 20:00,0.99972224,0,0,0,0,0,0,7,14,21,0,1,1,44.5,0.0,4.76,23.81,47.62,19.05,4.76,0.0,0.0
9000007729,2026-08-01 21:00,0.99972224,0,0,0,0,0,0,1,0,1,0,0,0,24.0,0.0,0.0,100.0,0.0,0.0,0.0,0.0,0.0
9000007729,2026-08-01 22:00,0.9994444,0,0,0,0,0,0,0,1,1,0,0,0,4.0,100.0,0.0,0.0,0.0,0.0,0.0,0.0,0.0
9000007729,2026-08-01 23:00,0.9994444,0,0,0,0,0,0,0,0,0,0,0,0,,0.0,0.0,0.0,0.0,0.0,0.0,0.0,0.0
9000007729,2026-08-02 00:00,0.9994444,0,0,0,0,0,0,2,1,3,0,0,0,13.0,66.67,33.33,0.0,0.0,0.0,0.0,0.0,0.0
9000007729,2026-08-02 02:00,0.9994444,0,0,0,0,0,0,0,0,0,0,0,0,,0.0,0.0,0.0,0.0,0.0,0.0,0.0,0.0
9000007729,2026-08-02 03:00,0.9994444,0,0,0,0,0,0,0,0,0,0,0,0,,0.0,0.0,0.0,0.0,0.0,0.0,0.0,0.0
9000007729,2026-08-02 04:00,0.99972224,0,0,0,0,0,0,0,0,0,0,0,0,,0.0,0.0,0.0,0.0,0.0,0.0,0.0,0.0
9000007729,2026-08-02 05:00,0.99916667,0,0,0,0,0,0,4,4,8,0,0,0,57.0,12.5,0.0,12.5,25.0,25.0,25.0,0.0,0.0
9000007729,2026-08-02 06:00,0.9994444,0,0,0,0,0,0,1,0,1,0,0,0,34.0,0.0,0.0,0.0,100.0,0.0,0.0,0.0,0.0
9000007729,2026-08-02 07:00,0.99916667,0,0,0,0,0,0,5,4,9,0,0,0,53.0,0.0,0.0,0.0,55.56,22.22,22.22,0.0,0.0
9000007729,2026-08-02 08:00,0.9994444,0,0,0,0,0,0,7,6,13,0,0,0,50.0,0.0,7.69,7.69,30.77,38.46,7.69,7.69,0.0
9000007729,2026-08-02 09:00,0.9994444,0,1,1,0,1,1,10,13,23,0,0,0,29.5,60.87,4.35,21.74,8.7,4.35,0.0,0.0,0.0
9000007729,2026-08-02 10:00,0.99916667,0,0,0,0,0,0,19,36,55,1,0,1,8.0,87.27,3.64,5.45,1.82,1.82,0.0,0.0,0.0
9000007740,2026-08-01 02:00,0.9994444,0,0,0,0,0,0,0,0,0,0,0,0,,0.0,0.0,0.0,0.0,0.0,0.0,0.0,0.0
9000007740,2026-08-01 03:00,0.9875,0,0,0,0,0,0,0,0,0,0,0,0,,0.0,0.0,0.0,0.0,0.0,0.0,0.0,0.0
9000007740,2026-08-01 04:00,0.99444443,0,0,0,0,0,0,0,0,0,0,0,0,,0.0,0.0,0.0,0.0,0.0,0.0,0.0,0.0
9000007740,2026-08-01 05:00,0.9994444,0,3,3,1,2,3,2,48,50,0,10,10,61.0,4.0,2.0,20.0,20.0,26.0,10.0,16.0,2.0
9000007740,2026-08-01 06:00,0.9994444,0,2,2,0,2,2,3,88,91,0,14,14,57.5,0.0,3.3,14.29,18.68,25.27,28.57,6.59,3.3
9000007740,2026-08-01 07:00,0.99972224,0,0,0,2,4,6,7,133,140,1,20,21,50.5,3.57,3.57,15.71,30.0,31.43,12.86,2.14,0.71
9000007740,2026-08-01 08:00,0.99972224,0,0,0,5,3,8,45,215,260,0,17,17,52.5,3.46,6.54,13.85,24.23,31.54,14.62,4.23,1.54
9000007740,2026-08-01 09:00,0.99972224,0,0,0,4,14,18,175,350,525,0,30,30,54.0,3.24,2.1,9.14,21.14,38.1,20.57,3.81,1.9
9000007740,2026-08-01 10:00,0.99916667,1,1,2,6,13,19,189,528,717,0,39,39,53.0,2.09,3.35,9.34,23.57,40.45,16.18,4.04,0.98
9000007740,2026-08-01 11:00,0.99916667,0,2,2,8,12,20,227,572,799,0,24,24,52.5,1.88,1.5,8.26,22.4,45.93,15.39,3.75,0.88
9000007740,2026-08-01 12:00,0.99972224,0,0,0,2,13,15,247,601,848,2,25,27,54.0,1.3,2.36,9.79,22.29,41.16,17.45,4.6,1.06
9000007740,2026-08-01 13:00,0.9994444,0,2,2,3,10,13,233,641,874,0,28,28,53.0,1.6,1.83,10.64,24.26,40.73,15.56,4.0,1.37
9000007740,2026-08-01 14:00,0.9994444,1,0,1,10,19,29,285,565,850,0,37,37,52.5,2.0,2.47,10.71,25.53,39.65,15.06,3.65,0.94
9000007740,2026-08-01 15:00,0.9994444,1,1,2,15,14,29,263,573,836,0,40,40,54.0,1.67,1.91,9.81,25.48,38.04,17.22,4.19,1.67
9000007740,2026-08-01 16:00,0.9994444,2,0,2,9,31,40,230,535,765,3,36,39,56.0,1.57,2.88,10.46,24.18,31.5,20.78,7.19,1.44
9000007740,2026-08-01 17:00,0.9994444,5,1,6,16,36,52,203,556,759,3,40,43,57.0,0.79,2.24,9.88,22.53,32.41,23.06,6.98,2.11
9000007740,2026-08-01 18:00,0.9994444,11,7,18,12,32,44,248,519,767,5,30,35,55.0,0.78,2.22,10.82,22.69,35.85,19.95,6.26,1.43
9000007740,2026-08-01 19:00,0.9994444,28,20,48,22,16,38,203,406,609,8,36,44,54.0,0.49,2.46,10.67,23.81,37.6,17.9,5.42,1.64
9000007740,2026-08-01 20:00,0.9994444,2,10,12,1,13,14,86,309,395,2,24,26,54.0,0.25,3.04,12.66,30.38,30.13,16.96,4.3,2.28
9000007740,2026-08-01 21:00,0.99972224,1,1,2,0,3,3,0,45,45,0,2,2,51.5,0.0,13.33,20.0,31.11,17.78,17.78,0.0,0.0
9000007740,2026-08-01 22:00,0.9988889,0,0,0,0,0,0,0,0,0,0,0,0,,0.0,0.0,0.0,0.0,0.0,0.0,0.0,0.0
9000007740,2026-08-01 23:00,0.9763889,0,0,0,0,0,0,0,0,0,0,0,0,,0.0,0.0,0.0,0.0,0.0,0.0,0.0,0.0
9000007740,2026-08-02 00:00,0.9994444,0,0,0,0,0,0,0,0,0,0,0,0,,0.0,0.0,0.0,0.0,0.0,0.0,0.0,0.0
9000007740,2026-08-02 02:00,0.98944443,0,0,0,0,0,0,0,0,0,0,0,0,,0.0,0.0,0.0,0.0,0.0,0.0,0.0,0.0
9000007740,2026-08-02 03:00,0.9855555,0,0,0,0,0,0,0,0,0,0,0,0,,0.0,0.0,0.0,0.0,0.0,0.0,0.0,0.0
9000007740,2026-08-02 04:00,0.9994444,0,0,0,0,0,0,0,0,0,0,0,0,,0.0,0.0,0.0,0.0,0.0,0.0,0.0,0.0
9000007740,2026-08-02 05:00,0.9988889,0,1,1,0,0,0,1,58,59,0,2,2,61.0,3.39,1.69,6.78,16.95,25.42,28.81,13.56,3.39
9000007740,2026-08-02 06:00,0.9994444,0,1,1,0,1,1,10,50,60,1,5,6,61.0,1.67,3.33,5.0,20.0,28.33,25.0,11.67,5.0
9000007740,2026-08-02 07:00,0.99916667,0,2,2,2,4,6,18,80,98,0,20,20,59.0,1.02,0.0,4.08,19.39,29.59,32.65,7.14,6.12
9000007740,2026-08-02 08:00,0.9994444,1,0,1,2,10,12,89,141,230,0,20,20,56.5,0.0,1.74,6.09,14.35,43.91,25.22,6.52,2.17
9000007740,2026-08-02 09:00,0.9994444,11,1,12,17,24,41,170,261,431,0,23,23,56.5,0.46,1.16,6.5,18.79,42.69,21.81,6.73,1.86
9000007740,2026-08-02 10:00,0.9994444,23,3,26,19,28,47,212,342,554,0,25,25,57.5,0.9,2.17,4.87,14.8,39.71,27.62,7.58,2.35
9000007742,2026-08-01 02:00,0.99972224,0,0,0,0,0,0,0,0,0,0,0,0,,0.0,0.0,0.0,0.0,0.0,0.0,0.0,0.0
9000007742,2026-08-01 03:00,0.98083335,0,0,0,0,0,0,0,0,0,0,0,0,,0.0,0.0,0.0,0.0,0.0,0.0,0.0,0.0
9000007742,2026-08-01 04:00,0.97583336,0,0,0,0,0,0,0,0,0,0,0,0,,0.0,0.0,0.0,0.0,0.0,0.0,0.0,0.0
9000007742,2026-08-01 05:00,0.99916667,0,0,0,0,1,1,10,45,55,0,1,1,8.0,89.09,1.82,7.27,1.82,0.0,0.0,0.0,0.0
9000007742,2026-08-01 06:00,0.9994444,0,0,0,0,1,1,3,26,29,2,0,2,28.0,75.86,3.45,6.9,3.45,6.9,3.45,0.0,0.0
9000007742,2026-08-01 07:00,0.9994444,0,0,0,0,0,0,4,9,13,0,1,1,32.5,61.54,7.69,7.69,23.08,0.0,0.0,0.0,0.0
9000007742,2026-08-01 08:00,0.9994444,0,0,0,0,0,0,5,15,20,1,0,1,45.0,35.0,5.0,10.0,25.0,20.0,5.0,0.0,0.0
9000007742,2026-08-01 09:00,0.9994444,0,0,0,0,5,5,7,22,29,1,2,3,39.5,10.34,10.34,34.48,31.03,13.79,0.0,0.0,0.0
9000007742,2026-08-01 10:00,0.9994444,0,0,0,1,7,8,11,26,37,0,1,1,37.5,13.51,8.11,27.03,45.95,5.41,0.0,0.0,0.0
9000007742,2026-08-01 11:00,0.9994444,0,0,0,1,2,3,14,23,37,0,1,1,34.5,10.81,2.7,54.05,27.03,5.41,0.0,0.0,0.0
9000007742,2026-08-01 12:00,0.99916667,0,0,0,1,1,2,12,27,39,0,4,4,40.0,17.95,12.82,20.51,33.33,7.69,2.56,0.0,5.13
9000007742,2026-08-01 13:00,0.9994444,0,0,0,1,1,2,19,41,60,2,1,3,38.5,26.67,3.33,28.33,33.33,8.33,0.0,0.0,0.0
9000007742,2026-08-01 14:00,0.9994444,0,0,0,0,2,2,23,21,44,2,4,6,38.0,27.27,11.36,27.27,22.73,4.55,6.82,0.0,0.0
9000007742,2026-08-01 15:00,0.99972224,0,0,0,2,8,10,17,28,45,3,2,5,42.0,17.78,6.67,31.11,26.67,13.33,2.22,0.0,2.22
9000007742,2026-08-01 16:00,0.99916667,0,0,0,0,8,8,16,23,39,2,2,4,37.5,30.77,10.26,28.21,23.08,7.69,0.0,0.0,0.0
9000007742,2026-08-01 17:00,0.99916667,1,0,1,6,14,20,34,35,69,2,2,4,39.5,17.39,13.04,24.64,31.88,10.14,2.9,0.0,0.0
9000007742,2026-08-01 18:00,0.99972224,0,0,0,6,11,17,35,31,66,1,0,1,38.0,34.85,19.7,19.7,13.64,4.55,4.55,3.03,0.0
9000007742,2026-08-01 19:00,0.99916667,2,0,2,0,9,9,23,34,57,0,2,2,37.5,63.16,7.02,8.77,10.53,7.02,3.51,0.0,0.0
9000007742,2026-08-01 20:00,0.99972224,0,0,0,0,15,15,47,40,87,2,1,3,23.5,71.26,10.34,10.34,5.75,0.0,0.0,0.0,2.3
9000007742,2026-08-01 21:00,1.0,0,0,0,0,2,2,6,4,10,0,0,0,26.0,70.0,0.0,30.0,0.0,0.0,0.0,0.0,0.0
9000007742,2026-08-01 22:00,0.9994444,0,0,0,0,0,0,0,0,0,0,0,0,,0.0,0.0,0.0,0.0,0.0,0.0,0.0,0.0
9000007742,2026-08-01 23:00,0.9836111,0,0,0,0,0,0,0,0,0,0,0,0,,0.0,0.0,0.0,0.0,0.0,0.0,0.0,0.0
9000007742,2026-08-02 00:00,0.9938889,0,0,0,0,0,0,0,0,0,0,0,0,,0.0,0.0,0.0,0.0,0.0,0.0,0.0,0.0
9000007742,2026-08-02 02:00,0.99722224,0,0,0,0,0,0,0,0,0,0,0,0,,0.0,0.0,0.0,0.0,0.0,0.0,0.0,0.0
9000007742,2026-08-02 03:00,0.98055553,0,0,0,0,0,0,0,0,0,0,0,0,,0.0,0.0,0.0,0.0,0.0,0.0,0.0,0.0
9000007742,2026-08-02 04:00,0.9841667,0,0,0,0,0,0,0,0,0,0,0,0,,0.0,0.0,0.0,0.0,0.0,0.0,0.0,0.0
9000007742,2026-08-02 05:00,0.99916667,0,0,0,0,0,0,11,17,28,1,0,1,14.0,82.14,10.71,3.57,0.0,0.0,3.57,0.0,0.0
9000007742,2026-08-02 06:00,0.9994444,0,0,0,0,2,2,0,0,0,0,0,0,,0.0,0.0,0.0,0.0,0.0,0.0,0.0,0.0
9000007742,2026-08-02 07:00,0.9994444,0,0,0,0,3,3,1,2,3,0,1,1,53.0,33.33,33.33,0.0,0.0,0.0,33.33,0.0,0.0
9000007742,2026-08-02 08:00,0.9994444,0,0,0,2,3,5,9,8,17,1,0,1,43.5,11.76,17.65,17.65,29.41,17.65,5.88,0.0,0.0
9000007742,2026-08-02 09:00,0.9994444,0,0,0,0,2,2,9,13,22,0,2,2,36.5,63.64,0.0,18.18,9.09,9.09,0.0,0.0,0.0
9000007742,2026-08-02 10:00,0.99916667,0,0,0,0,1,1,6,13,19,0,0,0,33.5,47.37,10.53,15.79,21.05,0.0,0.0,5.26,0.0
9000007879,2026-08-01 02:00,0.99972224,0,0,0,0,0,0,0,0,0,0,0,0,,0.0,0.0,0.0,0.0,0.0,0.0,0.0,0.0
9000007879,2026-08-01 03:00,0.99972224,0,0,0,0,0,0,0,0,0,0,0,0,,0.0,0.0,0.0,0.0,0.0,0.0,0.0,0.0
9000007879,2026-08-01 04:00,0.99972224,0,0,0,0,0,0,0,0,0,0,0,0,,0.0,0.0,0.0,0.0,0.0,0.0,0.0,0.0
9000007879,2026-08-01 05:00,0.9994444,0,0,0,0,0,0,0,0,0,0,0,0,,0.0,0.0,0.0,0.0,0.0,0.0,0.0,0.0
9000007879,2026-08-01 06:00,0.99972224,0,0,0,0,0,0,0,0,0,0,0,0,,0.0,0.0,0.0,0.0,0.0,0.0,0.0,0.0
9000007879,2026-08-01 07:00,0.99972224,0,0,0,0,0,0,0,0,0,0,0,0,,0.0,0.0,0.0,0.0,0.0,0.0,0.0,0.0
9000007879,2026-08-01 08:00,0.99916667,0,0,0,0,0,0,0,0,0,0,0,0,,0.0,0.0,0.0,0.0,0.0,0.0,0.0,0.0
9000007879,2026-08-01 09:00,0.99916667,0,0,0,0,0,0,0,0,0,0,0,0,,0.0,0.0,0.0,0.0,0.0,0.0,0.0,0.0
9000007879,2026-08-01 10:00,0.9988889,0,0,0,0,0,0,0,0,0,0,0,0,,0.0,0.0,0.0,0.0,0.0,0.0,0.0,0.0
9000007879,2026-08-01 11:00,0.99916667,0,0,0,0,0,0,0,0,0,0,0,0,,0.0,0.0,0.0,0.0,0.0,0.0,0.0,0.0
9000007879,2026-08-01 12:00,0.9994444,0,0,0,0,0,0,0,0,0,0,0,0,,0.0,0.0,0.0,0.0,0.0,0.0,0.0,0.0
9000007879,2026-08-01 13:00,0.9994444,0,0,0,0,0,0,0,0,0,0,0,0,,0.0,0.0,0.0,0.0,0.0,0.0,0.0,0.0
9000007879,2026-08-01 14:00,0.99972224,0,0,0,0,0,0,0,0,0,0,0,0,,0.0,0.0,0.0,0.0,0.0,0.0,0.0,0.0
9000007879,2026-08-01 15:00,0.99972224,0,0,0,0,0,0,0,0,0,0,0,0,,0.0,0.0,0.0,0.0,0.0,0.0,0.0,0.0
9000007879,2026-08-01 16:00,0.9994444,0,0,0,0,0,0,0,0,0,0,0,0,,0.0,0.0,0.0,0.0,0.0,0.0,0.0,0.0
9000007879,2026-08-01 17:00,0.99972224,0,0,0,0,0,0,0,0,0,0,0,0,,0.0,0.0,0.0,0.0,0.0,0.0,0.0,0.0
9000007879,2026-08-01 18:00,0.99972224,0,0,0,0,0,0,0,0,0,0,0,0,,0.0,0.0,0.0,0.0,0.0,0.0,0.0,0.0
9000007879,2026-08-01 19:00,0.99972224,0,0,0,0,0,0,0,0,0,0,0,0,,0.0,0.0,0.0,0.0,0.0,0.0,0.0,0.0
9000007879,2026-08-01 20:00,0.99972224,0,0,0,0,0,0,0,0,0,0,0,0,,0.0,0.0,0.0,0.0,0.0,0.0,0.0,0.0
9000007879,2026-08-01 21:00,0.9994444,0,0,0,0,0,0,0,0,0,0,0,0,,0.0,0.0,0.0,0.0,0.0,0.0,0.0,0.0
9000007879,2026-08-01 22:00,0.99972224,0,0,0,0,0,0,0,0,0,0,0,0,,0.0,0.0,0.0,0.0,0.0,0.0,0.0,0.0
9000007879,2026-08-01 23:00,0.99972224,0,0,0,0,0,0,0,0,0,0,0,0,,0.0,0.0,0.0,0.0,0.0,0.0,0.0,0.0
9000007879,2026-08-02 00:00,0.99916667,0,0,0,0,0,0,0,0,0,0,0,0,,0.0,0.0,0.0,0.0,0.0,0.0,0.0,0.0
9000007918,2026-08-01 02:00,0.99916667,0,0,0,0,0,0,0,0,0,0,0,0,,0.0,0.0,0.0,0.0,0.0,0.0,0.0,0.0
9000007918,2026-08-01 03:00,0.9994444,0,0,0,0,0,0,0,0,0,0,0,0,,0.0,0.0,0.0,0.0,0.0,0.0,0.0,0.0
9000007918,2026-08-01 04:00,0.99916667,0,0,0,0,0,0,0,0,0,0,0,0,,0.0,0.0,0.0,0.0,0.0,0.0,0.0,0.0
9000007918,2026-08-01 05:00,0.99972224,0,0,0,0,0,0,0,0,0,0,0,0,,0.0,0.0,0.0,0.0,0.0,0.0,0.0,0.0
9000007918,2026-08-01 06:00,0.9994444,0,0,0,0,2,2,4,15,19,0,2,2,38.0,42.11,5.26,31.58,10.53,10.53,0.0,0.0,0.0
9000007918,2026-08-01 07:00,0.99916667,0,0,0,0,1,1,3,14,17,1,4,5,31.0,35.29,23.53,23.53,17.65,0.0,0.0,0.0,0.0
9000007918,2026-08-01 08:00,0.9994444,0,0,0,2,2,4,1,34,35,0,1,1,38.0,8.57,8.57,40.0,31.43,8.57,2.86,0.0,0.0
9000007918,2026-08-01 09:00,0.99972224,0,0,0,4,2,6,0,48,48,0,2,2,43.0,12.5,12.5,16.67,31.25,25.0,2.08,0.0,0.0
9000007918,2026-08-01 10:00,0.9994444,2,0,2,3,3,6,1,52,53,0,2,2,40.0,22.64,7.55,18.87,35.85,9.43,5.66,0.0,0.0
9000007918,2026-08-01 11:00,0.99916667,0,0,0,5,6,11,1,50,51,0,0,0,39.5,15.69,11.76,27.45,31.37,11.76,0.0,1.96,0.0
9000007918,2026-08-01 12:00,0.99916667,0,1,1,6,3,9,1,66,67,0,0,0,43.5,22.39,2.99,20.9,31.34,17.91,2.99,0.0,1.49
9000007918,2026-08-01 13:00,0.99972224,1,1,2,5,8,13,5,96,101,0,0,0,38.5,33.66,15.84,20.79,16.83,10.89,1.98,0.0,0.0
9000007918,2026-08-01 14:00,0.9994444,2,0,2,13,6,19,1,75,76,0,2,2,39.5,36.84,9.21,15.79,25.0,9.21,2.63,1.32,0.0
9000007918,2026-08-01 15:00,0.9994444,0,1,1,7,10,17,1,67,68,0,1,1,46.0,22.06,13.24,20.59,19.12,16.18,7.35,0.0,1.47
9000007918,2026-08-01 16:00,0.99916667,1,2,3,11,11,22,2,51,53,0,0,0,33.0,13.21,35.85,30.19,15.09,3.77,0.0,1.89,0.0
9000007918,2026-08-01 17:00,0.9994444,0,0,0,6,5,11,0,54,54,0,0,0,36.0,18.52,16.67,25.93,31.48,7.41,0.0,0.0,0.0
9000007918,2026-08-01 18:00,0.99972224,1,0,1,5,4,9,0,34,34,0,1,1,40.0,23.53,29.41,14.71,17.65,11.76,2.94,0.0,0.0
9000007918,2026-08-01 19:00,0.99972224,0,0,0,6,6,12,1,38,39,0,1,1,42.5,17.95,12.82,33.33,12.82,20.51,2.56,0.0,0.0
9000007918,2026-08-01 20:00,0.99916667,0,0,0,8,5,13,0,31,31,0,0,0,41.0,12.9,19.35,35.48,16.13,9.68,6.45,0.0,0.0
9000007918,2026-08-01 21:00,0.99972224,0,0,0,0,2,2,0,5,5,0,0,0,48.0,0.0,0.0,20.0,40.0,40.0,0.0,0.0,0.0
9000007918,2026-08-01 22:00,0.99916667,0,0,0,0,0,0,0,0,0,0,0,0,,0.0,0.0,0.0,0.0,0.0,0.0,0.0,0.0
9000007918,2026-08-01 23:00,0.9994444,0,0,0,0,0,0,0,0,0,0,0,0,,0.0,0.0,0.0,0.0,0.0,0.0,0.0,0.0
9000007918,2026-08-02 00:00,0.99916667,0,0,0,0,0,0,0,0,0,0,0,0,,0.0,0.0,0.0,0.0,0.0,0.0,0.0,0.0
9000007929,2026-08-01 02:00,0.9636111,0,0,0,0,0,0,0,0,0,0,0,0,,0.0,0.0,0.0,0.0,0.0,0.0,0.0,0.0
9000007929,2026-08-01 03:00,0.98194444,0,0,0,0,0,0,0,0,0,0,0,0,,0.0,0.0,0.0,0.0,0.0,0.0,0.0,0.0
9000007929,2026-08-01 04:00,0.98888886,0,0,0,0,0,0,0,0,0,0,0,0,,0.0,0.0,0.0,0.0,0.0,0.0,0.0,0.0
9000007929,2026-08-01 05:00,0.9866667,0,0,0,2,0,2,16,1,17,3,1,4,31.0,58.82,17.65,5.88,17.65,0.0,0.0,0.0,0.0
9000007929,2026-08-01 06:00,0.96555555,0,0,0,4,0,4,133,2,135,14,0,14,40.5,52.71,4.65,13.18,13.18,13.95,1.55,0.78,0.0
9000007929,2026-08-01 07:00,0.99666667,0,0,0,6,0,6,114,1,115,12,0,12,41.5,52.17,6.09,7.83,17.39,10.43,3.48,2.61,0.0
9000007929,2026-08-01 08:00,0.98444444,0,0,0,8,0,8,147,1,148,16,0,16,44.0,25.34,2.05,12.33,35.62,18.49,4.79,1.37,0.0
9000007929,2026-08-01 09:00,0.9994444,2,4,6,47,2,49,193,0,193,31,0,31,41.5,48.19,4.66,5.18,23.83,16.06,2.07,0.0,0.0
9000007929,2026-08-01 10:00,0.9916667,0,0,0,44,0,44,257,2,259,29,0,29,38.0,64.2,6.23,5.45,12.06,9.34,2.33,0.39,0.0
9000007929,2026-08-01 11:00,0.9994444,1,3,4,52,1,53,270,7,277,30,0,30,19.5,70.76,14.8,6.14,5.05,2.17,1.08,0.0,0.0
9000007929,2026-08-01 12:00,0.99916667,5,1,6,54,3,57,273,9,282,27,0,27,18.5,75.89,9.57,8.51,4.61,1.42,0.0,0.0,0.0
9000007929,2026-08-01 13:00,0.9711111,0,3,3,61,13,74,298,3,301,23,1,24,27.5,65.07,13.36,8.22,9.59,3.42,0.34,0.0,0.0
9000007929,2026-08-01 14:00,0.99972224,0,1,1,74,7,81,314,0,314,25,0,25,33.0,62.74,5.41,13.38,11.46,7.01,0.0,0.0,0.0
9000007929,2026-08-01 15:00,0.9994444,4,1,5,116,7,123,300,8,308,31,2,33,31.0,66.88,10.39,6.82,10.39,4.87,0.65,0.0,0.0
9000007929,2026-08-01 16:00,0.9836111,3,7,10,122,7,129,289,3,292,16,2,18,32.0,65.97,7.29,9.03,12.5,5.21,0.0,0.0,0.0
9000007929,2026-08-01 17:00,0.985,2,2,4,118,12,130,301,3,304,20,1,21,25.5,68.9,14.05,4.35,9.03,3.01,0.67,0.0,0.0
9000007929,2026-08-01 18:00,0.99916667,2,4,6,125,13,138,239,4,243,40,7,47,26.5,71.6,8.23,6.58,6.17,6.17,0.82,0.41,0.0
9000007929,2026-08-01 19:00,0.99972224,2,7,9,127,19,146,287,3,290,11,1,12,32.0,62.76,11.72,8.62,11.03,5.17,0.34,0.0,0.34
9000007929,2026-08-01 20:00,0.99916667,4,7,11,89,14,103,285,5,290,5,2,7,41.5,51.72,9.31,10.0,11.38,14.14,2.41,0.69,0.34
9000007929,2026-08-01 21:00,0.98944443,0,0,0,26,9,35,61,0,61,3,0,3,25.0,64.41,10.17,16.95,5.08,1.69,1.69,0.0,0.0
9000007929,2026-08-01 22:00,0.985,0,0,0,0,0,0,0,0,0,0,0,0,,0.0,0.0,0.0,0.0,0.0,0.0,0.0,0.0
9000007929,2026-08-01 23:00,0.9675,0,0,0,0,0,0,0,0,0,0,0,0,,0.0,0.0,0.0,0.0,0.0,0.0,0.0,0.0
9000007929,2026-08-02 00:00,0.9772222,0,0,0,0,0,0,0,0,0,0,0,0,,0.0,0.0,0.0,0.0,0.0,0.0,0.0,0.0
9000008121,2026-08-01 02:00,0.9969444,0,0,0,0,0,0,0,0,0,0,0,0,,0.0,0.0,0.0,0.0,0.0,0.0,0.0,0.0
9000008121,2026-08-01 03:00,0.9994444,0,0,0,0,0,0,0,0,0,0,0,0,,0.0,0.0,0.0,0.0,0.0,0.0,0.0,0.0
9000008121,2026-08-01 04:00,0.98055553,0,0,0,0,0,0,0,0,0,0,0,0,,0.0,0.0,0.0,0.0,0.0,0.0,0.0,0.0
9000008121,2026-08-01 05:00,0.98055553,0,0,0,0,0,0,4,3,7,0,0,0,40.0,28.57,14.29,14.29,28.57,0.0,0.0,0.0,14.29
9000008121,2026-08-01 06:00,0.99916667,0,0,0,0,0,0,21,25,46,2,3,5,38.5,17.39,26.09,30.43,13.04,6.52,4.35,2.17,0.0
9000008121,2026-08-01 07:00,0.96305555,0,0,0,0,1,1,26,13,39,9,3,12,36.0,7.89,18.42,44.74,23.68,5.26,0.0,0.0,0.0
9000008121,2026-08-01 08:00,0.9766667,0,0,0,0,0,0,20,13,33,2,3,5,46.5,12.12,18.18,24.24,24.24,12.12,6.06,0.0,3.03
9000008121,2026-08-01 09:00,0.99027777,2,0,2,2,2,4,115,85,200,5,11,16,38.5,23.23,16.16,28.28,19.7,8.08,1.52,1.01,2.02
9000008121,2026-08-01 10:00,0.9625,1,0,1,1,0,1,141,122,263,7,9,16,37.0,23.62,16.14,34.65,14.96,6.69,2.76,0.79,0.39
9000008121,2026-08-01 11:00,0.9797222,0,1,1,4,4,8,171,165,336,10,26,36,37.0,20.06,23.4,29.18,17.02,6.69,2.13,0.91,0.61
9000008121,2026-08-01 12:00,0.99972224,0,1,1,1,12,13,211,218,429,16,23,39,35.5,8.86,36.13,31.93,14.45,5.83,1.86,0.47,0.47
9000008121,2026-08-01 13:00,0.9444444,0,0,0,0,4,4,235,280,515,7,30,37,36.0,15.88,27.42,28.25,18.76,6.8,1.86,0.82,0.21
9000008121,2026-08-01 14:00,0.9588889,0,0,0,3,2,5,276,235,511,11,24,35,37.5,13.65,22.81,28.92,23.63,7.74,2.44,0.41,0.41
9000008121,2026-08-01 15:00,0.9791667,0,1,1,2,9,11,268,234,502,20,30,50,38.0,16.12,19.59,30.82,21.84,8.37,1.43,1.84,0.0
9000008121,2026-08-01 16:00,0.99444443,0,4,4,1,11,12,208,230,438,7,22,29,38.5,10.09,27.06,32.11,18.81,7.34,3.21,0.92,0.46
9000008121,2026-08-01 17:00,0.9994444,2,8,10,4,3,7,173,196,369,10,16,26,38.0,20.6,21.14,23.04,23.85,7.59,2.71,0.54,0.54
9000008121,2026-08-01 18:00,0.98777777,1,4,5,2,6,8,119,179,298,6,15,21,35.0,27.12,22.37,22.71,19.66,5.08,2.37,0.0,0.68
9000008121,2026-08-01 19:00,0.9891667,0,5,5,3,1,4,105,168,273,6,7,13,34.0,22.96,28.89,26.67,12.59,6.67,1.48,0.0,0.74
9000008121,2026-08-01 20:00,0.99972224,0,5,5,3,5,8,83,139,222,4,7,11,33.5,27.93,26.58,24.77,14.41,2.7,1.35,1.35,0.9
9000008121,2026-08-01 21:00,0.9611111,0,0,0,4,1,5,4,5,9,0,1,1,38.5,11.11,44.44,22.22,11.11,11.11,0.0,0.0,0.0
9000008121,2026-08-01 22:00,0.93777776,0,0,0,0,1,1,1,0,1,0,0,0,34.0,0.0,0.0,0.0,100.0,0.0,0.0,0.0,0.0
9000008121,2026-08-01 23:00,0.9825,0,0,0,0,1,1,1,1,2,0,0,0,13.5,50.0,50.0,0.0,0.0,0.0,0.0,0.0,0.0
9000008121,2026-08-02 00:00,0.9483333,0,0,0,0,0,0,1,0,1,0,0,0,54.0,0.0,0.0,0.0,0.0,0.0,100.0,0.0,0.0
9000008361,2026-08-01 02:00,0.0,0,0,0,0,0,0,0,0,0,0,0,0,,0.0,0.0,0.0,0.0,0.0,0.0,0.0,0.0
9000008361,2026-08-01 03:00,0.0,0,0,0,0,0,0,0,0,0,0,0,0,,0.0,0.0,0.0,0.0,0.0,0.0,0.0,0.0
9000008361,2026-08-01 04:00,0.0,0,0,0,0,0,0,0,0,0,0,0,0,,0.0,0.0,0.0,0.0,0.0,0.0,0.0,0.0
9000008361,2026-08-01 05:00,0.0,0,0,0,0,0,0,0,0,0,0,0,0,,0.0,0.0,0.0,0.0,0.0,0.0,0.0,0.0
9000008361,2026-08-01 06:00,0.6536111,0,0,0,2,0,2,2,6,8,0,2,2,41.5,0.0,0.0,40.0,40.0,20.0,0.0,0.0,0.0
9000008361,2026-08-01 07:00,0.3225,0,0,0,0,0,0,12,12,24,0,0,0,29.0,25.0,12.5,50.0,12.5,0.0,0.0,0.0,0.0
9000008361,2026-08-01 08:00,0.5977778,0,0,0,2,0,2,3,20,23,0,8,8,40.5,7.14,14.29,7.14,50.0,14.29,7.14,0.0,0.0
9000008361,2026-08-01 09:00,0.78555554,0,1,1,4,6,10,1,33,34,0,3,3,48.5,3.7,11.11,29.63,22.22,22.22,3.7,7.41,0.0
9000008361,2026-08-01 10:00,0.7991667,0,0,0,3,4,7,3,58,61,0,9,9,54.5,2.08,4.17,29.17,27.08,20.83,8.33,2.08,6.25
9000008361,2026-08-01 11:00,0.78305554,0,1,1,1,4,5,1,56,57,0,3,3,43.0,4.44,8.89,40.0,26.67,13.33,0.0,0.0,6.67
9000008361,2026-08-01 12:00,0.77555555,0,0,0,3,6,9,3,49,52,0,8,8,47.5,0.0,15.0,27.5,27.5,17.5,10.0,2.5,0.0
9000008361,2026-08-01 13:00,0.7941667,0,0,0,1,1,2,1,40,41,0,14,14,45.0,6.06,3.03,33.33,30.3,24.24,3.03,0.0,0.0
9000008361,2026-08-01 14:00,0.78694445,0,1,1,3,4,7,4,60,64,0,9,9,55.5,2.0,6.0,34.0,26.0,8.0,16.0,4.0,4.0
9000008361,2026-08-01 15:00,0.7980555,0,3,3,3,8,11,1,31,32,0,11,11,41.5,0.0,3.85,38.46,38.46,19.23,0.0,0.0,0.0
9000008361,2026-08-01 16:00,0.75527775,0,1,1,4,19,23,5,50,55,0,8,8,54.5,11.9,9.52,26.19,26.19,7.14,9.52,4.76,4.76
9000008361,2026-08-01 17:00,0.7455556,0,0,0,1,12,13,5,39,44,0,9,9,45.0,24.24,0.0,24.24,30.3,9.09,3.03,6.06,3.03
9000008361,2026-08-01 18:00,0.72194445,0,3,3,6,12,18,1,36,37,0,4,4,36.5,0.0,7.41,48.15,37.04,7.41,0.0,0.0,0.0
9000008361,2026-08-01 19:00,0.77916664,0,1,1,3,5,8,0,42,42,0,4,4,50.0,0.0,3.03,39.39,39.39,3.03,6.06,0.0,9.09
9000008361,2026-08-01 20:00,0.6716667,0,0,0,4,7,11,0,16,16,0,1,1,33.0,0.0,18.18,45.45,36.36,0.0,0.0,0.0,0.0
9000008361,2026-08-01 21:00,0.0,0,0,0,0,0,0,0,0,0,0,0,0,,0.0,0.0,0.0,0.0,0.0,0.0,0.0,0.0
9000008361,2026-08-01 22:00,0.0,0,0,0,0,0,0,0,0,0,0,0,0,,0.0,0.0,0.0,0.0,0.0,0.0,0.0,0.0
9000008361,2026-08-01 23:00,0.0,0,0,0,0,0,0,0,0,0,0,0,0,,0.0,0.0,0.0,0.0,0.0,0.0,0.0,0.0
9000008361,2026-08-02 00:00,0.0,0,0,0,0,0,0,0,0,0,0,0,0,,0.0,0.0,0.0,0.0,0.0,0.0,0.0,0.0
9000008390,2026-08-01 02:00,0.99972224,0,0,0,0,0,0,0,0,0,0,0,0,,0.0,0.0,0.0,0.0,0.0,0.0,0.0,0.0
9000008390,2026-08-01 03:00,1.0,0,0,0,0,0,0,0,0,0,0,0,0,,0.0,0.0,0.0,0.0,0.0,0.0,0.0,0.0
9000008390,2026-08-01 04:00,0.99972224,0,0,0,0,0,0,0,0,0,0,0,0,,0.0,0.0,0.0,0.0,0.0,0.0,0.0,0.0
9000008390,2026-08-01 05:00,0.99916667,0,0,0,0,0,0,1,0,1,0,0,0,34.0,0.0,0.0,0.0,100.0,0.0,0.0,0.0,0.0
9000008390,2026-08-01 06:00,0.99972224,1,0,1,0,0,0,3,5,8,1,0,1,37.0,0.0,0.0,50.0,50.0,0.0,0.0,0.0,0.0
9000008390,2026-08-01 07:00,0.9994444,0,0,0,0,0,0,1,5,6,0,0,0,50.5,0.0,0.0,66.67,16.67,0.0,16.67,0.0,0.0
9000008390,2026-08-01 08:00,1.0,0,0,0,0,0,0,12,5,17,2,1,3,33.0,0.0,11.76,52.94,35.29,0.0,0.0,0.0,0.0
9000008390,2026-08-01 09:00,0.9994444,9,4,13,3,4,7,18,10,28,1,0,1,43.0,0.0,7.14,35.71,32.14,25.0,0.0,0.0,0.0
9000008390,2026-08-01 10:00,0.9994444,4,1,5,1,1,2,14,7,21,2,2,4,37.0,0.0,9.52,52.38,28.57,9.52,0.0,0.0,0.0
9000008390,2026-08-01 11:00,0.9994444,0,4,4,0,2,2,7,25,32,1,0,1,39.0,0.0,6.25,28.12,53.12,12.5,0.0,0.0,0.0
9000008390,2026-08-01 12:00,0.9994444,4,4,8,0,0,0,16,18,34,1,1,2,38.5,2.94,11.76,23.53,52.94,8.82,0.0,0.0,0.0
9000008390,2026-08-01 13:00,0.99972224,2,0,2,2,0,2,17,16,33,2,5,7,43.0,0.0,0.0,27.27,48.48,21.21,3.03,0.0,0.0
9000008390,2026-08-01 14:00,0.99972224,4,0,4,0,2,2,26,18,44,5,3,8,39.0,0.0,0.0,38.64,50.0,9.09,2.27,0.0,0.0
9000008390,2026-08-01 15:00,0.9994444,1,2,3,0,0,0,28,12,40,2,2,4,39.0,0.0,12.5,37.5,37.5,7.5,2.5,2.5,0.0
9000008390,2026-08-01 16:00,0.9994444,6,3,9,9,3,12,19,14,33,3,2,5,43.5,0.0,6.06,30.3,42.42,18.18,0.0,0.0,3.03
9000008390,2026-08-01 17:00,0.99916667,8,4,12,7,3,10,20,7,27,3,3,6,40.0,7.41,18.52,29.63,29.63,14.81,0.0,0.0,0.0
9000008390,2026-08-01 18:00,0.99972224,7,21,28,2,7,9,18,16,34,3,1,4,40.0,2.94,14.71,26.47,41.18,11.76,2.94,0.0,0.0
9000008390,2026-08-01 19:00,0.9994444,4,6,10,1,2,3,11,15,26,0,2,2,40.0,3.85,11.54,38.46,30.77,11.54,3.85,0.0,0.0
9000008390,2026-08-01 20:00,0.9994444,3,4,7,0,1,1,9,9,18,0,0,0,40.5,0.0,11.11,27.78,44.44,16.67,0.0,0.0,0.0
9000008390,2026-08-01 21:00,0.99972224,3,0,3,0,0,0,0,0,0,0,0,0,,0.0,0.0,0.0,0.0,0.0,0.0,0.0,0.0
9000008390,2026-08-01 22:00,0.99916667,0,0,0,0,0,0,0,0,0,0,0,0,,0.0,0.0,0.0,0.0,0.0,0.0,0.0,0.0
9000008390,2026-08-01 23:00,0.99916667,0,0,0,0,0,0,0,0,0,0,0,0,,0.0,0.0,0.0,0.0,0.0,0.0,0.0,0.0
9000008390,2026-08-02 00:00,0.9994444,0,0,0,0,0,0,0,0,0,0,0,0,,0.0,0.0,0.0,0.0,0.0,0.0,0.0,0.0
9000008415,2026-08-01 02:00,0.99916667,0,0,0,0,0,0,0,0,0,0,0,0,,0.0,0.0,0.0,0.0,0.0,0.0,0.0,0.0
9000008415,2026-08-01 03:00,0.9994444,0,0,0,0,0,0,0,0,0,0,0,0,,0.0,0.0,0.0,0.0,0.0,0.0,0.0,0.0
9000008415,2026-08-01 04:00,0.99916667,0,0,0,0,0,0,0,0,0,0,0,0,,0.0,0.0,0.0,0.0,0.0,0.0,0.0,0.0
9000008415,2026-08-01 05:00,0.9994444,0,0,0,3,1,4,16,6,22,1,1,2,48.5,0.0,0.0,18.18,36.36,31.82,9.09,4.55,0.0
9000008415,2026-08-01 06:00,0.99972224,0,0,0,1,0,1,15,29,44,4,3,7,46.0,0.0,0.0,15.91,38.64,34.09,4.55,2.27,4.55
9000008415,2026-08-01 07:00,0.9994444,0,0,0,3,7,10,38,34,72,3,2,5,51.5,0.0,1.39,12.5,33.33,36.11,9.72,5.56,1.39
9000008415,2026-08-01 08:00,0.9994444,1,0,1,7,2,9,56,69,125,5,8,13,49.0,0.0,0.0,8.0,48.0,31.2,9.6,2.4,0.8
9000008415,2026-08-01 09:00,0.99916667,0,0,0,3,0,3,65,82,147,5,12,17,49.5,0.68,1.36,6.8,50.34,27.21,10.88,2.72,0.0
9000008415,2026-08-01 10:00,0.99972224,0,1,1,7,2,9,81,118,199,5,8,13,48.0,0.0,1.01,8.54,49.75,31.66,8.04,0.5,0.5
9000008415,2026-08-01 11:00,0.9994444,0,1,1,3,1,4,101,107,208,11,11,22,49.0,0.0,0.48,6.25,45.67,35.1,10.1,2.4,0.0
9000008415,2026-08-01 12:00,0.99916667,2,1,3,4,3,7,103,122,225,6,9,15,48.0,0.0,0.44,8.89,48.89,30.67,10.22,0.89,0.0
9000008415,2026-08-01 13:00,0.99972224,6,6,12,4,2,6,100,113,213,9,12,21,50.0,0.0,0.47,5.16,51.17,28.64,13.15,1.41,0.0
9000008415,2026-08-01 14:00,0.99972224,0,3,3,2,4,6,96,112,208,3,7,10,49.0,0.0,0.0,6.73,45.67,35.58,9.62,1.44,0.96
9000008415,2026-08-01 15:00,0.9994444,1,3,4,3,5,8,80,88,168,7,6,13,48.0,0.0,1.19,13.1,43.45,30.95,8.33,2.38,0.6
9000008415,2026-08-01 16:00,0.99972224,2,3,5,3,3,6,55,102,157,1,7,8,46.0,0.64,1.27,15.92,46.5,29.3,4.46,1.91,0.0
9000008415,2026-08-01 17:00,0.9994444,2,6,8,5,12,17,85,101,186,7,9,16,48.0,0.0,0.54,10.22,54.84,23.12,7.53,2.15,1.61
9000008415,2026-08-01 18:00,0.9994444,1,5,6,7,9,16,68,59,127,9,10,19,46.5,0.0,0.0,11.02,49.61,29.92,6.3,1.57,1.57
9000008415,2026-08-01 19:00,0.9994444,1,2,3,5,9,14,49,59,108,8,6,14,51.5,0.0,0.93,10.19,49.07,23.15,12.04,3.7,0.93
9000008415,2026-08-01 20:00,0.9994444,0,3,3,4,9,13,53,57,110,4,4,8,52.5,0.0,0.91,16.36,30.0,33.64,13.64,4.55,0.91
9000008415,2026-08-01 21:00,0.9994444,0,0,0,0,0,0,8,13,21,1,2,3,45.0,0.0,0.0,14.29,52.38,28.57,0.0,0.0,4.76
9000008415,2026-08-01 22:00,0.99972224,0,0,0,0,0,0,0,0,0,0,0,0,,0.0,0.0,0.0,0.0,0.0,0.0,0.0,0.0
9000008415,2026-08-01 23:00,0.99972224,0,0,0,0,0,0,0,0,0,0,0,0,,0.0,0.0,0.0,0.0,0.0,0.0,0.0,0.0
9000008415,2026-08-02 00:00,0.99916667,0,0,0,0,0,0,0,0,0,0,0,0,,0.0,0.0,0.0,0.0,0.0,0.0,0.0,0.0
9000008500,2026-08-01 02:00,0.0,0,0,0,0,0,0,0,0,0,0,0,0,,0.0,0.0,0.0,0.0,0.0,0.0,0.0,0.0
9000008500,2026-08-01 03:00,0.0,0,0,0,0,0,0,0,0,0,0,0,0,,0.0,0.0,0.0,0.0,0.0,0.0,0.0,0.0
9000008500,2026-08-01 04:00,0.0,0,0,0,0,0,0,0,0,0,0,0,0,,0.0,0.0,0.0,0.0,0.0,0.0,0.0,0.0
9000008500,2026-08-01 05:00,0.0,0,0,0,0,0,0,0,0,0,0,0,0,,0.0,0.0,0.0,0.0,0.0,0.0,0.0,0.0
9000008500,2026-08-01 06:00,0.0,0,0,0,0,0,0,0,0,0,0,0,0,,0.0,0.0,0.0,0.0,0.0,0.0,0.0,0.0
9000008500,2026-08-01 07:00,0.12111111,0,0,0,0,0,0,17,0,17,8,0,8,29.0,0.0,0.0,100.0,0.0,0.0,0.0,0.0,0.0
9000008500,2026-08-01 08:00,0.21027778,0,0,0,0,0,0,5,10,15,14,5,19,24.0,0.0,33.33,66.67,0.0,0.0,0.0,0.0,0.0
9000008500,2026-08-01 09:00,0.5302778,0,0,0,6,0,6,13,15,28,2,2,4,34.5,6.67,26.67,40.0,20.0,0.0,0.0,6.67,0.0
9000008500,2026-08-01 10:00,0.5838889,0,0,0,2,3,5,31,27,58,7,2,9,29.0,0.0,29.41,58.82,8.82,0.0,2.94,0.0,0.0
9000008500,2026-08-01 11:00,0.71666664,0,0,0,7,6,13,32,31,63,0,10,10,34.0,0.0,28.89,40.0,24.44,4.44,0.0,0.0,2.22
9000008500,2026-08-01 12:00,0.4538889,0,2,2,11,0,11,62,22,84,2,2,4,29.0,5.13,35.9,46.15,10.26,0.0,0.0,2.56,0.0
9000008500,2026-08-01 13:00,0.3127778,0,0,0,13,0,13,61,32,93,10,0,10,34.0,0.0,36.67,36.67,20.0,6.67,0.0,0.0,0.0
9000008500,2026-08-01 14:00,0.3375,0,0,0,18,3,21,39,47,86,6,0,6,29.5,0.0,29.03,58.06,12.9,0.0,0.0,0.0,0.0
9000008500,2026-08-01 15:00,0.72583336,0,0,0,4,6,10,41,41,82,1,0,1,37.0,0.0,5.0,55.0,31.67,5.0,0.0,0.0,3.33
9000008500,2026-08-01 16:00,0.7888889,1,1,2,5,3,8,29,37,66,4,6,10,34.0,3.85,25.0,50.0,13.46,5.77,0.0,0.0,1.92
9000008500,2026-08-01 17:00,0.77944446,0,1,1,10,8,18,36,28,64,4,3,7,34.0,0.0,20.0,56.0,20.0,0.0,4.0,0.0,0.0
9000008500,2026-08-01 18:00,0.7797222,1,0,1,10,9,19,41,55,96,3,4,7,31.5,4.0,21.33,56.0,17.33,0.0,1.33,0.0,0.0
9000008500,2026-08-01 19:00,0.79333335,0,0,0,1,8,9,18,32,50,3,6,9,31.5,0.0,20.51,58.97,15.38,0.0,2.56,2.56,0.0
9000008500,2026-08-01 20:00,0.4875,2,4,6,2,4,6,31,55,86,4,0,4,32.5,2.38,40.48,35.71,16.67,2.38,0.0,0.0,2.38
9000008500,2026-08-01 21:00,0.0,0,0,0,0,0,0,0,0,0,0,0,0,,0.0,0.0,0.0,0.0,0.0,0.0,0.0,0.0
9000008500,2026-08-01 22:00,0.0,0,0,0,0,0,0,0,0,0,0,0,0,,0.0,0.0,0.0,0.0,0.0,0.0,0.0,0.0
9000008500,2026-08-01 23:00,0.0,0,0,0,0,0,0,0,0,0,0,0,0,,0.0,0.0,0.0,0.0,0.0,0.0,0.0,0.0
9000008500,2026-08-02 00:00,0.0,0,0,0,0,0,0,0,0,0,0,0,0,,0.0,0.0,0.0,0.0,0.0,0.0,0.0,0.0
9000008500,2026-08-02 02:00,0.0,0,0,0,0,0,0,0,0,0,0,0,0,,0.0,0.0,0.0,0.0,0.0,0.0,0.0,0.0
9000008500,2026-08-02 03:00,0.0,0,0,0,0,0,0,0,0,0,0,0,0,,0.0,0.0,0.0,0.0,0.0,0.0,0.0,0.0
9000008500,2026-08-02 04:00,0.0,0,0,0,0,0,0,0,0,0,0,0,0,,0.0,0.0,0.0,0.0,0.0,0.0,0.0,0.0
9000008500,2026-08-02 05:00,0.057777777,0,0,0,0,0,0,17,0,17,0,0,0,34.0,0.0,0.0,0.0,100.0,0.0,0.0,0.0,0.0
9000008500,2026-08-02 06:00,0.6597222,0,0,0,2,2,4,9,3,12,2,0,2,47.0,0.0,0.0,37.5,37.5,25.0,0.0,0.0,0.0
9000008500,2026-08-02 07:00,0.7852778,0,0,0,4,1,5,13,6,19,3,0,3,39.0,0.0,13.33,46.67,26.67,6.67,0.0,6.67,0.0
9000008500,2026-08-02 08:00,0.7475,1,0,1,0,1,1,16,11,27,1,0,1,40.5,0.0,10.53,47.37,26.32,15.79,0.0,0.0,0.0
9000008500,2026-08-02 09:00,0.6225,0,0,0,5,14,19,18,13,31,0,0,0,35.0,10.53,21.05,47.37,15.79,0.0,0.0,5.26,0.0
9000008500,2026-08-02 10:00,0.5375,0,0,0,20,9,29,13,6,19,2,4,6,26.0,40.0,30.0,30.0,0.0,0.0,0.0,0.0,0.0
9000008514,2026-08-01 02:00,0.9994444,0,0,0,0,0,0,0,0,0,0,0,0,,0.0,0.0,0.0,0.0,0.0,0.0,0.0,0.0
9000008514,2026-08-01 03:00,0.99916667,0,0,0,0,0,0,0,0,0,0,0,0,,0.0,0.0,0.0,0.0,0.0,0.0,0.0,0.0
9000008514,2026-08-01 04:00,0.99916667,0,0,0,0,0,0,0,0,0,0,0,0,,0.0,0.0,0.0,0.0,0.0,0.0,0.0,0.0
9000008514,2026-08-01 05:00,0.9994444,0,0,0,0,0,0,2,2,4,0,0,0,48.5,50.0,0.0,0.0,0.0,50.0,0.0,0.0,0.0
9000008514,2026-08-01 06:00,0.99972224,0,0,0,0,5,5,55,59,114,2,17,19,36.5,55.26,12.28,10.53,10.53,5.26,5.26,0.88,0.0
9000008514,2026-08-01 07:00,0.99972224,0,1,1,0,5,5,56,43,99,4,4,8,35.0,57.58,13.13,7.07,11.11,8.08,2.02,1.01,0.0
9000008514,2026-08-01 08:00,0.9994444,0,0,0,0,6,6,30,26,56,6,4,10,52.5,32.14,3.57,7.14,23.21,16.07,12.5,1.79,3.57
9000008514,2026-08-01 09:00,0.99916667,9,4,13,6,13,19,75,29,104,8,9,17,46.5,21.15,5.77,15.38,25.96,19.23,10.58,0.96,0.96
9000008514,2026-08-01 10:00,0.9994444,27,9,36,5,21,26,80,43,123,12,8,20,46.5,11.38,5.69,8.94,43.09,26.83,4.07,0.0,0.0
9000008514,2026-08-01 11:00,0.99916667,41,14,55,4,23,27,87,65,152,20,12,32,46.5,12.5,0.0,17.76,35.53,28.29,3.95,1.32,0.66
9000008514,2026-08-01 12:00,0.9994444,24,5,29,2,24,26,109,67,176,20,5,25,44.5,15.91,3.41,17.61,36.93,18.18,6.25,1.7,0.0
9000008514,2026-08-01 13:00,0.99972224,32,9,41,0,32,32,71,78,149,9,9,18,46.5,7.38,6.71,16.78,36.24,25.5,6.71,0.67,0.0
9000008514,2026-08-01 14:00,0.9994444,55,17,72,7,37,44,61,71,132,6,2,8,48.0,9.85,3.03,18.94,29.55,26.52,9.85,0.76,1.52
9000008514,2026-08-01 15:00,0.99916667,20,8,28,7,64,71,67,93,160,2,1,3,45.0,12.5,6.88,13.12,38.12,21.88,6.25,0.0,1.25
9000008514,2026-08-01 16:00,0.99972224,18,34,52,19,92,111,68,106,174,5,5,10,45.5,6.9,4.02,13.79,43.68,21.26,6.32,2.87,1.15
9000008514,2026-08-01 17:00,0.9994444,49,33,82,54,80,134,64,84,148,5,5,10,46.0,13.51,5.41,14.86,29.73,29.05,5.41,2.03,0.0
9000008514,2026-08-01 18:00,0.9994444,24,11,35,50,76,126,54,69,123,4,1,5,48.5,6.5,7.32,15.45,33.33,25.2,8.13,2.44,1.63
9000008514,2026-08-01 19:00,0.9994444,20,8,28,23,82,105,93,62,155,3,0,3,46.5,27.74,2.58,8.39,23.87,29.68,7.1,0.0,0.65
9000008514,2026-08-01 20:00,0.99916667,21,19,40,20,41,61,115,75,190,6,4,10,49.0,23.68,5.26,8.95,27.89,21.05,8.42,2.63,2.11
9000008514,2026-08-01 21:00,0.9994444,0,0,0,0,1,1,9,3,12,0,0,0,43.0,25.0,0.0,25.0,25.0,16.67,8.33,0.0,0.0
9000008514,2026-08-01 22:00,0.9994444,0,0,0,0,0,0,0,0,0,0,0,0,,0.0,0.0,0.0,0.0,0.0,0.0,0.0,0.0
9000008514,2026-08-01 23:00,0.99916667,0,0,0,0,0,0,0,0,0,0,0,0,,0.0,0.0,0.0,0.0,0.0,0.0,0.0,0.0
9000008514,2026-08-02 00:00,0.99972224,0,0,0,0,0,0,0,0,0,0,0,0,,0.0,0.0,0.0,0.0,0.0,0.0,0.0,0.0
9000008514,2026-08-02 02:00,0.9994444,0,0,0,0,0,0,0,0,0,0,0,0,,0.0,0.0,0.0,0.0,0.0,0.0,0.0,0.0
9000008514,2026-08-02 03:00,0.99916667,0,0,0,0,0,0,0,0,0,0,0,0,,0.0,0.0,0.0,0.0,0.0,0.0,0.0,0.0
9000008514,2026-08-02 04:00,0.9994444,0,0,0,0,0,0,0,0,0,0,0,0,,0.0,0.0,0.0,0.0,0.0,0.0,0.0,0.0
9000008514,2026-08-02 05:00,0.9994444,1,2,3,0,4,4,10,6,16,0,1,1,49.5,25.0,6.25,0.0,25.0,31.25,12.5,0.0,0.0
9000008514,2026-08-02 06:00,0.9994444,2,5,7,0,18,18,14,9,23,1,1,2,51.0,21.74,0.0,13.04,21.74,26.09,13.04,4.35,0.0
9000008514,2026-08-02 07:00,0.99916667,8,5,13,2,12,14,12,11,23,2,0,2,49.0,21.74,13.04,8.7,13.04,34.78,4.35,4.35,0.0
9000008514,2026-08-02 08:00,0.9994444,0,1,1,1,17,18,18,16,34,2,0,2,48.0,29.41,0.0,8.82,29.41,20.59,8.82,2.94,0.0
9000008514,2026-08-02 09:00,0.99972224,6,6,12,4,42,46,32,18,50,4,6,10,53.0,22.0,0.0,10.0,18.0,30.0,14.0,4.0,2.0
9000008514,2026-08-02 10:00,0.9994444,8,1,9,7,49,56,51,38,89,6,6,12,47.0,15.73,0.0,11.24,30.34,31.46,11.24,0.0,0.0
9000008542,2026-08-01 02:00,0.9886111,0,0,0,0,0,0,0,0,0,0,0,0,,0.0,0.0,0.0,0.0,0.0,0.0,0.0,0.0
9000008542,2026-08-01 03:00,0.98888886,0,0,0,0,0,0,0,0,0,0,0,0,,0.0,0.0,0.0,0.0,0.0,0.0,0.0,0.0
9000008542,2026-08-01 04:00,0.9905556,0,0,0,0,0,0,0,0,0,0,0,0,,0.0,0.0,0.0,0.0,0.0,0.0,0.0,0.0
9000008542,2026-08-01 05:00,0.99222225,0,0,0,1,0,1,120,108,228,8,3,11,58.5,6.58,8.33,9.65,17.54,27.19,18.86,10.09,1.75
9000008542,2026-08-01 06:00,0.9911111,0,0,0,6,0,6,296,166,462,18,8,26,54.5,1.96,6.3,16.09,25.0,25.43,18.7,4.57,1.96
9000008542,2026-08-01 07:00,0.9916667,0,4,4,0,0,0,319,151,470,38,10,48,54.0,4.28,7.49,12.42,23.34,28.05,17.13,5.57,1.71
9000008542,2026-08-01 08:00,0.9886111,0,1,1,1,0,1,420,182,602,43,12,55,53.0,5.21,4.87,14.96,29.58,24.71,12.61,5.71,2.35
9000008542,2026-08-01 09:00,0.99,0,10,10,2,3,5,601,635,1236,65,36,101,49.0,6.29,8.25,15.2,27.7,30.07,9.4,2.04,1.06
9000008542,2026-08-01 10:00,0.9913889,0,17,17,7,5,12,668,608,1276,71,17,88,49.0,2.69,6.48,16.51,34.12,27.09,10.66,2.13,0.32
9000008542,2026-08-01 11:00,0.99027777,0,1,1,6,1,7,786,628,1414,47,22,69,48.0,7.71,8.78,14.2,32.26,26.12,8.64,1.93,0.36
9000008542,2026-08-01 12:00,0.9925,0,14,14,6,1,7,971,836,1807,50,17,67,47.5,6.91,7.97,19.61,31.75,23.84,7.91,1.84,0.17
9000008542,2026-08-01 13:00,0.98833334,0,0,0,12,2,14,1110,840,1950,63,33,96,46.5,5.03,7.01,21.95,33.26,24.44,7.27,0.57,0.47
9000008542,2026-08-01 14:00,0.9916667,0,15,15,16,1,17,1192,827,2019,62,26,88,45.5,6.14,10.79,22.18,31.52,22.73,5.79,0.75,0.1
9000008542,2026-08-01 15:00,0.99027777,4,21,25,13,5,18,1177,790,1967,55,34,89,48.0,2.56,6.97,17.54,35.9,27.13,8.41,1.33,0.15
9000008542,2026-08-01 16:00,0.9913889,9,74,83,30,5,35,1176,768,1944,57,24,81,49.0,1.92,4.98,17.59,32.07,30.57,9.29,2.75,0.83
9000008542,2026-08-01 17:00,0.9891667,29,252,281,15,1,16,1068,764,1832,64,20,84,51.0,3.59,4.74,14.78,30.61,29.62,13.84,2.32,0.5
9000008542,2026-08-01 18:00,0.99194443,5,91,96,15,7,22,1097,783,1880,63,19,82,51.0,5.83,5.56,13.7,26.16,31.62,13.8,2.73,0.59
9000008542,2026-08-01 19:00,0.9913889,3,20,23,30,15,45,1024,695,1719,52,23,75,52.5,5.98,4.46,17.3,25.92,26.51,15.37,3.52,0.94
9000008542,2026-08-01 20:00,0.99083334,6,29,35,14,3,17,897,587,1484,70,9,79,52.0,10.07,7.55,14.56,23.47,25.17,14.42,3.61,1.16
9000008542,2026-08-01 21:00,0.9913889,2,2,4,3,1,4,181,123,304,9,1,10,49.5,9.54,3.95,16.12,29.93,26.32,10.2,3.95,0.0
9000008542,2026-08-01 22:00,0.98777777,0,0,0,0,0,0,2,0,2,0,0,0,64.0,0.0,0.0,0.0,0.0,0.0,0.0,100.0,0.0
9000008542,2026-08-01 23:00,0.99194443,0,0,0,0,0,0,0,0,0,0,0,0,,0.0,0.0,0.0,0.0,0.0,0.0,0.0,0.0
9000008542,2026-08-02 00:00,0.9938889,0,0,0,0,0,0,0,0,0,0,0,0,,0.0,0.0,0.0,0.0,0.0,0.0,0.0,0.0
9000008542,2026-08-02 02:00,0.9891667,0,0,0,0,0,0,0,0,0,0,0,0,,0.0,0.0,0.0,0.0,0.0,0.0,0.0,0.0
9000008542,2026-08-02 03:00,0.98888886,0,0,0,0,0,0,0,0,0,0,0,0,,0.0,0.0,0.0,0.0,0.0,0.0,0.0,0.0
9000008542,2026-08-02 04:00,0.99083334,0,0,0,0,0,0,0,0,0,0,0,0,,0.0,0.0,0.0,0.0,0.0,0.0,0.0,0.0
9000008542,2026-08-02 05:00,0.9836111,0,4,4,0,2,2,227,149,376,14,5,19,63.5,7.55,5.66,9.16,14.29,23.18,19.41,12.94,7.82
9000008542,2026-08-02 06:00,0.98888886,0,11,11,1,3,4,250,168,418,16,10,26,59.5,10.39,1.93,8.21,17.15,23.19,24.88,9.18,5.07
9000008542,2026-08-02 07:00,0.9905556,0,4,4,4,4,8,269,157,426,11,5,16,60.0,6.6,3.3,7.78,16.98,28.07,21.93,10.85,4.48
9000008542,2026-08-02 08:00,0.99083334,0,1,1,3,2,5,278,267,545,10,2,12,55.5,3.13,12.34,15.29,23.39,21.55,17.31,5.52,1.47
9000008542,2026-08-02 09:00,0.9905556,2,61,63,6,1,7,529,429,958,20,7,27,52.5,10.22,8.11,11.28,20.97,28.98,16.54,2.95,0.95
9000008542,2026-08-02 10:00,0.98972225,5,114,119,19,1,20,675,582,1257,15,27,42,50.5,4.9,3.78,10.36,28.51,36.87,13.33,1.85,0.4
9000008543,2026-08-01 02:00,0.9994444,0,0,0,0,0,0,3,6,9,0,0,0,58.0,22.22,22.22,11.11,11.11,11.11,11.11,11.11,0.0
9000008543,2026-08-01 03:00,0.9994444,0,0,0,0,1,1,4,2,6,0,0,0,40.5,0.0,0.0,83.33,0.0,16.67,0.0,0.0,0.0
9000008543,2026-08-01 04:00,0.9994444,0,0,0,0,0,0,2,3,5,0,0,0,51.0,0.0,40.0,0.0,20.0,20.0,20.0,0.0,0.0
9000008543,2026-08-01 05:00,0.99916667,1,0,1,1,2,3,53,45,98,2,0,2,44.5,1.02,8.16,32.65,35.71,15.31,6.12,1.02,0.0
9000008543,2026-08-01 06:00,0.9994444,0,0,0,0,4,4,145,132,277,7,20,27,39.5,4.69,15.16,35.74,31.05,9.75,2.89,0.72,0.0
9000008543,2026-08-01 07:00,0.99972224,1,0,1,2,3,5,167,150,317,26,22,48,39.0,3.15,17.03,40.38,26.18,10.09,1.89,0.95,0.32
9000008543,2026-08-01 08:00,0.9994444,2,1,3,0,1,1,170,187,357,15,21,36,38.5,3.36,21.57,31.93,30.81,9.24,3.08,0.0,0.0
9000008543,2026-08-01 09:00,0.9994444,15,0,15,8,7,15,389,304,693,36,38,74,38.5,2.89,32.9,27.85,24.96,9.38,2.02,0.0,0.0
9000008543,2026-08-01 10:00,0.9994444,13,2,15,20,16,36,538,424,962,57,42,99,35.0,4.57,35.14,32.22,20.27,6.55,1.14,0.0,0.1
9000008543,2026-08-01 11:00,0.9994444,16,7,23,10,56,66,580,506,1086,41,44,85,35.5,5.43,33.33,31.86,21.92,6.54,0.92,0.0,0.0
9000008543,2026-08-01 12:00,0.9994444,22,3,25,18,18,36,631,582,1213,50,36,86,34.5,8.16,30.67,32.89,22.67,4.62,0.74,0.16,0.08
9000008543,2026-08-01 13:00,0.99972224,31,4,35,27,19,46,654,632,1286,42,41,83,35.0,8.48,30.09,30.87,24.65,5.21,0.54,0.08,0.08
9000008543,2026-08-01 14:00,0.9994444,39,8,47,20,50,70,490,742,1232,28,44,72,38.0,9.5,19.56,31.41,29.71,8.28,1.22,0.16,0.16
9000008543,2026-08-01 15:00,0.99972224,65,18,83,45,59,104,701,635,1336,20,34,54,37.5,10.4,28.67,26.65,25.0,8.16,0.97,0.15,0.0
9000008543,2026-08-01 16:00,0.99916667,122,31,153,20,83,103,697,780,1477,22,48,70,38.0,11.65,23.43,26.07,28.44,8.87,1.08,0.27,0.2
9000008543,2026-08-01 17:00,0.99972224,138,26,164,26,87,113,701,721,1422,14,29,43,38.5,7.24,26.09,27.5,28.06,9.35,1.62,0.14,0.0
9000008543,2026-08-01 18:00,0.9994444,92,12,104,39,65,104,644,754,1398,10,32,42,39.0,7.08,22.53,29.54,27.83,10.16,2.15,0.57,0.14
9000008543,2026-08-01 19:00,0.99972224,119,7,126,13,61,74,613,624,1237,23,24,47,39.5,5.34,24.82,28.05,27.57,10.27,2.91,0.89,0.16
9000008543,2026-08-01 20:00,0.9994444,94,6,100,18,39,57,663,588,1251,24,21,45,38.0,2.4,26.78,33.41,27.1,8.15,1.52,0.64,0.0
9000008543,2026-08-01 21:00,0.9880555,6,1,7,7,17,24,115,117,232,0,4,4,37.0,2.17,21.74,45.22,21.3,5.65,3.04,0.0,0.87
9000008543,2026-08-01 22:00,0.98638886,0,0,0,0,4,4,12,16,28,0,0,0,49.0,10.71,25.0,25.0,17.86,7.14,0.0,0.0,14.29
9000008543,2026-08-01 23:00,0.9727778,0,0,0,2,2,4,16,5,21,1,1,2,42.0,9.52,52.38,19.05,0.0,14.29,0.0,0.0,4.76
9000008543,2026-08-02 00:00,0.985,0,0,0,0,0,0,3,2,5,0,0,0,36.0,0.0,20.0,60.0,20.0,0.0,0.0,0.0,0.0
9000008543,2026-08-02 02:00,0.9994444,0,0,0,1,0,1,2,2,4,0,0,0,27.0,0.0,75.0,25.0,0.0,0.0,0.0,0.0,0.0
9000008543,2026-08-02 03:00,0.99027777,0,0,0,0,0,0,0,1,1,0,1,1,24.0,0.0,0.0,100.0,0.0,0.0,0.0,0.0,0.0
9000008543,2026-08-02 04:00,0.96694446,0,0,0,0,0,0,0,1,1,0,0,0,124.0,0.0,0.0,0.0,0.0,0.0,0.0,0.0,100.0
9000008543,2026-08-02 05:00,0.99916667,14,0,14,5,2,7,182,126,308,5,0,5,45.5,0.65,9.42,34.74,32.14,15.91,5.84,1.3,0.0
9000008543,2026-08-02 06:00,0.9994444,20,1,21,1,6,7,182,136,318,10,12,22,45.5,0.63,8.81,33.65,29.25,20.13,6.6,0.94,0.0
9000008543,2026-08-02 07:00,0.9994444,20,0,20,2,3,5,153,146,299,8,7,15,45.5,0.0,16.39,30.1,24.75,24.08,4.35,0.33,0.0
9000008543,2026-08-02 08:00,0.99972224,92,0,92,1,5,6,195,144,339,3,9,12,47.5,1.77,10.32,26.25,29.79,21.83,7.67,2.36,0.0
9000008543,2026-08-02 09:00,0.9994444,93,3,96,7,32,39,292,259,551,7,22,29,41.0,0.91,19.42,31.22,31.22,14.34,2.54,0.36,0.0
9000008543,2026-08-02 10:00,0.99916667,75,4,79,18,31,49,454,331,785,27,28,55,37.0,1.53,28.28,37.96,23.18,7.52,1.15,0.25,0.13
9000008562,2026-08-01 02:00,0.0,0,0,0,0,0,0,0,0,0,0,0,0,,0.0,0.0,0.0,0.0,0.0,0.0,0.0,0.0
9000008562,2026-08-01 03:00,0.0,0,0,0,0,0,0,0,0,0,0,0,0,,0.0,0.0,0.0,0.0,0.0,0.0,0.0,0.0
9000008562,2026-08-01 04:00,0.0,0,0,0,0,0,0,0,0,0,0,0,0,,0.0,0.0,0.0,0.0,0.0,0.0,0.0,0.0
9000008562,2026-08-01 05:00,0.15666667,0,0,0,0,0,0,0,6,6,0,0,0,14.0,0.0,100.0,0.0,0.0,0.0,0.0,0.0,0.0
9000008562,2026-08-01 06:00,0.4836111,0,0,0,0,0,0,0,2,2,0,2,2,9.0,100.0,0.0,0.0,0.0,0.0,0.0,0.0,0.0
9000008562,2026-08-01 07:00,0.7102778,0,0,0,1,0,1,1,0,1,0,0,0,14.0,0.0,100.0,0.0,0.0,0.0,0.0,0.0,0.0
9000008562,2026-08-01 08:00,0.77111113,0,0,0,1,0,1,4,1,5,0,1,1,32.0,0.0,75.0,0.0,25.0,0.0,0.0,0.0,0.0
9000008562,2026-08-01 09:00,0.76055557,0,0,0,0,0,0,3,8,11,0,1,1,23.0,25.0,37.5,37.5,0.0,0.0,0.0,0.0,0.0
9000008562,2026-08-01 10:00,0.7297222,0,0,0,0,0,0,15,8,23,0,1,1,19.0,23.53,70.59,5.88,0.0,0.0,0.0,0.0,0.0
9000008562,2026-08-01 11:00,0.75416666,0,0,0,0,0,0,8,15,23,0,4,4,24.0,17.65,52.94,29.41,0.0,0.0,0.0,0.0,0.0
9000008562,2026-08-01 12:00,0.7366667,0,0,0,1,3,4,15,10,25,3,5,8,25.5,11.11,61.11,22.22,5.56,0.0,0.0,0.0,0.0
9000008562,2026-08-01 13:00,0.66055554,0,0,0,3,2,5,6,3,9,5,0,5,25.5,0.0,50.0,50.0,0.0,0.0,0.0,0.0,0.0
9000008562,2026-08-01 14:00,0.73972225,0,0,0,0,1,1,11,5,16,1,1,2,19.5,25.0,66.67,8.33,0.0,0.0,0.0,0.0,0.0
9000008562,2026-08-01 15:00,0.74916667,0,0,0,1,0,1,7,8,15,0,3,3,18.5,45.45,45.45,9.09,0.0,0.0,0.0,0.0,0.0
9000008562,2026-08-01 16:00,0.68583333,0,0,0,1,0,1,7,3,10,0,1,1,15.0,28.57,71.43,0.0,0.0,0.0,0.0,0.0,0.0
9000008562,2026-08-01 17:00,0.5977778,0,0,0,8,3,11,0,0,0,0,0,0,,0.0,0.0,0.0,0.0,0.0,0.0,0.0,0.0
9000008562,2026-08-01 18:00,0.7327778,0,0,0,1,0,1,3,3,6,0,1,1,22.0,0.0,75.0,25.0,0.0,0.0,0.0,0.0,0.0
9000008562,2026-08-01 19:00,0.7638889,0,0,0,0,1,1,3,1,4,0,0,0,17.5,0.0,100.0,0.0,0.0,0.0,0.0,0.0,0.0
9000008562,2026-08-01 20:00,0.7536111,0,0,0,0,0,0,3,5,8,0,0,0,26.0,0.0,50.0,50.0,0.0,0.0,0.0,0.0,0.0
9000008562,2026-08-01 21:00,0.0,0,0,0,0,0,0,0,0,0,0,0,0,,0.0,0.0,0.0,0.0,0.0,0.0,0.0,0.0
9000008562,2026-08-01 22:00,0.0,0,0,0,0,0,0,0,0,0,0,0,0,,0.0,0.0,0.0,0.0,0.0,0.0,0.0,0.0
9000008562,2026-08-01 23:00,0.0,0,0,0,0,0,0,0,0,0,0,0,0,,0.0,0.0,0.0,0.0,0.0,0.0,0.0,0.0
9000008562,2026-08-02 00:00,0.0,0,0,0,0,0,0,0,0,0,0,0,0,,0.0,0.0,0.0,0.0,0.0,0.0,0.0,0.0
9000008562,2026-08-02 02:00,0.0,0,0,0,0,0,0,0,0,0,0,0,0,,0.0,0.0,0.0,0.0,0.0,0.0,0.0,0.0
9000008562,2026-08-02 03:00,0.0,0,0,0,0,0,0,0,0,0,0,0,0,,0.0,0.0,0.0,0.0,0.0,0.0,0.0,0.0
9000008562,2026-08-02 04:00,0.0,0,0,0,0,0,0,0,0,0,0,0,0,,0.0,0.0,0.0,0.0,0.0,0.0,0.0,0.0
9000008562,2026-08-02 05:00,0.32083333,0,0,0,0,0,0,0,0,0,0,0,0,,0.0,0.0,0.0,0.0,0.0,0.0,0.0,0.0
9000008562,2026-08-02 06:00,0.7847222,0,0,0,0,0,0,0,0,0,0,0,0,,0.0,0.0,0.0,0.0,0.0,0.0,0.0,0.0
9000008562,2026-08-02 07:00,0.78444445,0,0,0,0,0,0,1,0,1,0,0,0,14.0,0.0,100.0,0.0,0.0,0.0,0.0,0.0,0.0
9000008562,2026-08-02 08:00,0.78583336,0,0,0,0,0,0,3,1,4,0,3,3,17.5,0.0,100.0,0.0,0.0,0.0,0.0,0.0,0.0
9000008562,2026-08-02 09:00,0.7252778,0,0,0,1,0,1,4,1,5,0,0,0,27.0,0.0,75.0,25.0,0.0,0.0,0.0,0.0,0.0
9000008562,2026-08-02 10:00,0.6686111,0,0,0,1,0,1,1,3,4,1,1,2,19.0,0.0,100.0,0.0,0.0,0.0,0.0,0.0,0.0
9000008568,2026-08-01 02:00,0.0,0,0,0,0,0,0,0,0,0,0,0,0,,0.0,0.0,0.0,0.0,0.0,0.0,0.0,0.0
9000008568,2026-08-01 03:00,0.0,0,0,0,0,0,0,0,0,0,0,0,0,,0.0,0.0,0.0,0.0,0.0,0.0,0.0,0.0
9000008568,2026-08-01 04:00,0.0,0,0,0,0,0,0,0,0,0,0,0,0,,0.0,0.0,0.0,0.0,0.0,0.0,0.0,0.0
9000008568,2026-08-01 05:00,0.3263889,0,0,0,0,3,3,40,28,68,9,3,12,78.0,4.0,4.0,4.0,12.0,36.0,16.0,4.0,20.0
9000008568,2026-08-01 06:00,0.27527776,0,0,0,0,0,0,29,11,40,7,0,7,83.5,0.0,8.33,0.0,8.33,33.33,33.33,0.0,16.67
9000008568,2026-08-01 07:00,0.29305556,0,0,0,3,3,6,48,31,79,3,10,13,70.0,0.0,7.69,7.69,0.0,46.15,19.23,3.85,15.38
9000008568,2026-08-01 08:00,0.5911111,0,0,0,0,0,0,110,52,162,24,12,36,75.5,3.12,5.21,3.12,16.67,23.96,20.83,8.33,18.75
9000008568,2026-08-01 09:00,0.5588889,0,0,0,2,4,6,213,89,302,25,7,32,71.5,2.33,1.16,4.65,16.28,34.88,16.28,6.98,17.44
9000008568,2026-08-01 10:00,0.32722223,0,0,0,6,0,6,303,79,382,15,9,24,65.5,2.38,5.56,3.17,26.19,30.16,11.9,9.52,11.11
9000008568,2026-08-01 11:00,0.4722222,0,0,0,8,4,12,375,191,566,51,34,85,56.5,4.87,6.74,8.24,25.09,28.46,14.98,4.87,6.74
9000008568,2026-08-01 12:00,0.6255556,0,0,0,10,16,26,277,225,502,19,30,49,61.0,12.06,13.33,7.62,23.49,17.14,10.48,6.35,9.52
9000008568,2026-08-01 13:00,0.48666668,0,0,0,0,4,4,456,168,624,37,14,51,62.0,1.3,0.97,3.57,25.0,35.71,14.94,10.39,8.12
9000008568,2026-08-01 14:00,0.5297222,0,0,0,0,4,4,376,151,527,49,19,68,57.5,1.08,1.43,6.45,24.01,39.43,16.13,4.3,7.17
9000008568,2026-08-01 15:00,0.35305557,0,0,0,3,0,3,411,144,555,28,20,48,64.0,1.5,2.0,2.5,21.0,37.0,15.0,11.5,9.5
9000008568,2026-08-01 16:00,0.3363889,0,0,0,3,0,3,339,149,488,24,15,39,60.5,1.76,4.12,2.94,16.47,40.0,18.24,5.88,10.59
9000008568,2026-08-01 17:00,0.4788889,0,0,0,0,2,2,125,56,181,8,4,12,76.0,2.2,2.2,4.4,13.19,20.88,27.47,6.59,23.08
9000008568,2026-08-01 18:00,0.36,0,0,0,0,3,3,61,44,105,0,0,0,84.0,0.0,0.0,2.56,2.56,43.59,25.64,2.56,23.08
9000008568,2026-08-01 19:00,0.38527778,0,0,0,21,0,21,88,57,145,0,5,5,67.5,8.77,0.0,3.51,14.04,31.58,21.05,8.77,12.28
9000008568,2026-08-01 20:00,0.45194444,0,0,0,0,2,2,164,73,237,13,2,15,69.5,2.73,2.73,2.73,4.55,34.55,25.45,11.82,15.45
9000008568,2026-08-01 21:00,0.14666666,0,0,0,7,0,7,68,7,75,0,7,7,75.5,0.0,16.67,0.0,8.33,33.33,25.0,0.0,16.67
9000008568,2026-08-01 22:00,0.0,0,0,0,0,0,0,0,0,0,0,0,0,,0.0,0.0,0.0,0.0,0.0,0.0,0.0,0.0
9000008568,2026-08-01 23:00,0.0,0,0,0,0,0,0,0,0,0,0,0,0,,0.0,0.0,0.0,0.0,0.0,0.0,0.0,0.0
9000008568,2026-08-02 00:00,0.0,0,0,0,0,0,0,0,0,0,0,0,0,,0.0,0.0,0.0,0.0,0.0,0.0,0.0,0.0
9000008577,2026-08-01 02:00,0.0,0,0,0,0,0,0,0,0,0,0,0,0,,0.0,0.0,0.0,0.0,0.0,0.0,0.0,0.0
9000008577,2026-08-01 03:00,0.0,0,0,0,0,0,0,0,0,0,0,0,0,,0.0,0.0,0.0,0.0,0.0,0.0,0.0,0.0
9000008577,2026-08-01 04:00,0.0,0,0,0,0,0,0,0,0,0,0,0,0,,0.0,0.0,0.0,0.0,0.0,0.0,0.0,0.0
9000008577,2026-08-01 05:00,0.0,0,0,0,0,0,0,0,0,0,0,0,0,,0.0,0.0,0.0,0.0,0.0,0.0,0.0,0.0
9000008577,2026-08-01 06:00,0.0,0,0,0,0,0,0,0,0,0,0,0,0,,0.0,0.0,0.0,0.0,0.0,0.0,0.0,0.0
9000008577,2026-08-01 07:00,0.0,0,0,0,0,0,0,0,0,0,0,0,0,,0.0,0.0,0.0,0.0,0.0,0.0,0.0,0.0
9000008577,2026-08-01 08:00,0.108333334,0,0,0,0,18,18,0,9,9,0,0,0,29.0,0.0,0.0,100.0,0.0,0.0,0.0,0.0,0.0
9000008577,2026-08-01 09:00,0.39083335,0,3,3,3,8,11,5,10,15,0,0,0,26.5,16.67,16.67,66.67,0.0,0.0,0.0,0.0,0.0
9000008577,2026-08-01 10:00,0.30666667,0,3,3,3,7,10,7,20,27,0,3,3,24.5,12.5,62.5,25.0,0.0,0.0,0.0,0.0,0.0
9000008577,2026-08-01 11:00,0.23138888,0,0,0,4,30,34,17,22,39,0,0,0,19.5,55.56,33.33,11.11,0.0,0.0,0.0,0.0,0.0
9000008577,2026-08-01 12:00,0.3938889,5,0,5,30,10,40,33,23,56,0,5,5,21.5,4.35,73.91,17.39,4.35,0.0,0.0,0.0,0.0
9000008577,2026-08-01 13:00,0.28916666,0,0,0,14,28,42,17,35,52,0,3,3,24.0,28.57,42.86,28.57,0.0,0.0,0.0,0.0,0.0
9000008577,2026-08-01 14:00,0.3211111,3,0,3,12,28,40,25,12,37,0,6,6,18.5,25.0,66.67,8.33,0.0,0.0,0.0,0.0,0.0
9000008577,2026-08-01 15:00,0.35527778,14,8,22,6,17,23,20,42,62,3,0,3,28.0,9.09,40.91,45.45,4.55,0.0,0.0,0.0,0.0
9000008577,2026-08-01 16:00,0.35722223,0,8,8,14,14,28,11,36,47,3,0,3,28.5,17.65,23.53,47.06,5.88,0.0,0.0,0.0,5.88
9000008577,2026-08-01 17:00,0.3361111,6,3,9,6,9,15,18,36,54,0,3,3,28.5,22.22,38.89,33.33,5.56,0.0,0.0,0.0,0.0
9000008577,2026-08-01 18:00,0.2186111,0,5,5,9,37,46,37,14,51,0,5,5,18.5,41.67,41.67,16.67,0.0,0.0,0.0,0.0,0.0
9000008577,2026-08-01 19:00,0.3122222,3,6,9,26,13,39,19,26,45,0,0,0,24.5,20.0,46.67,20.0,6.67,6.67,0.0,0.0,0.0
9000008577,2026-08-01 20:00,0.0,0,0,0,0,0,0,0,0,0,0,0,0,,0.0,0.0,0.0,0.0,0.0,0.0,0.0,0.0
9000008577,2026-08-01 21:00,0.0,0,0,0,0,0,0,0,0,0,0,0,0,,0.0,0.0,0.0,0.0,0.0,0.0,0.0,0.0
9000008577,2026-08-01 22:00,0.0,0,0,0,0,0,0,0,0,0,0,0,0,,0.0,0.0,0.0,0.0,0.0,0.0,0.0,0.0
9000008577,2026-08-01 23:00,0.0,0,0,0,0,0,0,0,0,0,0,0,0,,0.0,0.0,0.0,0.0,0.0,0.0,0.0,0.0
9000008577,2026-08-02 00:00,0.0,0,0,0,0,0,0,0,0,0,0,0,0,,0.0,0.0,0.0,0.0,0.0,0.0,0.0,0.0
9000008577,2026-08-02 02:00,0.0,0,0,0,0,0,0,0,0,0,0,0,0,,0.0,0.0,0.0,0.0,0.0,0.0,0.0,0.0
9000008577,2026-08-02 03:00,0.0,0,0,0,0,0,0,0,0,0,0,0,0,,0.0,0.0,0.0,0.0,0.0,0.0,0.0,0.0
9000008577,2026-08-02 04:00,0.0,0,0,0,0,0,0,0,0,0,0,0,0,,0.0,0.0,0.0,0.0,0.0,0.0,0.0,0.0
9000008577,2026-08-02 05:00,0.0,0,0,0,0,0,0,0,0,0,0,0,0,,0.0,0.0,0.0,0.0,0.0,0.0,0.0,0.0
9000008577,2026-08-02 06:00,0.23694444,0,0,0,8,8,16,0,0,0,0,0,0,,0.0,0.0,0.0,0.0,0.0,0.0,0.0,0.0
9000008577,2026-08-02 07:00,0.5391667,0,0,0,2,2,4,6,4,10,0,0,0,32.5,25.0,25.0,25.0,25.0,0.0,0.0,0.0,0.0
9000008577,2026-08-02 08:00,0.43472221,0,2,2,7,5,12,0,9,9,0,2,2,25.5,20.0,0.0,80.0,0.0,0.0,0.0,0.0,0.0
9000008577,2026-08-02 09:00,0.345,0,0,0,6,14,20,0,3,3,0,0,0,29.0,0.0,0.0,100.0,0.0,0.0,0.0,0.0,0.0
9000008577,2026-08-02 10:00,0.4788889,2,0,2,2,10,12,0,4,4,0,0,0,23.5,0.0,50.0,50.0,0.0,0.0,0.0,0.0,0.0
9000008669,2026-08-01 02:00,0.0,0,0,0,0,0,0,0,0,0,0,0,0,,0.0,0.0,0.0,0.0,0.0,0.0,0.0,0.0
9000008669,2026-08-01 03:00,0.0,0,0,0,0,0,0,0,0,0,0,0,0,,0.0,0.0,0.0,0.0,0.0,0.0,0.0,0.0
9000008669,2026-08-01 04:00,0.0,0,0,0,0,0,0,0,0,0,0,0,0,,0.0,0.0,0.0,0.0,0.0,0.0,0.0,0.0
9000008669,2026-08-01 05:00,0.0,0,0,0,0,0,0,0,0,0,0,0,0,,0.0,0.0,0.0,0.0,0.0,0.0,0.0,0.0
9000008669,2026-08-01 06:00,0.0,0,0,0,0,0,0,0,0,0,0,0,0,,0.0,0.0,0.0,0.0,0.0,0.0,0.0,0.0
9000008669,2026-08-01 07:00,0.0,0,0,0,0,0,0,0,0,0,0,0,0,,0.0,0.0,0.0,0.0,0.0,0.0,0.0,0.0
9000008669,2026-08-01 08:00,0.0,0,0,0,0,0,0,0,0,0,0,0,0,,0.0,0.0,0.0,0.0,0.0,0.0,0.0,0.0
9000008669,2026-08-01 09:00,0.0,0,0,0,0,0,0,0,0,0,0,0,0,,0.0,0.0,0.0,0.0,0.0,0.0,0.0,0.0
9000008669,2026-08-01 10:00,0.0,0,0,0,0,0,0,0,0,0,0,0,0,,0.0,0.0,0.0,0.0,0.0,0.0,0.0,0.0
9000008669,2026-08-01 11:00,0.0,0,0,0,0,0,0,0,0,0,0,0,0,,0.0,0.0,0.0,0.0,0.0,0.0,0.0,0.0
9000008669,2026-08-01 12:00,0.0,0,0,0,0,0,0,0,0,0,0,0,0,,0.0,0.0,0.0,0.0,0.0,0.0,0.0,0.0
9000008669,2026-08-01 13:00,0.0,0,0,0,0,0,0,0,0,0,0,0,0,,0.0,0.0,0.0,0.0,0.0,0.0,0.0,0.0
9000008669,2026-08-01 14:00,0.0,0,0,0,0,0,0,0,0,0,0,0,0,,0.0,0.0,0.0,0.0,0.0,0.0,0.0,0.0
9000008669,2026-08-01 15:00,0.0,0,0,0,0,0,0,0,0,0,0,0,0,,0.0,0.0,0.0,0.0,0.0,0.0,0.0,0.0
9000008669,2026-08-01 16:00,0.0,0,0,0,0,0,0,0,0,0,0,0,0,,0.0,0.0,0.0,0.0,0.0,0.0,0.0,0.0
9000008669,2026-08-01 17:00,0.0,0,0,0,0,0,0,0,0,0,0,0,0,,0.0,0.0,0.0,0.0,0.0,0.0,0.0,0.0
9000008669,2026-08-01 18:00,0.0,0,0,0,0,0,0,0,0,0,0,0,0,,0.0,0.0,0.0,0.0,0.0,0.0,0.0,0.0
9000008669,2026-08-01 19:00,0.0,0,0,0,0,0,0,0,0,0,0,0,0,,0.0,0.0,0.0,0.0,0.0,0.0,0.0,0.0
9000008669,2026-08-01 20:00,0.0,0,0,0,0,0,0,0,0,0,0,0,0,,0.0,0.0,0.0,0.0,0.0,0.0,0.0,0.0
9000008669,2026-08-01 21:00,0.0,0,0,0,0,0,0,0,0,0,0,0,0,,0.0,0.0,0.0,0.0,0.0,0.0,0.0,0.0
9000008669,2026-08-01 22:00,0.0,0,0,0,0,0,0,0,0,0,0,0,0,,0.0,0.0,0.0,0.0,0.0,0.0,0.0,0.0
9000008669,2026-08-01 23:00,0.0,0,0,0,0,0,0,0,0,0,0,0,0,,0.0,0.0,0.0,0.0,0.0,0.0,0.0,0.0
9000008669,2026-08-02 00:00,0.0,0,0,0,0,0,0,0,0,0,0,0,0,,0.0,0.0,0.0,0.0,0.0,0.0,0.0,0.0
9000008669,2026-08-02 02:00,0.0,0,0,0,0,0,0,0,0,0,0,0,0,,0.0,0.0,0.0,0.0,0.0,0.0,0.0,0.0
9000008669,2026-08-02 03:00,0.0,0,0,0,0,0,0,0,0,0,0,0,0,,0.0,0.0,0.0,0.0,0.0,0.0,0.0,0.0
9000008669,2026-08-02 04:00,0.0,0,0,0,0,0,0,0,0,0,0,0,0,,0.0,0.0,0.0,0.0,0.0,0.0,0.0,0.0
9000008669,2026-08-02 05:00,0.0,0,0,0,0,0,0,0,0,0,0,0,0,,0.0,0.0,0.0,0.0,0.0,0.0,0.0,0.0
9000008669,2026-08-02 06:00,0.0,0,0,0,0,0,0,0,0,0,0,0,0,,0.0,0.0,0.0,0.0,0.0,0.0,0.0,0.0
9000008669,2026-08-02 07:00,0.0,0,0,0,0,0,0,0,0,0,0,0,0,,0.0,0.0,0.0,0.0,0.0,0.0,0.0,0.0
9000008669,2026-08-02 08:00,0.0,0,0,0,0,0,0,0,0,0,0,0,0,,0.0,0.0,0.0,0.0,0.0,0.0,0.0,0.0
9000008669,2026-08-02 09:00,0.0,0,0,0,0,0,0,0,0,0,0,0,0,,0.0,0.0,0.0,0.0,0.0,0.0,0.0,0.0
9000008669,2026-08-02 10:00,0.0,0,0,0,0,0,0,0,0,0,0,0,0,,0.0,0.0,0.0,0.0,0.0,0.0,0.0,0.0
9000008734,2026-08-01 02:00,0.9994444,0,0,0,0,0,0,0,0,0,0,0,0,,0.0,0.0,0.0,0.0,0.0,0.0,0.0,0.0
9000008734,2026-08-01 03:00,0.99916667,0,0,0,0,0,0,0,0,0,0,0,0,,0.0,0.0,0.0,0.0,0.0,0.0,0.0,0.0
9000008734,2026-08-01 04:00,0.9994444,0,0,0,0,0,0,0,0,0,0,0,0,,0.0,0.0,0.0,0.0,0.0,0.0,0.0,0.0
9000008734,2026-08-01 05:00,0.99916667,0,0,0,0,0,0,0,0,0,1,0,1,,0.0,0.0,0.0,0.0,0.0,0.0,0.0,0.0
9000008734,2026-08-01 06:00,0.99916667,0,0,0,0,0,0,0,2,2,2,1,3,43.5,0.0,0.0,0.0,50.0,50.0,0.0,0.0,0.0
9000008734,2026-08-01 07:00,0.9994444,0,0,0,0,0,0,0,1,1,1,1,2,14.0,0.0,100.0,0.0,0.0,0.0,0.0,0.0,0.0
9000008734,2026-08-01 08:00,0.9994444,0,0,0,0,0,0,1,2,3,1,1,2,18.0,0.0,100.0,0.0,0.0,0.0,0.0,0.0,0.0
9000008734,2026-08-01 09:00,0.99972224,0,1,1,3,3,6,3,5,8,3,3,6,29.0,0.0,62.5,25.0,12.5,0.0,0.0,0.0,0.0
9000008734,2026-08-01 10:00,0.9994444,1,0,1,4,2,6,3,4,7,5,2,7,32.5,28.57,28.57,14.29,28.57,0.0,0.0,0.0,0.0
9000008734,2026-08-01 11:00,0.99916667,0,0,0,8,5,13,0,2,2,1,2,3,18.5,0.0,100.0,0.0,0.0,0.0,0.0,0.0,0.0
9000008734,2026-08-01 12:00,0.99916667,0,0,0,4,2,6,2,3,5,3,6,9,41.0,20.0,0.0,40.0,20.0,20.0,0.0,0.0,0.0
9000008734,2026-08-01 13:00,0.9994444,0,0,0,0,1,1,3,2,5,1,1,2,21.0,20.0,60.0,20.0,0.0,0.0,0.0,0.0,0.0
9000008734,2026-08-01 14:00,0.9994444,0,0,0,1,0,1,1,6,7,3,7,10,27.5,14.29,42.86,42.86,0.0,0.0,0.0,0.0,0.0
9000008734,2026-08-01 15:00,0.9994444,0,1,1,0,3,3,1,10,11,2,2,4,23.5,18.18,54.55,27.27,0.0,0.0,0.0,0.0,0.0
9000008734,2026-08-01 16:00,0.99916667,0,0,0,3,0,3,2,4,6,2,4,6,28.0,33.33,16.67,50.0,0.0,0.0,0.0,0.0,0.0
9000008734,2026-08-01 17:00,0.99972224,0,1,1,1,2,3,3,5,8,1,5,6,29.0,37.5,37.5,12.5,12.5,0.0,0.0,0.0,0.0
9000008734,2026-08-01 18:00,0.99916667,0,0,0,10,3,13,4,5,9,4,1,5,29.0,11.11,55.56,22.22,11.11,0.0,0.0,0.0,0.0
9000008734,2026-08-01 19:00,1.0,4,2,6,8,7,15,1,3,4,1,1,2,32.0,50.0,25.0,0.0,25.0,0.0,0.0,0.0,0.0
9000008734,2026-08-01 20:00,0.99916667,3,3,6,8,9,17,6,5,11,5,5,10,33.5,9.09,27.27,36.36,18.18,0.0,0.0,0.0,9.09
9000008734,2026-08-01 21:00,0.99972224,0,0,0,0,0,0,0,1,1,0,0,0,39.0,0.0,0.0,0.0,100.0,0.0,0.0,0.0,0.0
9000008734,2026-08-01 22:00,0.9994444,0,0,0,0,0,0,0,0,0,0,0,0,,0.0,0.0,0.0,0.0,0.0,0.0,0.0,0.0
9000008734,2026-08-01 23:00,0.99916667,0,0,0,0,0,0,0,0,0,0,0,0,,0.0,0.0,0.0,0.0,0.0,0.0,0.0,0.0
9000008734,2026-08-02 00:00,0.9994444,0,0,0,0,0,0,0,0,0,0,0,0,,0.0,0.0,0.0,0.0,0.0,0.0,0.0,0.0
9000008772,2026-08-01 10:00,0.107777774,0,37,37,65,28,93,288,260,548,56,241,297,45.0,8.47,5.08,20.34,35.59,25.42,3.39,1.69,0.0
9000008772,2026-08-01 11:00,0.7177778,3,1,4,68,25,93,358,316,674,146,152,298,44.0,3.31,2.9,24.84,42.65,21.53,3.73,0.83,0.21
9000008772,2026-08-01 12:00,0.7372222,5,14,19,39,37,76,399,435,834,195,198,393,47.5,6.02,2.6,8.29,41.14,34.8,6.5,0.49,0.16
9000008772,2026-08-01 13:00,0.7347222,5,18,23,31,31,62,408,407,815,241,196,437,47.0,5.18,3.01,12.52,41.9,29.72,6.18,1.34,0.17
9000008772,2026-08-01 14:00,0.74083334,1,12,13,20,30,50,471,521,992,259,169,428,49.5,5.59,3.0,7.9,35.83,33.79,11.99,1.63,0.27
9000008772,2026-08-01 15:00,0.75805557,0,12,12,22,65,87,400,541,941,226,181,407,49.5,2.67,3.37,8.71,31.46,39.89,12.08,1.54,0.28
9000008772,2026-08-01 16:00,0.72083336,3,11,14,17,85,102,465,506,971,166,107,273,49.5,3.0,3.0,8.56,34.52,37.09,10.7,2.14,1.0
9000008772,2026-08-01 17:00,0.63416666,0,6,6,66,82,148,350,555,905,74,114,188,51.0,5.91,5.91,13.22,32.0,26.78,9.04,4.52,2.61
9000008772,2026-08-01 18:00,0.69305557,0,14,14,62,89,151,397,540,937,131,189,320,45.0,5.24,10.02,23.73,34.67,18.64,5.24,1.39,1.08
9000008772,2026-08-01 19:00,0.73083335,3,1,4,41,79,120,434,427,861,186,185,371,38.0,7.15,27.19,31.48,23.69,7.95,1.59,0.48,0.48
9000008772,2026-08-01 20:00,0.69861114,1,7,8,21,110,131,379,437,816,80,123,203,42.0,8.6,10.0,24.39,37.54,16.32,2.46,0.53,0.18
9000008772,2026-08-01 21:00,0.0,0,0,0,0,0,0,0,0,0,0,0,0,,0.0,0.0,0.0,0.0,0.0,0.0,0.0,0.0
9000008772,2026-08-01 22:00,0.0,0,0,0,0,0,0,0,0,0,0,0,0,,0.0,0.0,0.0,0.0,0.0,0.0,0.0,0.0
9000008772,2026-08-01 23:00,0.0,0,0,0,0,0,0,0,0,0,0,0,0,,0.0,0.0,0.0,0.0,0.0,0.0,0.0,0.0
9000008772,2026-08-02 00:00,0.0,0,0,0,0,0,0,0,0,0,0,0,0,,0.0,0.0,0.0,0.0,0.0,0.0,0.0,0.0
9000008823,2026-08-01 02:00,0.0,0,0,0,0,0,0,0,0,0,0,0,0,,0.0,0.0,0.0,0.0,0.0,0.0,0.0,0.0
9000008823,2026-08-01 03:00,0.0,0,0,0,0,0,0,0,0,0,0,0,0,,0.0,0.0,0.0,0.0,0.0,0.0,0.0,0.0
9000008823,2026-08-01 04:00,0.0,0,0,0,0,0,0,0,0,0,0,0,0,,0.0,0.0,0.0,0.0,0.0,0.0,0.0,0.0
9000008823,2026-08-01 05:00,0.0,0,0,0,0,0,0,0,0,0,0,0,0,,0.0,0.0,0.0,0.0,0.0,0.0,0.0,0.0
9000008823,2026-08-01 06:00,0.2225,0,0,0,4,0,4,4,9,13,4,0,4,33.5,0.0,33.33,33.33,33.33,0.0,0.0,0.0,0.0
9000008823,2026-08-01 07:00,0.42722222,2,2,4,7,0,7,14,5,19,2,2,4,25.0,10.0,20.0,60.0,10.0,0.0,0.0,0.0,0.0
9000008823,2026-08-01 08:00,0.72805554,3,1,4,4,8,12,10,7,17,1,1,2,32.5,15.38,0.0,53.85,30.77,0.0,0.0,0.0,0.0
9000008823,2026-08-01 09:00,0.795,4,0,4,11,6,17,14,23,37,1,3,4,34.5,13.79,24.14,34.48,24.14,0.0,0.0,3.45,0.0
9000008823,2026-08-01 10:00,0.7977778,14,4,18,21,9,30,30,20,50,0,3,3,28.5,2.5,52.5,40.0,5.0,0.0,0.0,0.0,0.0
9000008823,2026-08-01 11:00,0.7627778,7,4,11,21,22,43,18,31,49,9,8,17,25.5,2.63,50.0,39.47,7.89,0.0,0.0,0.0,0.0
9000008823,2026-08-01 12:00,0.7713889,8,1,9,34,13,47,52,16,68,19,5,24,34.0,15.38,26.92,38.46,7.69,1.92,0.0,7.69,1.92
9000008823,2026-08-01 13:00,0.7838889,5,3,8,15,13,28,43,33,76,4,3,7,33.5,3.33,23.33,43.33,26.67,1.67,1.67,0.0,0.0
9000008823,2026-08-01 14:00,0.7763889,5,4,9,32,19,51,31,27,58,1,1,2,33.0,13.33,22.22,44.44,8.89,4.44,0.0,4.44,2.22
9000008823,2026-08-01 15:00,0.78944445,16,8,24,39,20,59,37,25,62,5,3,8,31.0,6.12,26.53,48.98,16.33,0.0,0.0,2.04,0.0
9000008823,2026-08-01 16:00,0.73,10,5,15,36,19,55,21,21,42,8,5,13,33.5,26.67,23.33,16.67,26.67,6.67,0.0,0.0,0.0
9000008823,2026-08-01 17:00,0.65055555,5,3,8,42,28,70,25,32,57,3,2,5,34.0,40.54,27.03,8.11,16.22,8.11,0.0,0.0,0.0
9000008823,2026-08-01 18:00,0.6861111,9,0,9,76,54,130,44,36,80,3,1,4,33.5,9.09,25.45,40.0,20.0,3.64,1.82,0.0,0.0
9000008823,2026-08-01 19:00,0.74527776,3,4,7,51,47,98,19,28,47,3,1,4,33.5,14.29,31.43,28.57,22.86,2.86,0.0,0.0,0.0
9000008823,2026-08-01 20:00,0.6925,6,6,12,56,45,101,17,25,42,3,3,6,28.5,6.67,23.33,63.33,6.67,0.0,0.0,0.0,0.0
9000008823,2026-08-01 21:00,0.0,0,0,0,0,0,0,0,0,0,0,0,0,,0.0,0.0,0.0,0.0,0.0,0.0,0.0,0.0
9000008823,2026-08-01 22:00,0.0,0,0,0,0,0,0,0,0,0,0,0,0,,0.0,0.0,0.0,0.0,0.0,0.0,0.0,0.0
9000008823,2026-08-01 23:00,0.0,0,0,0,0,0,0,0,0,0,0,0,0,,0.0,0.0,0.0,0.0,0.0,0.0,0.0,0.0
9000008823,2026-08-02 00:00,0.0,0,0,0,0,0,0,0,0,0,0,0,0,,0.0,0.0,0.0,0.0,0.0,0.0,0.0,0.0
9000008947,2026-08-01 02:00,0.0,0,0,0,0,0,0,0,0,0,0,0,0,,0.0,0.0,0.0,0.0,0.0,0.0,0.0,0.0
9000008947,2026-08-01 03:00,0.0,0,0,0,0,0,0,0,0,0,0,0,0,,0.0,0.0,0.0,0.0,0.0,0.0,0.0,0.0
9000008947,2026-08-01 04:00,0.0,0,0,0,0,0,0,0,0,0,0,0,0,,0.0,0.0,0.0,0.0,0.0,0.0,0.0,0.0
9000008947,2026-08-01 05:00,0.0,0,0,0,0,0,0,0,0,0,0,0,0,,0.0,0.0,0.0,0.0,0.0,0.0,0.0,0.0
9000008947,2026-08-01 06:00,0.0,0,0,0,0,0,0,0,0,0,0,0,0,,0.0,0.0,0.0,0.0,0.0,0.0,0.0,0.0
9000008947,2026-08-01 07:00,0.0,0,0,0,0,0,0,0,0,0,0,0,0,,0.0,0.0,0.0,0.0,0.0,0.0,0.0,0.0
9000008947,2026-08-01 08:00,0.14361112,0,7,7,7,0,7,63,14,77,0,7,7,24.5,0.0,16.67,75.0,8.33,0.0,0.0,0.0,0.0
9000008947,2026-08-01 09:00,0.64416665,3,8,11,3,6,9,19,17,36,0,5,5,30.0,8.33,12.5,62.5,16.67,0.0,0.0,0.0,0.0
9000008947,2026-08-01 10:00,0.72305554,7,4,11,6,6,12,30,33,63,1,1,2,30.5,10.87,19.57,54.35,10.87,2.17,0.0,0.0,2.17
9000008947,2026-08-01 11:00,0.5416667,2,4,6,7,2,9,44,20,64,4,4,8,29.5,0.0,28.57,57.14,8.57,0.0,0.0,0.0,5.71
9000008947,2026-08-01 12:00,0.4397222,5,14,19,7,11,18,30,25,55,0,0,0,29.5,4.35,21.74,60.87,4.35,8.7,0.0,0.0,0.0
9000008947,2026-08-01 13:00,0.7866667,9,4,13,10,8,18,34,18,52,4,3,7,28.5,7.32,19.51,63.41,7.32,0.0,2.44,0.0,0.0
9000008947,2026-08-01 14:00,0.7916667,5,19,24,13,13,26,32,28,60,3,4,7,29.0,2.13,36.17,53.19,6.38,2.13,0.0,0.0,0.0
9000008947,2026-08-01 15:00,0.79555553,16,14,30,8,9,17,26,34,60,10,5,15,30.0,2.08,12.5,70.83,12.5,0.0,0.0,0.0,2.08
9000008947,2026-08-01 16:00,0.7658333,7,9,16,14,22,36,29,26,55,3,1,4,29.0,4.76,42.86,42.86,9.52,0.0,0.0,0.0,0.0
9000008947,2026-08-01 17:00,0.71,6,0,6,14,20,34,39,31,70,3,0,3,29.0,20.0,32.0,36.0,10.0,0.0,0.0,0.0,2.0
9000008947,2026-08-01 18:00,0.725,3,8,11,14,25,39,29,17,46,0,1,1,24.5,12.12,51.52,30.3,3.03,3.03,0.0,0.0,0.0
9000008947,2026-08-01 19:00,0.7138889,7,3,10,14,18,32,25,18,43,3,0,3,28.0,9.68,48.39,29.03,6.45,3.23,3.23,0.0,0.0
9000008947,2026-08-01 20:00,0.4422222,16,9,25,20,23,43,34,25,59,0,2,2,34.0,0.0,28.0,52.0,12.0,0.0,4.0,0.0,4.0
9000008947,2026-08-01 21:00,0.0,0,0,0,0,0,0,0,0,0,0,0,0,,0.0,0.0,0.0,0.0,0.0,0.0,0.0,0.0
9000008947,2026-08-01 22:00,0.0,0,0,0,0,0,0,0,0,0,0,0,0,,0.0,0.0,0.0,0.0,0.0,0.0,0.0,0.0
9000008947,2026-08-01 23:00,0.0,0,0,0,0,0,0,0,0,0,0,0,0,,0.0,0.0,0.0,0.0,0.0,0.0,0.0,0.0
9000008947,2026-08-02 00:00,0.0,0,0,0,0,0,0,0,0,0,0,0,0,,0.0,0.0,0.0,0.0,0.0,0.0,0.0,0.0
9000008993,2026-08-01 02:00,0.9994444,0,0,0,0,0,0,0,0,0,0,0,0,,0.0,0.0,0.0,0.0,0.0,0.0,0.0,0.0
9000008993,2026-08-01 03:00,0.99916667,0,0,0,0,0,0,0,0,0,0,0,0,,0.0,0.0,0.0,0.0,0.0,0.0,0.0,0.0
9000008993,2026-08-01 04:00,0.9994444,0,0,0,0,0,0,0,0,0,0,0,0,,0.0,0.0,0.0,0.0,0.0,0.0,0.0,0.0
9000008993,2026-08-01 05:00,0.99916667,0,0,0,0,0,0,0,0,0,0,2,2,,0.0,0.0,0.0,0.0,0.0,0.0,0.0,0.0
9000008993,2026-08-01 06:00,0.9994444,0,0,0,0,0,0,0,10,10,0,6,6,47.5,20.0,0.0,20.0,30.0,20.0,0.0,10.0,0.0
9000008993,2026-08-01 07:00,0.99916667,1,0,1,2,0,2,0,13,13,2,4,6,35.0,15.38,23.08,38.46,15.38,7.69,0.0,0.0,0.0
9000008993,2026-08-01 08:00,0.99972224,0,0,0,0,1,1,0,20,20,2,6,8,35.0,35.0,15.0,20.0,25.0,5.0,0.0,0.0,0.0
9000008993,2026-08-01 09:00,0.9994444,4,7,11,9,11,20,0,43,43,0,8,8,35.5,25.58,9.3,46.51,13.95,0.0,2.33,0.0,2.33
9000008993,2026-08-01 10:00,0.99916667,2,5,7,6,21,27,0,46,46,0,12,12,30.0,21.74,15.22,47.83,10.87,4.35,0.0,0.0,0.0
9000008993,2026-08-01 11:00,0.9994444,2,5,7,13,24,37,0,42,42,0,10,10,33.0,16.67,19.05,45.24,19.05,0.0,0.0,0.0,0.0
9000008993,2026-08-01 12:00,0.99972224,8,3,11,13,13,26,1,55,56,2,20,22,30.5,23.21,21.43,39.29,14.29,0.0,1.79,0.0,0.0
9000008993,2026-08-01 13:00,0.99916667,6,4,10,12,20,32,0,73,73,6,7,13,33.5,10.96,12.33,46.58,26.03,1.37,1.37,1.37,0.0
9000008993,2026-08-01 14:00,0.9994444,14,5,19,19,18,37,0,80,80,9,8,17,37.0,17.5,6.25,40.0,25.0,10.0,1.25,0.0,0.0
9000008993,2026-08-01 15:00,0.9994444,9,12,21,24,35,59,0,105,105,0,13,13,44.0,1.9,3.81,34.29,37.14,18.1,2.86,1.9,0.0
9000008993,2026-08-01 16:00,0.9994444,15,29,44,25,42,67,0,90,90,1,14,15,43.0,1.11,7.78,21.11,41.11,26.67,1.11,1.11,0.0
9000008993,2026-08-01 17:00,0.9994444,31,22,53,32,38,70,0,117,117,0,15,15,45.0,0.0,0.85,24.79,45.3,22.22,4.27,0.0,2.56
9000008993,2026-08-01 18:00,0.9994444,35,27,62,14,58,72,0,83,83,0,9,9,48.0,0.0,2.41,20.48,43.37,21.69,8.43,1.2,2.41
9000008993,2026-08-01 19:00,0.9994444,26,21,47,32,32,64,0,88,88,0,7,7,46.5,0.0,3.41,19.32,40.91,29.55,3.41,1.14,2.27
9000008993,2026-08-01 20:00,0.9994444,9,18,27,9,27,36,0,78,78,1,10,11,44.5,1.28,3.85,21.79,44.87,20.51,5.13,1.28,1.28
9000008993,2026-08-01 21:00,0.9994444,0,0,0,0,0,0,0,4,4,0,0,0,42.0,0.0,25.0,0.0,50.0,25.0,0.0,0.0,0.0
9000008993,2026-08-01 22:00,0.9988889,0,0,0,0,0,0,0,0,0,0,0,0,,0.0,0.0,0.0,0.0,0.0,0.0,0.0,0.0
9000008993,2026-08-01 23:00,1.0,0,0,0,0,0,0,0,0,0,0,0,0,,0.0,0.0,0.0,0.0,0.0,0.0,0.0,0.0
9000008993,2026-08-02 00:00,0.99972224,0,0,0,0,0,0,0,0,0,0,0,0,,0.0,0.0,0.0,0.0,0.0,0.0,0.0,0.0
9000009017,2026-08-01 02:00,0.99916667,0,0,0,0,0,0,0,0,0,0,0,0,,0.0,0.0,0.0,0.0,0.0,0.0,0.0,0.0
9000009017,2026-08-01 03:00,0.9994444,0,0,0,0,0,0,0,0,0,0,0,0,,0.0,0.0,0.0,0.0,0.0,0.0,0.0,0.0
9000009017,2026-08-01 04:00,0.9994444,0,0,0,0,0,0,0,0,0,0,0,0,,0.0,0.0,0.0,0.0,0.0,0.0,0.0,0.0
9000009017,2026-08-01 05:00,0.9994444,0,0,0,0,0,0,5,5,10,50,48,98,8.5,90.0,10.0,0.0,0.0,0.0,0.0,0.0,0.0
9000009017,2026-08-01 06:00,0.99972224,0,0,0,0,0,0,3,2,5,22,15,37,13.0,60.0,40.0,0.0,0.0,0.0,0.0,0.0,0.0
9000009017,2026-08-01 07:00,0.9994444,0,0,0,0,0,0,0,0,0,19,6,25,,0.0,0.0,0.0,0.0,0.0,0.0,0.0,0.0
9000009017,2026-08-01 08:00,0.99972224,0,0,0,0,0,0,0,2,2,11,15,26,4.0,100.0,0.0,0.0,0.0,0.0,0.0,0.0,0.0
9000009017,2026-08-01 09:00,0.9994444,0,0,0,0,0,0,0,0,0,8,4,12,,0.0,0.0,0.0,0.0,0.0,0.0,0.0,0.0
9000009017,2026-08-01 10:00,0.99972224,0,0,0,0,0,0,0,0,0,1,1,2,,0.0,0.0,0.0,0.0,0.0,0.0,0.0,0.0
9000009017,2026-08-01 11:00,0.99972224,0,0,0,0,0,0,2,0,2,0,2,2,4.0,100.0,0.0,0.0,0.0,0.0,0.0,0.0,0.0
9000009017,2026-08-01 12:00,0.99972224,0,0,0,0,0,0,3,0,3,1,3,4,4.0,100.0,0.0,0.0,0.0,0.0,0.0,0.0,0.0
9000009017,2026-08-01 13:00,0.99972224,0,0,0,0,0,0,0,0,0,9,3,12,,0.0,0.0,0.0,0.0,0.0,0.0,0.0,0.0
9000009017,2026-08-01 14:00,0.99972224,0,0,0,0,0,0,1,6,7,6,1,7,4.0,100.0,0.0,0.0,0.0,0.0,0.0,0.0,0.0
9000009017,2026-08-01 15:00,0.99972224,0,0,0,0,0,0,0,2,2,6,6,12,4.0,100.0,0.0,0.0,0.0,0.0,0.0,0.0,0.0
9000009017,2026-08-01 16:00,0.99972224,0,0,0,0,0,0,0,0,0,13,3,16,,0.0,0.0,0.0,0.0,0.0,0.0,0.0,0.0
9000009017,2026-08-01 17:00,0.99972224,0,0,0,0,0,0,0,1,1,0,0,0,4.0,100.0,0.0,0.0,0.0,0.0,0.0,0.0,0.0
9000009017,2026-08-01 18:00,0.99972224,0,0,0,0,0,0,0,0,0,0,0,0,,0.0,0.0,0.0,0.0,0.0,0.0,0.0,0.0
9000009017,2026-08-01 19:00,0.99972224,0,0,0,0,0,0,2,4,6,0,0,0,4.0,100.0,0.0,0.0,0.0,0.0,0.0,0.0,0.0
9000009017,2026-08-01 20:00,0.99972224,0,0,0,0,0,0,0,0,0,1,0,1,,0.0,0.0,0.0,0.0,0.0,0.0,0.0,0.0
9000009017,2026-08-01 21:00,0.99972224,0,0,0,0,0,0,0,0,0,13,1,14,,0.0,0.0,0.0,0.0,0.0,0.0,0.0,0.0
9000009017,2026-08-01 22:00,0.99916667,0,0,0,0,0,0,0,0,0,0,0,0,,0.0,0.0,0.0,0.0,0.0,0.0,0.0,0.0
9000009017,2026-08-01 23:00,0.9994444,0,0,0,0,0,0,0,0,0,0,0,0,,0.0,0.0,0.0,0.0,0.0,0.0,0.0,0.0
9000009017,2026-08-02 00:00,0.99916667,0,0,0,0,0,0,0,0,0,0,0,0,,0.0,0.0,0.0,0.0,0.0,0.0,0.0,0.0
9000009017,2026-08-02 02:00,1.0,0,0,0,0,0,0,0,0,0,0,0,0,,0.0,0.0,0.0,0.0,0.0,0.0,0.0,0.0
9000009017,2026-08-02 03:00,0.99972224,0,0,0,0,0,0,0,0,0,0,0,0,,0.0,0.0,0.0,0.0,0.0,0.0,0.0,0.0
9000009017,2026-08-02 04:00,0.9994444,0,0,0,0,0,0,0,0,0,0,0,0,,0.0,0.0,0.0,0.0,0.0,0.0,0.0,0.0
9000009017,2026-08-02 05:00,0.9994444,0,0,0,0,0,0,0,1,1,2,3,5,4.0,100.0,0.0,0.0,0.0,0.0,0.0,0.0,0.0
9000009017,2026-08-02 06:00,0.99972224,0,0,0,0,0,0,2,0,2,4,10,14,4.0,100.0,0.0,0.0,0.0,0.0,0.0,0.0,0.0
9000009017,2026-08-02 07:00,0.9994444,0,0,0,0,0,0,0,0,0,1,2,3,,0.0,0.0,0.0,0.0,0.0,0.0,0.0,0.0
9000009017,2026-08-02 08:00,0.9994444,0,0,0,0,0,0,6,7,13,10,13,23,4.5,100.0,0.0,0.0,0.0,0.0,0.0,0.0,0.0
9000009017,2026-08-02 09:00,0.99972224,0,0,0,0,0,0,0,1,1,0,0,0,4.0,100.0,0.0,0.0,0.0,0.0,0.0,0.0,0.0
9000009017,2026-08-02 10:00,0.99972224,0,0,0,0,0,0,3,1,4,1,0,1,17.0,75.0,25.0,0.0,0.0,0.0,0.0,0.0,0.0
9000009042,2026-08-01 02:00,0.0,0,0,0,0,0,0,0,0,0,0,0,0,,0.0,0.0,0.0,0.0,0.0,0.0,0.0,0.0
9000009042,2026-08-01 03:00,0.0,0,0,0,0,0,0,0,0,0,0,0,0,,0.0,0.0,0.0,0.0,0.0,0.0,0.0,0.0
9000009042,2026-08-01 04:00,0.0,0,0,0,0,0,0,0,0,0,0,0,0,,0.0,0.0,0.0,0.0,0.0,0.0,0.0,0.0
9000009042,2026-08-01 05:00,0.0,0,0,0,0,0,0,0,0,0,0,0,0,,0.0,0.0,0.0,0.0,0.0,0.0,0.0,0.0
9000009042,2026-08-01 06:00,0.44666666,7,2,9,11,9,20,74,63,137,22,13,35,38.5,0.0,3.33,41.67,45.0,3.33,3.33,0.0,3.33
9000009042,2026-08-01 07:00,0.72833335,8,4,12,8,1,9,80,60,140,19,23,42,36.5,0.0,7.92,54.46,30.69,4.95,0.0,0.99,0.99
9000009042,2026-08-01 08:00,0.78694445,8,6,14,13,11,24,93,62,155,20,20,40,37.0,5.74,4.1,54.1,25.41,5.74,1.64,1.64,1.64
9000009042,2026-08-01 09:00,0.79305553,9,15,24,15,16,31,107,78,185,26,20,46,37.5,5.44,6.8,48.3,27.89,7.48,2.72,1.36,0.0
9000009042,2026-08-01 10:00,0.7816667,10,18,28,18,31,49,130,123,253,20,23,43,34.5,1.01,6.06,55.56,30.81,3.54,1.01,1.01,1.01
9000009042,2026-08-01 11:00,0.10555556,47,9,56,19,19,38,123,95,218,9,38,47,33.5,4.35,17.39,43.48,34.78,0.0,0.0,0.0,0.0
9000009135,2026-08-01 02:00,0.99972224,0,0,0,0,0,0,0,0,0,0,0,0,,0.0,0.0,0.0,0.0,0.0,0.0,0.0,0.0
9000009135,2026-08-01 03:00,1.0,0,0,0,0,0,0,0,0,0,0,0,0,,0.0,0.0,0.0,0.0,0.0,0.0,0.0,0.0
9000009135,2026-08-01 04:00,0.99916667,0,0,0,0,0,0,0,0,0,0,0,0,,0.0,0.0,0.0,0.0,0.0,0.0,0.0,0.0
9000009135,2026-08-01 05:00,0.9994444,1,0,1,2,2,4,2,3,5,0,0,0,46.0,0.0,60.0,20.0,0.0,20.0,0.0,0.0,0.0
9000009135,2026-08-01 06:00,0.9994444,3,0,3,1,1,2,10,17,27,1,1,2,31.5,11.11,44.44,25.93,18.52,0.0,0.0,0.0,0.0
9000009135,2026-08-01 07:00,0.9994444,1,3,4,0,2,2,12,4,16,2,3,5,29.5,25.0,25.0,37.5,12.5,0.0,0.0,0.0,0.0
9000009135,2026-08-01 08:00,0.99916667,2,1,3,3,1,4,8,13,21,2,1,3,43.0,4.76,28.57,38.1,4.76,19.05,4.76,0.0,0.0
9000009135,2026-08-01 09:00,0.9994444,1,1,2,9,4,13,10,11,21,1,0,1,36.5,0.0,23.81,42.86,28.57,4.76,0.0,0.0,0.0
9000009135,2026-08-01 10:00,0.99972224,5,5,10,9,6,15,18,19,37,4,0,4,35.5,13.51,21.62,37.84,21.62,2.7,0.0,2.7,0.0
9000009135,2026-08-01 11:00,0.99194443,5,7,12,12,4,16,10,14,24,0,0,0,34.5,4.17,41.67,20.83,29.17,4.17,0.0,0.0,0.0
9000009135,2026-08-01 12:00,0.99972224,4,1,5,10,5,15,19,9,28,1,0,1,32.5,14.29,32.14,32.14,14.29,7.14,0.0,0.0,0.0
9000009135,2026-08-01 13:00,0.9988889,5,7,12,12,9,21,17,24,41,2,1,3,34.0,0.0,34.15,39.02,19.51,4.88,2.44,0.0,0.0
9000009135,2026-08-01 14:00,0.9994444,8,10,18,24,8,32,22,19,41,1,0,1,36.0,7.32,36.59,21.95,26.83,4.88,2.44,0.0,0.0
9000009135,2026-08-01 15:00,0.99972224,9,14,23,30,9,39,23,35,58,1,1,2,34.5,8.62,29.31,37.93,15.52,8.62,0.0,0.0,0.0
9000009135,2026-08-01 16:00,0.99916667,16,17,33,17,7,24,16,27,43,1,0,1,40.0,4.65,13.95,32.56,34.88,6.98,4.65,0.0,2.33
9000009135,2026-08-01 17:00,0.9994444,21,7,28,28,10,38,31,22,53,2,0,2,34.0,7.55,35.85,33.96,15.09,7.55,0.0,0.0,0.0
9000009135,2026-08-01 18:00,0.9994444,29,5,34,51,18,69,23,28,51,0,1,1,35.5,9.8,35.29,33.33,13.73,3.92,3.92,0.0,0.0
9000009135,2026-08-01 19:00,0.9994444,23,16,39,25,12,37,15,16,31,0,0,0,31.0,12.9,38.71,32.26,6.45,3.23,3.23,3.23,0.0
9000009135,2026-08-01 20:00,0.9994444,12,6,18,23,8,31,30,45,75,2,1,3,35.0,4.0,26.67,42.67,21.33,2.67,1.33,1.33,0.0
9000009135,2026-08-01 21:00,0.9994444,2,2,4,6,0,6,4,14,18,0,0,0,35.5,5.56,22.22,44.44,22.22,5.56,0.0,0.0,0.0
9000009135,2026-08-01 22:00,0.9825,0,0,0,0,0,0,0,0,0,0,0,0,,0.0,0.0,0.0,0.0,0.0,0.0,0.0,0.0
9000009135,2026-08-01 23:00,0.9994444,0,0,0,0,0,0,0,0,0,0,0,0,,0.0,0.0,0.0,0.0,0.0,0.0,0.0,0.0
9000009135,2026-08-02 00:00,0.99916667,0,0,0,0,0,0,0,0,0,0,0,0,,0.0,0.0,0.0,0.0,0.0,0.0,0.0,0.0
9000009187,2026-08-01 02:00,0.9994444,0,0,0,0,0,0,0,0,0,0,0,0,,0.0,0.0,0.0,0.0,0.0,0.0,0.0,0.0
9000009187,2026-08-01 03:00,0.9994444,0,0,0,0,0,0,0,0,0,0,0,0,,0.0,0.0,0.0,0.0,0.0,0.0,0.0,0.0
9000009187,2026-08-01 04:00,0.9994444,0,0,0,0,0,0,0,0,0,0,0,0,,0.0,0.0,0.0,0.0,0.0,0.0,0.0,0.0
9000009187,2026-08-01 05:00,0.92722225,0,0,0,2,0,2,4,0,4,3,19,22,31.5,50.0,0.0,25.0,25.0,0.0,0.0,0.0,0.0
9000009187,2026-08-01 06:00,0.94861114,0,1,1,1,1,2,7,1,8,5,1,6,74.0,12.5,0.0,12.5,12.5,25.0,12.5,0.0,25.0
9000009187,2026-08-01 07:00,0.87333333,0,0,0,0,0,0,29,2,31,8,19,27,65.5,11.11,0.0,0.0,11.11,33.33,25.93,7.41,11.11
9000009187,2026-08-01 08:00,0.8825,0,0,0,0,0,0,20,2,22,0,1,1,59.5,4.76,4.76,14.29,19.05,33.33,9.52,9.52,4.76
9000009187,2026-08-01 09:00,0.89166665,4,8,12,0,3,3,48,8,56,3,0,3,78.5,6.0,0.0,4.0,22.0,34.0,8.0,10.0,16.0
9000009187,2026-08-01 10:00,0.8461111,1,8,9,0,7,7,51,31,82,2,0,2,55.5,13.04,7.25,4.35,31.88,20.29,18.84,0.0,4.35
9000009187,2026-08-01 11:00,0.8283333,6,23,29,6,12,18,291,57,348,95,7,102,62.0,17.01,2.78,1.74,7.64,22.57,29.17,13.89,5.21
9000009187,2026-08-01 12:00,0.8605555,8,8,16,3,9,12,303,38,341,49,6,55,60.5,15.36,0.34,1.71,5.12,27.99,33.79,10.58,5.12
9000009187,2026-08-01 13:00,0.83666664,5,8,13,2,4,6,106,23,129,42,5,47,57.0,18.52,7.41,3.7,9.26,28.7,25.93,3.7,2.78
9000009187,2026-08-01 14:00,0.8636111,16,27,43,10,17,27,390,60,450,81,3,84,63.0,12.11,5.15,2.06,7.47,25.52,27.84,13.4,6.44
9000009187,2026-08-01 15:00,0.8808333,11,39,50,12,16,28,349,73,422,181,15,196,61.5,12.94,2.43,7.01,8.63,18.33,33.15,13.75,3.77
9000009187,2026-08-01 16:00,0.8397222,20,33,53,21,11,32,393,94,487,119,10,129,59.0,6.59,2.44,6.83,11.46,29.27,30.49,10.24,2.68
9000009187,2026-08-01 17:00,0.85944444,15,21,36,15,5,20,294,80,374,38,5,43,59.5,2.17,2.48,5.88,14.86,32.2,28.79,10.22,3.41
9000009187,2026-08-01 18:00,0.91805553,16,34,50,17,13,30,344,83,427,131,10,141,65.5,0.77,2.81,5.87,8.67,25.26,28.06,19.13,9.44
9000009187,2026-08-01 19:00,0.94277775,7,18,25,7,5,12,235,55,290,82,5,87,70.0,1.46,4.74,6.57,9.12,18.25,23.72,21.17,14.96
9000009187,2026-08-01 20:00,0.93027776,1,0,1,8,2,10,189,30,219,27,4,31,62.0,1.98,3.96,11.39,15.35,21.29,27.72,12.87,5.45
9000009187,2026-08-01 21:00,0.98944443,0,0,0,1,1,2,1,0,1,0,1,1,64.0,0.0,0.0,0.0,0.0,0.0,0.0,100.0,0.0
9000009187,2026-08-01 22:00,0.99916667,0,0,0,0,0,0,0,0,0,0,0,0,,0.0,0.0,0.0,0.0,0.0,0.0,0.0,0.0
9000009187,2026-08-01 23:00,0.9994444,0,0,0,0,0,0,0,0,0,0,0,0,,0.0,0.0,0.0,0.0,0.0,0.0,0.0,0.0
9000009187,2026-08-02 00:00,0.99916667,0,0,0,0,0,0,0,0,0,0,0,0,,0.0,0.0,0.0,0.0,0.0,0.0,0.0,0.0
9000009301,2026-08-01 02:00,0.99916667,0,0,0,0,0,0,0,0,0,0,0,0,,0.0,0.0,0.0,0.0,0.0,0.0,0.0,0.0
9000009301,2026-08-01 03:00,0.99972224,0,0,0,0,0,0,0,0,0,0,0,0,,0.0,0.0,0.0,0.0,0.0,0.0,0.0,0.0
9000009301,2026-08-01 04:00,0.9994444,0,0,0,0,0,0,0,0,0,0,0,0,,0.0,0.0,0.0,0.0,0.0,0.0,0.0,0.0
9000009301,2026-08-01 05:00,0.99916667,0,1,1,1,0,1,4,1,5,1,0,1,51.0,0.0,0.0,20.0,60.0,0.0,20.0,0.0,0.0
9000009301,2026-08-01 06:00,0.9994444,5,7,12,1,1,2,3,16,19,0,1,1,34.0,5.26,21.05,21.05,47.37,5.26,0.0,0.0,0.0
9000009301,2026-08-01 07:00,0.9994444,7,12,19,2,0,2,9,9,18,2,3,5,34.5,0.0,11.11,50.0,38.89,0.0,0.0,0.0,0.0
9000009301,2026-08-01 08:00,0.99972224,8,19,27,7,10,17,7,16,23,1,1,2,36.0,0.0,26.09,30.43,39.13,4.35,0.0,0.0,0.0
9000009301,2026-08-01 09:00,0.9994444,28,61,89,12,10,22,9,26,35,4,7,11,37.5,2.86,20.0,31.43,40.0,5.71,0.0,0.0,0.0
9000009301,2026-08-01 10:00,0.9994444,36,69,105,15,17,32,14,21,35,5,3,8,34.5,14.29,28.57,28.57,25.71,2.86,0.0,0.0,0.0
9000009301,2026-08-01 11:00,0.9994444,35,40,75,17,12,29,24,30,54,3,3,6,37.5,7.41,14.81,33.33,35.19,9.26,0.0,0.0,0.0
9000009301,2026-08-01 12:00,0.9994444,34,67,101,18,23,41,21,21,42,2,5,7,39.0,2.38,4.76,42.86,38.1,4.76,2.38,4.76,0.0
9000009301,2026-08-01 13:00,0.9994444,61,67,128,21,22,43,32,35,67,5,5,10,38.5,0.0,16.42,28.36,44.78,5.97,2.99,0.0,1.49
9000009301,2026-08-01 14:00,0.9994444,49,47,96,23,28,51,27,64,91,4,5,9,38.5,2.2,13.19,35.16,37.36,5.49,3.3,1.1,2.2
9000009301,2026-08-01 15:00,0.9994444,70,56,126,33,19,52,20,40,60,10,13,23,38.0,1.67,13.33,33.33,45.0,5.0,0.0,0.0,1.67
9000009301,2026-08-01 16:00,1.0,85,66,151,23,18,41,27,42,69,15,15,30,40.5,1.45,11.59,34.78,36.23,13.04,2.9,0.0,0.0
9000009301,2026-08-01 17:00,0.9994444,80,51,131,32,20,52,15,38,53,6,5,11,38.0,1.89,11.32,35.85,41.51,7.55,1.89,0.0,0.0
9000009301,2026-08-01 18:00,0.99916667,75,38,113,42,22,64,21,31,52,5,4,9,42.5,0.0,1.92,34.62,44.23,9.62,3.85,0.0,5.77
9000009301,2026-08-01 19:00,0.9994444,70,70,140,28,19,47,22,32,54,2,2,4,40.0,0.0,11.11,37.04,37.04,3.7,7.41,1.85,1.85
9000009301,2026-08-01 20:00,0.9994444,70,29,99,23,12,35,25,36,61,2,0,2,39.0,4.92,18.03,29.51,36.07,3.28,6.56,0.0,1.64
9000009301,2026-08-01 21:00,0.9994444,9,6,15,6,0,6,5,6,11,0,0,0,38.5,0.0,0.0,36.36,54.55,9.09,0.0,0.0,0.0
9000009301,2026-08-01 22:00,0.99916667,0,0,0,0,0,0,0,0,0,0,0,0,,0.0,0.0,0.0,0.0,0.0,0.0,0.0,0.0
9000009301,2026-08-01 23:00,0.9994444,0,0,0,0,0,0,0,0,0,0,0,0,,0.0,0.0,0.0,0.0,0.0,0.0,0.0,0.0
9000009301,2026-08-02 00:00,0.99916667,0,0,0,0,0,0,0,0,0,0,0,0,,0.0,0.0,0.0,0.0,0.0,0.0,0.0,0.0
9000009350,2026-08-01 02:00,0.98444444,0,0,0,0,0,0,0,0,0,0,0,0,,0.0,0.0,0.0,0.0,0.0,0.0,0.0,0.0
9000009350,2026-08-01 03:00,0.9994444,0,0,0,0,0,0,0,0,0,0,0,0,,0.0,0.0,0.0,0.0,0.0,0.0,0.0,0.0
9000009350,2026-08-01 04:00,0.99972224,0,0,0,0,0,0,0,0,0,0,0,0,,0.0,0.0,0.0,0.0,0.0,0.0,0.0,0.0
9000009350,2026-08-01 05:00,0.99666667,0,0,0,0,0,0,1,1,2,0,0,0,43.5,0.0,50.0,0.0,0.0,50.0,0.0,0.0,0.0
9000009350,2026-08-01 06:00,0.9994444,1,0,1,3,0,3,15,51,66,3,3,6,52.0,12.12,22.73,16.67,16.67,15.15,10.61,6.06,0.0
9000009350,2026-08-01 07:00,0.9994444,1,0,1,0,2,2,34,70,104,3,2,5,32.5,61.54,10.58,11.54,6.73,4.81,3.85,0.0,0.96
9000009350,2026-08-01 08:00,0.9994444,3,2,5,0,1,1,24,91,115,3,0,3,34.0,65.22,6.96,7.83,13.04,3.48,3.48,0.0,0.0
9000009350,2026-08-01 09:00,0.9994444,14,12,26,4,1,5,22,70,92,3,5,8,36.0,53.26,7.61,13.04,15.22,9.78,1.09,0.0,0.0
9000009350,2026-08-01 10:00,0.9994444,11,16,27,8,3,11,34,114,148,3,2,5,26.0,70.95,10.81,6.08,8.78,2.7,0.0,0.0,0.68
9000009350,2026-08-01 11:00,0.99972224,6,9,15,13,7,20,45,170,215,5,5,10,34.5,58.14,10.23,9.77,13.49,4.19,2.79,1.4,0.0
9000009350,2026-08-01 12:00,0.99916667,4,0,4,4,0,4,26,69,95,12,2,14,32.5,47.37,21.05,13.68,9.47,6.32,2.11,0.0,0.0
9000009350,2026-08-01 13:00,0.99916667,6,19,25,7,3,10,42,147,189,3,0,3,42.0,38.62,18.52,11.64,12.7,13.76,3.7,0.0,1.06
9000009350,2026-08-01 14:00,0.9994444,14,12,26,10,4,14,40,156,196,3,3,6,32.0,47.45,23.47,10.71,13.78,3.06,1.02,0.51,0.0
9000009350,2026-08-01 15:00,0.9994444,6,17,23,13,3,16,40,169,209,5,5,10,20.0,70.33,14.83,7.18,3.83,3.83,0.0,0.0,0.0
9000009350,2026-08-01 16:00,0.9994444,21,20,41,16,0,16,42,127,169,3,3,6,35.5,54.44,11.83,13.02,12.43,6.51,1.18,0.59,0.0
9000009350,2026-08-01 17:00,0.99916667,23,20,43,17,2,19,43,162,205,4,1,5,40.0,30.73,16.1,14.15,23.9,12.68,2.44,0.0,0.0
9000009350,2026-08-01 18:00,0.99972224,17,16,33,23,0,23,55,172,227,3,1,4,41.0,26.43,16.3,24.67,16.3,10.57,5.73,0.0,0.0
9000009350,2026-08-01 19:00,0.99916667,22,12,34,21,0,21,56,138,194,3,1,4,41.5,9.79,22.68,26.8,23.71,11.86,4.64,0.52,0.0
9000009350,2026-08-01 20:00,0.9994444,23,17,40,19,3,22,58,97,155,3,3,6,47.5,21.29,18.06,18.06,19.35,11.61,9.03,1.29,1.29
9000009350,2026-08-01 21:00,0.9994444,0,0,0,1,0,1,3,0,3,0,0,0,18.0,33.33,66.67,0.0,0.0,0.0,0.0,0.0,0.0
9000009350,2026-08-01 22:00,0.9994444,0,0,0,0,0,0,0,0,0,0,0,0,,0.0,0.0,0.0,0.0,0.0,0.0,0.0,0.0
9000009350,2026-08-01 23:00,0.9994444,0,0,0,0,0,0,0,0,0,0,0,0,,0.0,0.0,0.0,0.0,0.0,0.0,0.0,0.0
9000009350,2026-08-02 00:00,0.9980556,0,0,0,0,0,0,0,0,0,0,0,0,,0.0,0.0,0.0,0.0,0.0,0.0,0.0,0.0
9000009404,2026-08-01 02:00,0.9994444,0,0,0,0,0,0,0,0,0,0,0,0,,0.0,0.0,0.0,0.0,0.0,0.0,0.0,0.0
9000009404,2026-08-01 03:00,0.9994444,0,0,0,0,0,0,0,0,0,0,0,0,,0.0,0.0,0.0,0.0,0.0,0.0,0.0,0.0
9000009404,2026-08-01 04:00,1.0,0,0,0,0,0,0,0,0,0,0,0,0,,0.0,0.0,0.0,0.0,0.0,0.0,0.0,0.0
9000009404,2026-08-01 05:00,0.99972224,0,0,0,0,0,0,0,0,0,0,0,0,,0.0,0.0,0.0,0.0,0.0,0.0,0.0,0.0
9000009404,2026-08-01 06:00,0.9994444,0,0,0,0,0,0,21,17,38,0,0,0,29.0,73.68,0.0,13.16,10.53,0.0,2.63,0.0,0.0
9000009404,2026-08-01 07:00,0.9994444,0,0,0,0,0,0,18,21,39,0,1,1,31.0,69.23,5.13,7.69,17.95,0.0,0.0,0.0,0.0
9000009404,2026-08-01 08:00,0.9994444,0,0,0,0,0,0,20,41,61,0,0,0,30.5,52.46,8.2,22.95,14.75,0.0,1.64,0.0,0.0
9000009404,2026-08-01 09:00,0.99916667,3,9,12,2,6,8,35,50,85,1,6,7,29.5,17.65,30.59,37.65,7.06,4.71,1.18,1.18,0.0
9000009404,2026-08-01 10:00,0.99972224,4,11,15,2,3,5,57,74,131,2,2,4,34.0,7.63,25.95,40.46,18.32,3.82,3.05,0.76,0.0
9000009404,2026-08-01 11:00,0.99972224,1,2,3,1,4,5,48,79,127,0,6,6,36.0,14.96,18.9,34.65,23.62,5.51,1.57,0.79,0.0
9000009404,2026-08-01 12:00,0.9994444,2,6,8,0,9,9,56,74,130,2,4,6,40.5,14.62,10.0,35.38,24.62,10.0,3.85,0.77,0.77
9000009404,2026-08-01 13:00,0.99972224,11,9,20,2,4,6,85,82,167,3,2,5,38.0,17.96,14.37,33.53,24.55,5.39,1.8,1.8,0.6
9000009404,2026-08-01 14:00,0.99972224,11,8,19,1,7,8,118,116,234,8,11,19,37.0,24.36,23.5,28.63,13.25,8.12,2.14,0.0,0.0
9000009404,2026-08-01 15:00,0.9994444,21,19,40,4,23,27,147,100,247,16,7,23,33.5,21.05,19.84,35.22,17.81,2.83,2.02,0.81,0.4
9000009404,2026-08-01 16:00,0.99972224,2,3,5,5,7,12,132,103,235,11,10,21,37.0,25.11,20.85,28.51,14.04,7.66,1.28,1.28,1.28
9000009404,2026-08-01 17:00,0.9994444,12,3,15,7,10,17,117,95,212,6,7,13,47.5,18.4,22.17,20.75,11.32,16.98,6.6,2.83,0.94
9000009404,2026-08-01 18:00,0.99916667,6,8,14,10,4,14,134,84,218,9,5,14,47.5,20.18,19.72,18.35,14.68,15.6,4.59,3.21,3.67
9000009404,2026-08-01 19:00,0.9994444,6,17,23,3,16,19,79,74,153,1,2,3,42.0,11.76,24.84,18.95,26.14,13.07,1.31,2.61,1.31
9000009404,2026-08-01 20:00,0.99972224,9,6,15,32,0,32,112,75,187,5,2,7,40.5,16.58,12.3,26.2,28.88,13.37,2.67,0.0,0.0
9000009404,2026-08-01 21:00,0.99916667,0,0,0,0,0,0,1,0,1,0,0,0,39.0,0.0,0.0,0.0,100.0,0.0,0.0,0.0,0.0
9000009404,2026-08-01 22:00,0.9994444,0,0,0,0,0,0,0,0,0,0,0,0,,0.0,0.0,0.0,0.0,0.0,0.0,0.0,0.0
9000009404,2026-08-01 23:00,0.99916667,0,0,0,0,0,0,0,0,0,0,0,0,,0.0,0.0,0.0,0.0,0.0,0.0,0.0,0.0
9000009404,2026-08-02 00:00,0.9994444,0,0,0,0,0,0,0,0,0,0,0,0,,0.0,0.0,0.0,0.0,0.0,0.0,0.0,0.0
9000009743,2026-08-01 02:00,0.0,0,0,0,0,0,0,0,0,0,0,0,0,,0.0,0.0,0.0,0.0,0.0,0.0,0.0,0.0
9000009743,2026-08-01 03:00,0.0,0,0,0,0,0,0,0,0,0,0,0,0,,0.0,0.0,0.0,0.0,0.0,0.0,0.0,0.0
9000009743,2026-08-01 04:00,0.0,0,0,0,0,0,0,0,0,0,0,0,0,,0.0,0.0,0.0,0.0,0.0,0.0,0.0,0.0
9000009743,2026-08-01 05:00,0.0,0,0,0,0,0,0,0,0,0,0,0,0,,0.0,0.0,0.0,0.0,0.0,0.0,0.0,0.0
9000009743,2026-08-01 06:00,0.12972222,0,0,0,0,15,15,15,8,23,0,0,0,38.0,0.0,33.33,0.0,66.67,0.0,0.0,0.0,0.0
9000009743,2026-08-01 07:00,0.38833332,0,0,0,0,3,3,15,26,41,3,3,6,31.0,0.0,6.25,75.0,18.75,0.0,0.0,0.0,0.0
9000009743,2026-08-01 08:00,0.5238889,0,4,4,2,2,4,11,17,28,4,2,6,32.0,0.0,13.33,60.0,26.67,0.0,0.0,0.0,0.0
9000009743,2026-08-01 09:00,0.79305553,1,0,1,5,13,18,26,25,51,4,3,7,31.5,0.0,14.63,65.85,17.07,2.44,0.0,0.0,0.0
9000009743,2026-08-01 10:00,0.7852778,3,4,7,17,18,35,17,42,59,8,0,8,29.0,0.0,23.91,67.39,8.7,0.0,0.0,0.0,0.0
9000009743,2026-08-01 11:00,0.7788889,8,5,13,27,19,46,39,50,89,4,4,8,32.5,0.0,20.29,56.52,15.94,7.25,0.0,0.0,0.0
9000009743,2026-08-01 12:00,0.7811111,1,0,1,22,28,50,42,33,75,3,9,12,32.0,3.39,22.03,55.93,15.25,1.69,1.69,0.0,0.0
9000009743,2026-08-01 13:00,0.79194444,9,1,10,29,18,47,27,43,70,4,1,5,32.5,1.82,9.09,67.27,18.18,3.64,0.0,0.0,0.0
9000009743,2026-08-01 14:00,0.79138887,5,3,8,19,27,46,51,48,99,5,3,8,31.5,3.85,10.26,66.67,16.67,1.28,1.28,0.0,0.0
9000009743,2026-08-01 15:00,0.7952778,5,6,11,33,39,72,52,67,119,3,5,8,34.5,2.13,17.02,58.51,15.96,4.26,2.13,0.0,0.0
9000009743,2026-08-01 16:00,0.76166666,4,3,7,28,49,77,29,60,89,8,9,17,34.5,1.47,13.24,66.18,8.82,7.35,1.47,0.0,1.47
9000009743,2026-08-01 17:00,0.7211111,7,6,13,25,55,80,60,69,129,4,4,8,33.0,8.6,15.05,56.99,16.13,1.08,1.08,1.08,0.0
9000009743,2026-08-01 18:00,0.7561111,5,4,9,56,86,142,37,54,91,4,4,8,32.5,4.35,14.49,57.97,18.84,1.45,0.0,1.45,1.45
9000009743,2026-08-01 19:00,0.7902778,11,11,22,62,78,140,56,57,113,8,4,12,33.5,6.74,12.36,58.43,13.48,7.87,1.12,0.0,0.0
9000009743,2026-08-01 20:00,0.69555557,4,6,10,50,47,97,47,40,87,4,6,10,34.5,1.64,13.11,55.74,21.31,4.92,3.28,0.0,0.0
9000009743,2026-08-01 21:00,0.0,0,0,0,0,0,0,0,0,0,0,0,0,,0.0,0.0,0.0,0.0,0.0,0.0,0.0,0.0
9000009743,2026-08-01 22:00,0.0,0,0,0,0,0,0,0,0,0,0,0,0,,0.0,0.0,0.0,0.0,0.0,0.0,0.0,0.0
9000009743,2026-08-01 23:00,0.0,0,0,0,0,0,0,0,0,0,0,0,0,,0.0,0.0,0.0,0.0,0.0,0.0,0.0,0.0
9000009743,2026-08-02 00:00,0.0,0,0,0,0,0,0,0,0,0,0,0,0,,0.0,0.0,0.0,0.0,0.0,0.0,0.0,0.0
9000009814,2026-08-01 02:00,0.9994444,0,0,0,0,0,0,0,0,0,0,0,0,,0.0,0.0,0.0,0.0,0.0,0.0,0.0,0.0
9000009814,2026-08-01 03:00,0.9994444,0,0,0,0,0,0,0,0,0,0,0,0,,0.0,0.0,0.0,0.0,0.0,0.0,0.0,0.0
9000009814,2026-08-01 04:00,0.99916667,0,0,0,0,0,0,0,0,0,0,0,0,,0.0,0.0,0.0,0.0,0.0,0.0,0.0,0.0
9000009814,2026-08-01 05:00,0.9994444,0,0,0,0,0,0,0,1,1,0,0,0,4.0,100.0,0.0,0.0,0.0,0.0,0.0,0.0,0.0
9000009814,2026-08-01 06:00,0.9200079,0,2,2,0,2,2,3,4,7,2,0,2,24.5,28.57,28.57,42.86,0.0,0.0,0.0,0.0,0.0
9000009814,2026-08-01 07:00,0.86901706,1,3,4,0,1,1,3,9,12,1,3,4,37.0,18.18,18.18,27.27,27.27,9.09,0.0,0.0,0.0
9000009814,2026-08-01 08:00,0.88941026,1,2,3,1,7,8,9,10,19,2,4,6,41.0,12.5,0.0,43.75,25.0,12.5,6.25,0.0,0.0
9000009814,2026-08-01 09:00,0.907442,18,10,28,7,25,32,24,17,41,3,3,6,36.0,25.71,8.57,37.14,22.86,5.71,0.0,0.0,0.0
9000009814,2026-08-01 10:00,0.90665597,20,21,41,8,25,33,11,28,39,2,2,4,31.0,29.41,11.76,41.18,17.65,0.0,0.0,0.0,0.0
9000009814,2026-08-01 11:00,0.9083518,22,28,50,14,32,46,36,32,68,4,6,10,32.5,18.46,15.38,41.54,20.0,3.08,1.54,0.0,0.0
9000009814,2026-08-01 12:00,0.90674824,15,21,36,17,39,56,33,25,58,4,8,12,32.0,29.41,15.69,33.33,19.61,1.96,0.0,0.0,0.0
9000009814,2026-08-01 13:00,0.9078532,24,22,46,7,26,33,19,32,51,2,2,4,37.5,20.0,8.89,37.78,24.44,8.89,0.0,0.0,0.0
9000009814,2026-08-01 14:00,0.90575945,24,18,42,10,35,45,33,35,68,3,6,9,33.5,19.35,11.29,41.94,24.19,3.23,0.0,0.0,0.0
9000009814,2026-08-01 15:00,0.90774995,33,32,65,28,68,96,31,46,77,2,6,8,32.0,30.99,15.49,35.21,15.49,1.41,1.41,0.0,0.0
9000009814,2026-08-01 16:00,0.9064475,22,31,53,25,76,101,20,43,63,2,6,8,34.0,33.93,3.57,33.93,19.64,5.36,1.79,0.0,1.79
9000009814,2026-08-01 17:00,0.9055139,32,67,99,25,108,133,27,41,68,1,2,3,32.5,36.07,6.56,36.07,16.39,4.92,0.0,0.0,0.0
9000009814,2026-08-01 18:00,0.9036691,30,41,71,40,117,157,22,30,52,3,3,6,36.0,17.78,6.67,44.44,22.22,8.89,0.0,0.0,0.0
9000009814,2026-08-01 19:00,0.90712273,46,14,60,52,87,139,28,24,52,4,6,10,34.5,12.77,8.51,42.55,29.79,4.26,2.13,0.0,0.0
9000009814,2026-08-01 20:00,0.89113414,20,12,32,13,42,55,21,19,40,0,6,6,33.0,22.22,5.56,47.22,19.44,5.56,0.0,0.0,0.0
9000009814,2026-08-01 21:00,0.9994444,1,0,1,0,0,0,1,0,1,0,0,0,4.0,100.0,0.0,0.0,0.0,0.0,0.0,0.0,0.0
9000009814,2026-08-01 22:00,0.99916667,0,0,0,0,0,0,0,0,0,0,0,0,,0.0,0.0,0.0,0.0,0.0,0.0,0.0,0.0
9000009814,2026-08-01 23:00,1.0,0,0,0,0,0,0,0,0,0,0,0,0,,0.0,0.0,0.0,0.0,0.0,0.0,0.0,0.0
9000009814,2026-08-02 00:00,0.9994444,0,0,0,0,0,0,0,0,0,0,0,0,,0.0,0.0,0.0,0.0,0.0,0.0,0.0,0.0
9000009916,2026-08-01 02:00,0.9825,0,0,0,0,0,0,0,0,0,0,0,0,,0.0,0.0,0.0,0.0,0.0,0.0,0.0,0.0
9000009916,2026-08-01 03:00,0.94166666,0,0,0,0,0,0,0,0,0,0,0,0,,0.0,0.0,0.0,0.0,0.0,0.0,0.0,0.0
9000009916,2026-08-01 04:00,0.9761111,0,0,0,0,0,0,0,0,0,0,0,0,,0.0,0.0,0.0,0.0,0.0,0.0,0.0,0.0
9000009916,2026-08-01 05:00,0.9588889,0,0,0,0,0,0,4,0,4,0,0,0,42.0,0.0,25.0,25.0,25.0,25.0,0.0,0.0,0.0
9000009916,2026-08-01 06:00,0.97,0,0,0,0,3,3,25,29,54,0,0,0,47.5,1.92,17.31,34.62,19.23,15.38,9.62,0.0,1.92
9000009916,2026-08-01 07:00,0.99333334,0,0,0,0,5,5,27,60,87,0,5,5,46.5,8.05,19.54,33.33,18.39,10.34,3.45,4.6,2.3
9000009916,2026-08-01 08:00,0.985,0,0,0,1,7,8,20,65,85,0,9,9,39.5,4.76,15.48,44.05,21.43,8.33,1.19,3.57,1.19
9000009916,2026-08-01 09:00,0.99972224,6,4,10,17,26,43,46,92,138,2,19,21,41.0,5.8,10.14,39.86,28.26,9.42,4.35,1.45,0.72
9000009916,2026-08-01 10:00,0.9994444,3,2,5,37,8,45,93,162,255,1,14,15,41.0,7.45,10.59,42.35,23.14,12.55,2.75,0.78,0.39
9000009916,2026-08-01 11:00,0.9658333,2,2,4,17,9,26,114,141,255,0,12,12,44.5,6.5,11.79,35.37,20.33,17.48,6.91,0.81,0.81
9000009916,2026-08-01 12:00,0.9752778,0,6,6,21,14,35,105,148,253,0,16,16,42.5,4.88,12.2,44.31,20.73,12.6,3.25,0.81,1.22
9000009916,2026-08-01 13:00,0.9722222,3,2,5,24,12,36,114,131,245,2,28,30,44.5,11.76,15.13,30.67,20.59,16.39,3.78,1.68,0.0
9000009916,2026-08-01 14:00,0.98194444,1,0,1,27,21,48,150,150,300,0,21,21,45.0,5.1,9.52,33.67,22.79,21.77,4.42,2.38,0.34
9000009916,2026-08-01 15:00,0.99916667,7,7,14,87,33,120,152,180,332,1,34,35,42.0,4.52,9.34,38.55,29.22,13.86,3.31,0.9,0.3
9000009916,2026-08-01 16:00,0.9994444,3,2,5,49,24,73,142,168,310,0,13,13,43.5,6.13,7.1,36.77,30.65,11.94,5.16,1.61,0.65
9000009916,2026-08-01 17:00,0.99972224,0,1,1,49,39,88,125,151,276,3,5,8,41.0,18.12,9.78,27.17,28.62,12.68,2.9,0.72,0.0
9000009916,2026-08-01 18:00,0.9994444,1,7,8,83,60,143,141,193,334,1,8,9,41.0,21.56,12.57,23.95,24.85,16.47,0.6,0.0,0.0
9000009916,2026-08-01 19:00,0.99472225,5,10,15,56,38,94,144,184,328,0,8,8,42.0,8.59,12.58,38.04,22.7,12.88,4.29,0.61,0.31
9000009916,2026-08-01 20:00,0.9875,7,7,14,41,56,97,114,144,258,0,3,3,43.0,3.53,10.59,45.49,23.14,9.02,4.31,3.14,0.78
9000009916,2026-08-01 21:00,0.9777778,1,1,2,8,15,23,14,25,39,0,2,2,37.5,5.13,7.69,48.72,30.77,7.69,0.0,0.0,0.0
9000009916,2026-08-01 22:00,0.9677778,0,0,0,0,0,0,0,1,1,0,0,0,24.0,0.0,0.0,100.0,0.0,0.0,0.0,0.0,0.0
9000009916,2026-08-01 23:00,0.9088889,0,0,0,0,0,0,0,2,2,0,0,0,28.5,0.0,50.0,50.0,0.0,0.0,0.0,0.0,0.0
9000009916,2026-08-02 00:00,0.9533333,0,0,0,0,0,0,0,3,3,0,0,0,29.0,0.0,33.33,66.67,0.0,0.0,0.0,0.0,0.0
9000010037,2026-08-01 02:00,0.9716667,0,0,0,0,0,0,0,0,0,0,0,0,,0.0,0.0,0.0,0.0,0.0,0.0,0.0,0.0
9000010037,2026-08-01 03:00,0.99972224,0,0,0,0,0,0,0,0,0,0,0,0,,0.0,0.0,0.0,0.0,0.0,0.0,0.0,0.0
9000010037,2026-08-01 04:00,0.98,0,0,0,0,0,0,0,0,0,0,0,0,,0.0,0.0,0.0,0.0,0.0,0.0,0.0,0.0
9000010037,2026-08-01 05:00,0.9994444,0,0,0,0,0,0,0,0,0,0,0,0,,0.0,0.0,0.0,0.0,0.0,0.0,0.0,0.0
9000010037,2026-08-01 06:00,0.9994444,1,1,2,4,3,7,1,2,3,1,0,1,43.0,0.0,0.0,66.67,0.0,33.33,0.0,0.0,0.0
9000010037,2026-08-01 07:00,0.9994444,2,1,3,4,2,6,2,1,3,0,0,0,28.0,0.0,33.33,66.67,0.0,0.0,0.0,0.0,0.0
9000010037,2026-08-01 08:00,0.9994444,3,1,4,6,9,15,3,4,7,3,2,5,37.5,28.57,0.0,42.86,28.57,0.0,0.0,0.0,0.0
9000010037,2026-08-01 09:00,0.9994444,13,21,34,10,19,29,4,5,9,1,1,2,39.0,11.11,0.0,33.33,44.44,11.11,0.0,0.0,0.0
9000010037,2026-08-01 10:00,0.99916667,21,22,43,21,41,62,10,14,24,5,4,9,33.5,16.67,4.17,41.67,33.33,4.17,0.0,0.0,0.0
9000010037,2026-08-01 11:00,0.9994444,20,11,31,15,22,37,15,13,28,9,1,10,33.5,35.71,3.57,35.71,25.0,0.0,0.0,0.0,0.0
9000010037,2026-08-01 12:00,0.9994444,20,24,44,25,38,63,13,11,24,3,2,5,38.0,25.0,12.5,20.83,33.33,4.17,4.17,0.0,0.0
9000010037,2026-08-01 13:00,0.9994444,34,37,71,42,36,78,9,11,20,2,0,2,37.5,15.0,10.0,40.0,25.0,10.0,0.0,0.0,0.0
9000010037,2026-08-01 14:00,0.9994444,23,21,44,50,46,96,14,18,32,6,1,7,34.5,18.75,3.12,34.38,37.5,6.25,0.0,0.0,0.0
9000010037,2026-08-01 15:00,0.99916667,30,25,55,55,59,114,14,12,26,6,1,7,35.0,19.23,7.69,42.31,26.92,3.85,0.0,0.0,0.0
9000010037,2026-08-01 16:00,0.9994444,44,38,82,63,90,153,12,12,24,2,0,2,34.0,12.5,16.67,45.83,20.83,4.17,0.0,0.0,0.0
9000010037,2026-08-01 17:00,0.9994444,38,15,53,73,50,123,23,12,35,2,0,2,34.5,25.71,20.0,31.43,20.0,2.86,0.0,0.0,0.0
9000010037,2026-08-01 18:00,0.99916667,59,24,83,91,87,178,15,15,30,1,1,2,38.5,16.67,10.0,33.33,30.0,6.67,3.33,0.0,0.0
9000010037,2026-08-01 19:00,0.99972224,52,43,95,72,87,159,15,10,25,1,1,2,35.5,40.0,0.0,32.0,24.0,4.0,0.0,0.0,0.0
9000010037,2026-08-01 20:00,0.99916667,26,36,62,56,70,126,20,9,29,1,1,2,28.5,41.38,24.14,24.14,6.9,0.0,3.45,0.0,0.0
9000010037,2026-08-01 21:00,0.9825,6,1,7,6,3,9,2,2,4,0,0,0,28.5,50.0,0.0,50.0,0.0,0.0,0.0,0.0,0.0
9000010037,2026-08-01 22:00,0.99777776,0,0,0,0,0,0,0,0,0,0,0,0,,0.0,0.0,0.0,0.0,0.0,0.0,0.0,0.0
9000010037,2026-08-01 23:00,0.98194444,0,0,0,0,0,0,0,0,0,0,0,0,,0.0,0.0,0.0,0.0,0.0,0.0,0.0,0.0
9000010037,2026-08-02 00:00,0.9994444,0,0,0,0,0,0,0,0,0,0,0,0,,0.0,0.0,0.0,0.0,0.0,0.0,0.0,0.0
9000010086,2026-08-01 02:00,0.0,0,0,0,0,0,0,0,0,0,0,0,0,,0.0,0.0,0.0,0.0,0.0,0.0,0.0,0.0
9000010086,2026-08-01 03:00,0.0,0,0,0,0,0,0,0,0,0,0,0,0,,0.0,0.0,0.0,0.0,0.0,0.0,0.0,0.0
9000010086,2026-08-01 04:00,0.0,0,0,0,0,0,0,0,0,0,0,0,0,,0.0,0.0,0.0,0.0,0.0,0.0,0.0,0.0
9000010086,2026-08-01 05:00,0.0,0,0,0,0,0,0,0,0,0,0,0,0,,0.0,0.0,0.0,0.0,0.0,0.0,0.0,0.0
9000010086,2026-08-01 06:00,0.47361112,0,0,0,0,0,0,6,2,8,0,0,0,23.5,0.0,50.0,50.0,0.0,0.0,0.0,0.0,0.0
9000010086,2026-08-01 07:00,0.51416665,2,0,2,0,0,0,6,6,12,2,0,2,23.5,0.0,50.0,50.0,0.0,0.0,0.0,0.0,0.0
9000010086,2026-08-01 08:00,0.5777778,0,2,2,0,0,0,2,7,9,0,0,0,31.5,0.0,20.0,60.0,20.0,0.0,0.0,0.0,0.0
9000010086,2026-08-01 09:00,0.6280556,2,3,5,3,2,5,8,6,14,0,3,3,24.5,22.22,33.33,33.33,11.11,0.0,0.0,0.0,0.0
9000010086,2026-08-01 10:00,0.61527777,2,3,5,0,5,5,7,5,12,0,2,2,25.5,0.0,57.14,42.86,0.0,0.0,0.0,0.0,0.0
9000010086,2026-08-01 11:00,0.59305555,2,0,2,7,3,10,7,7,14,0,2,2,22.0,12.5,62.5,25.0,0.0,0.0,0.0,0.0,0.0
9000010086,2026-08-01 12:00,0.6230556,0,0,0,3,0,3,18,10,28,2,6,8,28.5,5.88,64.71,17.65,0.0,5.88,0.0,0.0,5.88
9000010086,2026-08-01 13:00,0.4786111,2,2,4,8,6,14,6,13,19,0,0,0,21.0,11.11,66.67,11.11,11.11,0.0,0.0,0.0,0.0
9000010086,2026-08-01 14:00,0.62722224,0,0,0,3,2,5,10,18,28,2,2,4,27.5,11.76,41.18,35.29,11.76,0.0,0.0,0.0,0.0
9000010086,2026-08-01 15:00,0.47083333,0,0,0,0,0,0,4,2,6,0,2,2,24.0,0.0,33.33,66.67,0.0,0.0,0.0,0.0,0.0
9000010086,2026-08-01 16:00,0.60194445,2,5,7,7,0,7,12,10,22,10,5,15,25.5,23.08,46.15,23.08,7.69,0.0,0.0,0.0,0.0
9000010086,2026-08-01 17:00,0.6102778,7,2,9,2,3,5,5,10,15,2,2,4,18.5,11.11,88.89,0.0,0.0,0.0,0.0,0.0,0.0
9000010086,2026-08-01 18:00,0.7786111,1,3,4,4,3,7,5,8,13,0,0,0,24.0,10.0,50.0,40.0,0.0,0.0,0.0,0.0,0.0
9000010086,2026-08-01 19:00,0.62166667,3,0,3,0,0,0,10,6,16,0,0,0,26.0,0.0,60.0,30.0,10.0,0.0,0.0,0.0,0.0
9000010086,2026-08-01 20:00,0.50555557,4,0,4,0,2,2,6,6,12,0,0,0,24.5,0.0,66.67,16.67,16.67,0.0,0.0,0.0,0.0
9000010086,2026-08-01 21:00,0.0,0,0,0,0,0,0,0,0,0,0,0,0,,0.0,0.0,0.0,0.0,0.0,0.0,0.0,0.0
9000010086,2026-08-01 22:00,0.0,0,0,0,0,0,0,0,0,0,0,0,0,,0.0,0.0,0.0,0.0,0.0,0.0,0.0,0.0
9000010086,2026-08-01 23:00,0.0,0,0,0,0,0,0,0,0,0,0,0,0,,0.0,0.0,0.0,0.0,0.0,0.0,0.0,0.0
9000010086,2026-08-02 00:00,0.0,0,0,0,0,0,0,0,0,0,0,0,0,,0.0,0.0,0.0,0.0,0.0,0.0,0.0,0.0
9000010279,2026-08-01 02:00,0.99972224,0,0,0,0,0,0,0,0,0,0,0,0,,0.0,0.0,0.0,0.0,0.0,0.0,0.0,0.0
9000010279,2026-08-01 03:00,0.99916667,0,0,0,0,0,0,0,0,0,0,0,0,,0.0,0.0,0.0,0.0,0.0,0.0,0.0,0.0
9000010279,2026-08-01 04:00,0.9994444,0,0,0,0,0,0,0,0,0,0,0,0,,0.0,0.0,0.0,0.0,0.0,0.0,0.0,0.0
9000010279,2026-08-01 05:00,0.98388886,0,0,0,6,5,11,26,38,64,15,40,55,54.5,26.98,6.35,1.59,17.46,20.63,19.05,6.35,1.59
9000010279,2026-08-01 06:00,0.99916667,0,2,2,3,6,9,85,55,140,49,47,96,51.0,32.86,9.29,6.43,17.86,16.43,12.14,3.57,1.43
9000010279,2026-08-01 07:00,0.9994444,0,2,2,0,7,7,70,59,129,55,52,107,54.5,12.4,3.88,13.95,22.48,24.03,11.63,9.3,2.33
9000010279,2026-08-01 08:00,0.99916667,1,0,1,3,9,12,79,92,171,54,54,108,54.5,4.09,0.58,6.43,32.16,31.58,18.13,4.09,2.92
9000010279,2026-08-01 09:00,0.9994444,4,4,8,20,3,23,270,187,457,70,31,101,49.0,3.72,1.53,15.97,33.26,32.82,10.5,1.97,0.22
9000010279,2026-08-01 10:00,0.9994444,3,7,10,19,9,28,329,248,577,78,61,139,47.5,1.73,2.6,20.45,37.61,28.6,7.63,1.39,0.0
9000010279,2026-08-01 11:00,0.99916667,3,3,6,21,13,34,359,302,661,116,56,172,48.5,1.21,2.42,14.22,41.0,29.35,10.29,0.76,0.76
9000010279,2026-08-01 12:00,0.9994444,9,5,14,14,13,27,302,333,635,104,69,173,50.5,2.2,2.36,15.91,33.7,30.24,13.54,1.73,0.31
9000010279,2026-08-01 13:00,0.9994444,3,5,8,16,5,21,341,319,660,124,101,225,51.5,1.52,2.42,15.45,30.61,32.12,13.79,2.58,1.52
9000010279,2026-08-01 14:00,0.9994444,5,7,12,6,16,22,328,369,697,120,69,189,49.5,1.15,1.29,12.05,37.88,34.0,10.9,2.15,0.57
9000010279,2026-08-01 15:00,0.9994444,4,5,9,21,34,55,308,337,645,52,42,94,50.0,0.93,0.93,13.64,34.57,34.88,13.02,1.4,0.62
9000010279,2026-08-01 16:00,0.9994444,7,12,19,23,36,59,287,274,561,22,35,57,47.5,0.0,3.03,14.26,38.86,35.29,5.7,2.14,0.71
9000010279,2026-08-01 17:00,0.99972224,10,5,15,38,41,79,251,252,503,21,16,37,51.0,0.99,0.2,8.95,36.78,36.38,14.31,1.99,0.4
9000010279,2026-08-01 18:00,0.9994444,9,11,20,36,37,73,232,229,461,23,20,43,49.0,5.21,1.52,9.33,36.44,35.36,9.54,2.17,0.43
9000010279,2026-08-01 19:00,0.9994444,18,8,26,26,23,49,202,208,410,20,34,54,49.0,1.22,1.46,12.93,33.17,39.27,9.51,1.95,0.49
9000010279,2026-08-01 20:00,0.99972224,4,4,8,10,16,26,141,175,316,18,49,67,54.5,2.85,0.32,14.24,30.7,27.53,15.82,5.06,3.48
9000010279,2026-08-01 21:00,0.9822222,1,0,1,0,2,2,22,23,45,3,8,11,47.5,8.89,0.0,15.56,37.78,28.89,6.67,0.0,2.22
9000010279,2026-08-01 22:00,0.98638886,0,0,0,0,0,0,0,0,0,0,0,0,,0.0,0.0,0.0,0.0,0.0,0.0,0.0,0.0
9000010279,2026-08-01 23:00,0.9508333,0,0,0,0,0,0,0,0,0,0,0,0,,0.0,0.0,0.0,0.0,0.0,0.0,0.0,0.0
9000010279,2026-08-02 00:00,0.98694444,0,0,0,0,0,0,0,0,0,0,0,0,,0.0,0.0,0.0,0.0,0.0,0.0,0.0,0.0
9000010333,2026-08-01 02:00,0.99916667,0,0,0,0,0,0,0,0,0,0,0,0,,0.0,0.0,0.0,0.0,0.0,0.0,0.0,0.0
9000010333,2026-08-01 03:00,0.9994444,0,0,0,0,0,0,0,0,0,0,0,0,,0.0,0.0,0.0,0.0,0.0,0.0,0.0,0.0
9000010333,2026-08-01 04:00,0.9994444,0,0,0,0,0,0,0,0,0,0,0,0,,0.0,0.0,0.0,0.0,0.0,0.0,0.0,0.0
9000010333,2026-08-01 05:00,0.89055556,0,0,0,0,2,2,1,6,7,0,0,0,47.5,0.0,0.0,33.33,16.67,50.0,0.0,0.0,0.0
9000010333,2026-08-01 06:00,0.8730556,0,2,2,1,3,4,7,22,29,2,2,4,41.0,4.0,12.0,44.0,24.0,12.0,4.0,0.0,0.0
9000010333,2026-08-01 07:00,0.9075,2,3,5,1,0,1,19,29,48,1,6,7,42.5,4.65,6.98,48.84,20.93,13.95,4.65,0.0,0.0
9000010333,2026-08-01 08:00,0.8066667,4,2,6,0,1,1,38,37,75,0,0,0,41.5,3.28,0.0,45.9,32.79,14.75,1.64,1.64,0.0
9000010333,2026-08-01 09:00,0.8325,6,6,12,8,7,15,47,70,117,2,1,3,38.5,0.0,4.08,53.06,30.61,10.2,1.02,1.02,0.0
9000010333,2026-08-01 10:00,0.94555557,7,5,12,3,5,8,71,73,144,3,2,5,40.5,1.47,2.21,46.32,33.82,12.5,2.94,0.74,0.0
9000010333,2026-08-01 11:00,0.90444446,2,6,8,2,2,4,92,81,173,2,8,10,40.0,6.41,10.26,39.74,28.85,11.54,3.21,0.0,0.0
9000010333,2026-08-01 12:00,0.8786111,1,6,7,0,1,1,67,60,127,6,1,7,38.5,4.46,7.14,46.43,28.57,11.61,0.89,0.89,0.0
9000010333,2026-08-01 13:00,0.8719444,3,5,8,3,6,9,83,83,166,5,1,6,38.5,6.94,7.64,36.81,37.5,10.42,0.69,0.0,0.0
9000010333,2026-08-01 14:00,0.83944446,7,5,12,4,2,6,62,49,111,1,2,3,41.5,5.43,7.61,35.87,33.7,13.04,4.35,0.0,0.0
9000010333,2026-08-01 15:00,0.86694443,5,10,15,8,6,14,73,52,125,3,1,4,41.5,2.8,2.8,43.93,31.78,15.89,2.8,0.0,0.0
9000010333,2026-08-01 16:00,0.8811111,10,20,30,6,12,18,70,60,130,0,1,1,39.5,0.0,1.74,45.22,39.13,10.43,3.48,0.0,0.0
9000010333,2026-08-01 17:00,0.91194445,21,24,45,13,8,21,75,61,136,4,0,4,42.5,0.81,3.23,41.94,33.06,17.74,2.42,0.81,0.0
9000010333,2026-08-01 18:00,0.94555557,17,19,36,8,7,15,70,47,117,1,1,2,40.5,0.0,0.0,43.64,40.91,10.91,3.64,0.91,0.0
9000010333,2026-08-01 19:00,0.9647222,8,17,25,6,3,9,53,46,99,2,4,6,43.0,3.16,2.11,36.84,35.79,17.89,3.16,0.0,1.05
9000010333,2026-08-01 20:00,0.7877778,15,11,26,6,1,7,51,27,78,3,0,3,43.5,3.33,6.67,30.0,40.0,11.67,8.33,0.0,0.0
9000010333,2026-08-01 21:00,0.9025,0,0,0,0,3,3,13,12,25,0,0,0,39.0,4.76,4.76,52.38,28.57,9.52,0.0,0.0,0.0
9000010333,2026-08-01 22:00,0.99972224,0,0,0,0,0,0,0,0,0,0,0,0,,0.0,0.0,0.0,0.0,0.0,0.0,0.0,0.0
9000010333,2026-08-01 23:00,1.0,0,0,0,0,0,0,0,0,0,0,0,0,,0.0,0.0,0.0,0.0,0.0,0.0,0.0,0.0
9000010333,2026-08-02 00:00,0.99916667,0,0,0,0,0,0,0,0,0,0,0,0,,0.0,0.0,0.0,0.0,0.0,0.0,0.0,0.0
9000010415,2026-08-01 02:00,0.0,0,0,0,0,0,0,0,0,0,0,0,0,,0.0,0.0,0.0,0.0,0.0,0.0,0.0,0.0
9000010415,2026-08-01 03:00,0.0,0,0,0,0,0,0,0,0,0,0,0,0,,0.0,0.0,0.0,0.0,0.0,0.0,0.0,0.0
9000010415,2026-08-01 04:00,0.0,0,0,0,0,0,0,0,0,0,0,0,0,,0.0,0.0,0.0,0.0,0.0,0.0,0.0,0.0
9000010415,2026-08-01 05:00,0.0,0,0,0,0,0,0,0,0,0,0,0,0,,0.0,0.0,0.0,0.0,0.0,0.0,0.0,0.0
9000010415,2026-08-01 06:00,0.0,0,0,0,0,0,0,0,0,0,0,0,0,,0.0,0.0,0.0,0.0,0.0,0.0,0.0,0.0
9000010415,2026-08-01 07:00,0.13027778,0,8,8,38,0,38,31,84,115,23,15,38,36.5,0.0,0.0,46.67,53.33,0.0,0.0,0.0,0.0
9000010415,2026-08-01 08:00,0.47527778,2,0,2,15,8,23,74,82,156,11,23,34,35.5,4.05,1.35,51.35,37.84,5.41,0.0,0.0,0.0
9000010415,2026-08-01 09:00,0.59944445,8,7,15,18,10,28,102,110,212,15,13,28,36.0,6.25,3.12,39.84,43.75,6.25,0.78,0.0,0.0
9000010415,2026-08-01 10:00,0.6077778,3,8,11,25,13,38,146,92,238,43,8,51,35.5,2.05,4.11,51.37,38.36,4.11,0.0,0.0,0.0
9000010415,2026-08-01 11:00,0.72833335,5,0,5,43,19,62,169,102,271,15,21,36,34.5,5.58,5.58,55.84,29.44,3.05,0.51,0.0,0.0
9000010415,2026-08-01 12:00,0.5986111,10,7,17,37,10,47,164,107,271,20,23,43,34.5,7.41,11.11,38.27,38.27,4.94,0.0,0.0,0.0
9000010415,2026-08-01 13:00,0.71166664,1,0,1,51,15,66,219,141,360,25,8,33,34.0,7.42,9.38,52.34,27.73,2.73,0.39,0.0,0.0
9000010415,2026-08-01 14:00,0.6613889,3,9,12,32,29,61,231,177,408,20,30,50,34.5,7.06,9.29,44.61,33.83,4.09,0.74,0.37,0.0
9000010415,2026-08-01 15:00,0.73,5,16,21,40,8,48,201,171,372,29,18,47,37.0,4.76,7.33,38.46,43.22,5.86,0.0,0.37,0.0
9000010415,2026-08-01 16:00,0.68666667,10,9,19,44,19,63,220,230,450,28,15,43,36.0,4.85,6.15,50.16,33.66,4.85,0.0,0.32,0.0
9000010415,2026-08-01 17:00,0.67777777,7,7,14,44,30,74,158,220,378,30,32,62,35.0,7.39,10.12,47.08,30.35,4.67,0.39,0.0,0.0
9000010415,2026-08-01 18:00,0.70861113,6,1,7,30,38,68,198,217,415,30,30,60,36.0,7.48,12.24,45.24,27.21,6.8,1.02,0.0,0.0
9000010415,2026-08-01 19:00,0.7380555,3,4,7,34,30,64,164,196,360,42,27,69,34.5,4.91,8.3,58.11,24.91,2.64,0.75,0.0,0.38
9000010415,2026-08-01 20:00,0.55777776,0,2,2,41,41,82,195,203,398,25,27,52,35.0,1.36,7.69,54.3,31.67,3.62,0.9,0.0,0.45
9000010415,2026-08-01 21:00,0.0,0,0,0,0,0,0,0,0,0,0,0,0,,0.0,0.0,0.0,0.0,0.0,0.0,0.0,0.0
9000010415,2026-08-01 22:00,0.0,0,0,0,0,0,0,0,0,0,0,0,0,,0.0,0.0,0.0,0.0,0.0,0.0,0.0,0.0
9000010415,2026-08-01 23:00,0.0,0,0,0,0,0,0,0,0,0,0,0,0,,0.0,0.0,0.0,0.0,0.0,0.0,0.0,0.0
9000010415,2026-08-02 00:00,0.0,0,0,0,0,0,0,0,0,0,0,0,0,,0.0,0.0,0.0,0.0,0.0,0.0,0.0,0.0
9000010447,2026-08-01 02:00,0.0,0,0,0,0,0,0,0,0,0,0,0,0,,0.0,0.0,0.0,0.0,0.0,0.0,0.0,0.0
9000010447,2026-08-01 03:00,0.0,0,0,0,0,0,0,0,0,0,0,0,0,,0.0,0.0,0.0,0.0,0.0,0.0,0.0,0.0
9000010447,2026-08-01 04:00,0.0,0,0,0,0,0,0,0,0,0,0,0,0,,0.0,0.0,0.0,0.0,0.0,0.0,0.0,0.0
9000010447,2026-08-01 05:00,0.0,0,0,0,0,0,0,0,0,0,0,0,0,,0.0,0.0,0.0,0.0,0.0,0.0,0.0,0.0
9000010447,2026-08-01 06:00,0.41416666,5,0,5,22,2,24,121,65,186,27,29,56,34.0,8.97,7.69,57.69,20.51,3.85,0.0,1.28,0.0
9000010447,2026-08-01 07:00,0.5238889,0,0,0,4,11,15,105,101,206,57,25,82,34.0,0.93,5.56,58.33,35.19,0.0,0.0,0.0,0.0
9000010447,2026-08-01 08:00,0.79555553,1,0,1,4,5,9,185,119,304,55,31,86,33.0,2.48,8.26,63.22,23.14,2.07,0.0,0.41,0.41
9000010447,2026-08-01 09:00,0.7702778,0,1,1,5,14,19,226,179,405,35,40,75,34.0,1.92,10.9,51.28,31.73,2.88,0.96,0.0,0.32
9000010447,2026-08-01 10:00,0.7725,3,3,6,14,13,27,353,225,578,62,40,102,32.5,10.31,20.18,48.43,17.71,2.02,0.67,0.45,0.22
9000010447,2026-08-01 11:00,0.76361114,3,3,6,10,8,18,304,225,529,85,39,124,31.0,8.64,25.19,49.14,14.81,1.48,0.25,0.49,0.0
9000010447,2026-08-01 12:00,0.7252778,0,1,1,10,19,29,343,261,604,54,45,99,30.5,11.85,26.88,45.79,12.76,0.91,0.46,0.0,1.37
9000010447,2026-08-01 13:00,0.7638889,3,1,4,21,24,45,446,295,741,54,43,97,30.5,8.64,24.87,50.09,13.93,1.76,0.18,0.18,0.35
9000010447,2026-08-01 14:00,0.74222225,0,7,7,16,38,54,267,286,553,79,35,114,33.5,11.44,22.87,38.93,23.84,1.95,0.24,0.24,0.49
9000010447,2026-08-01 15:00,0.74277776,1,8,9,13,32,45,240,226,466,58,42,100,32.0,16.76,19.65,43.06,17.63,1.16,0.58,0.0,1.16
9000010447,2026-08-01 16:00,0.7102778,6,6,12,28,45,73,341,260,601,45,56,101,30.0,17.33,24.36,44.5,11.01,0.94,0.47,0.0,1.41
9000010447,2026-08-01 17:00,0.67388886,1,3,4,21,42,63,221,288,509,36,33,69,33.0,16.37,16.67,43.86,20.18,1.46,0.88,0.29,0.29
9000010447,2026-08-01 18:00,0.72583336,4,4,8,6,45,51,300,303,603,43,39,82,32.0,19.63,21.69,38.81,16.21,1.6,0.68,0.23,1.14
9000010447,2026-08-01 19:00,0.75777775,5,7,12,25,54,79,311,352,663,41,49,90,31.5,9.74,19.68,52.09,14.91,1.39,0.8,0.2,1.19
9000010447,2026-08-01 20:00,0.70111114,4,16,20,20,61,81,369,301,670,19,31,50,32.0,1.71,22.17,57.14,14.93,1.49,0.85,0.64,1.07
9000010447,2026-08-01 21:00,0.033333335,0,0,0,30,0,30,90,360,450,0,30,30,29.5,0.0,6.67,80.0,13.33,0.0,0.0,0.0,0.0
9000010447,2026-08-01 22:00,0.0,0,0,0,0,0,0,0,0,0,0,0,0,,0.0,0.0,0.0,0.0,0.0,0.0,0.0,0.0
9000010447,2026-08-01 23:00,0.0,0,0,0,0,0,0,0,0,0,0,0,0,,0.0,0.0,0.0,0.0,0.0,0.0,0.0,0.0
9000010447,2026-08-02 00:00,0.0,0,0,0,0,0,0,0,0,0,0,0,0,,0.0,0.0,0.0,0.0,0.0,0.0,0.0,0.0
9000010455,2026-08-01 02:00,1.0,0,0,0,0,0,0,0,0,0,0,0,0,,0.0,0.0,0.0,0.0,0.0,0.0,0.0,0.0
9000010455,2026-08-01 03:00,0.99972224,0,0,0,0,0,0,0,0,0,0,0,0,,0.0,0.0,0.0,0.0,0.0,0.0,0.0,0.0
9000010455,2026-08-01 04:00,1.0,0,0,0,0,0,0,0,0,0,0,0,0,,0.0,0.0,0.0,0.0,0.0,0.0,0.0,0.0
9000010455,2026-08-01 05:00,0.99916667,4,9,13,6,8,14,15,27,42,0,2,2,62.0,2.38,2.38,4.76,7.14,38.1,26.19,19.05,0.0
9000010455,2026-08-01 06:00,0.99972224,12,16,28,5,4,9,37,31,68,6,1,7,52.5,4.41,4.41,14.71,16.18,39.71,14.71,5.88,0.0
9000010455,2026-08-01 07:00,0.99916667,36,28,64,17,11,28,94,81,175,13,3,16,46.5,6.29,4.0,14.86,42.86,25.14,5.71,1.14,0.0
9000010455,2026-08-01 08:00,0.99916667,41,66,107,10,11,21,145,151,296,8,8,16,44.0,1.01,1.69,16.89,51.35,22.97,4.39,1.35,0.34
9000010455,2026-08-01 09:00,0.99972224,63,59,122,9,12,21,225,220,445,22,14,36,43.5,1.35,2.25,18.2,53.03,21.57,3.15,0.45,0.0
9000010455,2026-08-01 10:00,0.9994444,63,54,117,5,12,17,280,254,534,27,17,44,43.5,1.69,6.37,18.16,47.38,22.28,3.18,0.75,0.19
9000010455,2026-08-01 11:00,0.9994444,79,65,144,16,8,24,310,284,594,24,14,38,43.5,3.37,5.39,17.17,49.83,21.55,2.69,0.0,0.0
9000010455,2026-08-01 12:00,0.9994444,73,98,171,14,18,32,326,298,624,19,12,31,40.5,4.33,5.93,24.84,49.2,14.26,1.28,0.0,0.16
9000010455,2026-08-01 13:00,0.9994444,86,92,178,25,10,35,312,270,582,18,15,33,43.5,4.81,5.15,15.46,47.77,22.34,3.78,0.69,0.0
9000010455,2026-08-01 14:00,0.99972224,94,83,177,26,23,49,255,256,511,15,17,32,43.5,1.96,4.31,17.81,50.49,20.74,4.31,0.39,0.0
9000010455,2026-08-01 15:00,0.99972224,132,119,251,37,44,81,256,287,543,16,14,30,40.5,4.05,5.52,17.13,57.64,14.36,1.1,0.18,0.0
9000010455,2026-08-01 16:00,0.9994444,104,86,190,36,29,65,241,276,517,15,6,21,41.5,4.06,6.38,20.31,50.87,16.44,1.55,0.19,0.19
9000010455,2026-08-01 17:00,0.99972224,119,119,238,44,49,93,240,232,472,8,11,19,40.0,3.81,4.24,23.73,53.6,13.56,1.06,0.0,0.0
9000010455,2026-08-01 18:00,0.99972224,70,98,168,22,47,69,217,199,416,9,5,14,48.0,2.4,2.64,16.35,37.74,30.05,9.62,1.2,0.0
9000010455,2026-08-01 19:00,0.99972224,110,89,199,25,39,64,182,189,371,3,5,8,48.5,6.47,3.5,11.59,34.23,33.42,8.89,1.62,0.27
9000010455,2026-08-01 20:00,0.9994444,81,92,173,36,32,68,139,142,281,3,1,4,49.0,2.49,1.78,14.59,32.74,36.65,10.32,1.07,0.36
9000010455,2026-08-01 21:00,0.99916667,28,11,39,9,1,10,45,34,79,0,0,0,50.5,2.53,7.59,17.72,31.65,24.05,15.19,0.0,1.27
9000010455,2026-08-01 22:00,0.9994444,0,0,0,0,0,0,0,0,0,0,0,0,,0.0,0.0,0.0,0.0,0.0,0.0,0.0,0.0
9000010455,2026-08-01 23:00,0.99916667,0,0,0,0,0,0,0,0,0,0,0,0,,0.0,0.0,0.0,0.0,0.0,0.0,0.0,0.0
9000010455,2026-08-02 00:00,0.9994444,0,0,0,0,0,0,0,0,0,0,0,0,,0.0,0.0,0.0,0.0,0.0,0.0,0.0,0.0
9000010471,2026-08-01 02:00,0.9986111,0,0,0,0,0,0,0,0,0,0,0,0,,0.0,0.0,0.0,0.0,0.0,0.0,0.0,0.0
9000010471,2026-08-01 03:00,0.9608333,0,0,0,0,0,0,0,0,0,0,0,0,,0.0,0.0,0.0,0.0,0.0,0.0,0.0,0.0
9000010471,2026-08-01 04:00,0.9822222,0,0,0,0,0,0,0,0,0,0,0,0,,0.0,0.0,0.0,0.0,0.0,0.0,0.0,0.0
9000010471,2026-08-01 05:00,0.9841667,0,0,0,2,0,2,2,0,2,0,3,3,18.5,0.0,100.0,0.0,0.0,0.0,0.0,0.0,0.0
9000010471,2026-08-01 06:00,0.9841667,0,0,0,0,1,1,5,6,11,0,1,1,18.5,63.64,27.27,9.09,0.0,0.0,0.0,0.0,0.0
9000010471,2026-08-01 07:00,0.99916667,0,1,1,0,2,2,7,4,11,0,0,0,26.5,72.73,0.0,18.18,9.09,0.0,0.0,0.0,0.0
9000010471,2026-08-01 08:00,0.9994444,0,0,0,3,2,5,11,12,23,0,0,0,38.0,43.48,0.0,26.09,17.39,13.04,0.0,0.0,0.0
9000010471,2026-08-01 09:00,0.99972224,4,3,7,4,11,15,23,39,62,1,8,9,34.5,33.87,16.13,27.42,16.13,6.45,0.0,0.0,0.0
9000010471,2026-08-01 10:00,0.9994444,2,6,8,5,17,22,32,27,59,2,5,7,31.5,38.98,16.95,27.12,15.25,1.69,0.0,0.0,0.0
9000010471,2026-08-01 11:00,0.99916667,1,3,4,5,15,20,35,36,71,1,2,3,35.5,40.85,15.49,16.9,23.94,1.41,1.41,0.0,0.0
9000010471,2026-08-01 12:00,0.9994444,6,4,10,20,20,40,34,64,98,1,7,8,33.5,35.71,11.22,28.57,19.39,5.1,0.0,0.0,0.0
9000010471,2026-08-01 13:00,0.9994444,3,3,6,9,9,18,41,51,92,0,6,6,36.5,32.61,8.7,22.83,30.43,4.35,1.09,0.0,0.0
9000010471,2026-08-01 14:00,0.99972224,2,6,8,11,17,28,36,57,93,0,2,2,38.0,32.26,7.53,20.43,29.03,8.6,2.15,0.0,0.0
9000010471,2026-08-01 15:00,0.9994444,7,4,11,15,24,39,52,47,99,1,1,2,37.0,28.28,11.11,24.24,24.24,12.12,0.0,0.0,0.0
9000010471,2026-08-01 16:00,0.99916667,3,6,9,7,20,27,45,52,97,0,5,5,43.0,26.8,9.28,23.71,19.59,16.49,2.06,1.03,1.03
9000010471,2026-08-01 17:00,0.9994444,5,8,13,18,21,39,41,37,78,0,2,2,38.0,28.21,11.54,25.64,24.36,10.26,0.0,0.0,0.0
9000010471,2026-08-01 18:00,0.99916667,4,4,8,10,22,32,38,54,92,0,0,0,40.0,19.57,10.87,31.52,22.83,11.96,2.17,0.0,1.09
9000010471,2026-08-01 19:00,0.99916667,5,2,7,12,10,22,31,17,48,3,1,4,42.0,45.83,12.5,16.67,8.33,10.42,4.17,0.0,2.08
9000010471,2026-08-01 20:00,0.99833333,0,5,5,12,3,15,23,7,30,0,0,0,31.0,56.67,13.33,13.33,13.33,3.33,0.0,0.0,0.0
9000010471,2026-08-01 21:00,0.9672222,0,0,0,1,0,1,3,1,4,0,0,0,52.0,25.0,0.0,25.0,0.0,25.0,25.0,0.0,0.0
9000010471,2026-08-01 22:00,0.99027777,0,0,0,0,0,0,0,0,0,0,0,0,,0.0,0.0,0.0,0.0,0.0,0.0,0.0,0.0
9000010471,2026-08-01 23:00,0.9994444,0,0,0,0,0,0,0,0,0,0,0,0,,0.0,0.0,0.0,0.0,0.0,0.0,0.0,0.0
9000010471,2026-08-02 00:00,0.96194446,0,0,0,0,0,0,0,0,0,0,0,0,,0.0,0.0,0.0,0.0,0.0,0.0,0.0,0.0
9000010481,2026-08-01 02:00,0.0,0,0,0,0,0,0,0,0,0,0,0,0,,0.0,0.0,0.0,0.0,0.0,0.0,0.0,0.0
9000010481,2026-08-01 03:00,0.0,0,0,0,0,0,0,0,0,0,0,0,0,,0.0,0.0,0.0,0.0,0.0,0.0,0.0,0.0
9000010481,2026-08-01 04:00,0.0,0,0,0,0,0,0,0,0,0,0,0,0,,0.0,0.0,0.0,0.0,0.0,0.0,0.0,0.0
9000010481,2026-08-01 05:00,0.0,0,0,0,0,0,0,0,0,0,0,0,0,,0.0,0.0,0.0,0.0,0.0,0.0,0.0,0.0
9000010481,2026-08-01 06:00,0.08861111,0,0,0,0,11,11,0,11,11,0,0,0,29.0,0.0,0.0,100.0,0.0,0.0,0.0,0.0,0.0
9000010481,2026-08-01 07:00,0.51,0,0,0,2,0,2,10,0,10,0,0,0,29.5,16.67,16.67,50.0,16.67,0.0,0.0,0.0,0.0
9000010481,2026-08-01 08:00,0.8005555,0,0,0,4,1,5,15,1,16,0,0,0,29.0,0.0,15.38,76.92,7.69,0.0,0.0,0.0,0.0
9000010481,2026-08-01 09:00,0.79555553,0,0,0,5,10,15,26,3,29,3,0,3,32.5,0.0,26.09,52.17,13.04,4.35,0.0,0.0,4.35
9000010481,2026-08-01 10:00,0.7875,0,3,3,6,10,16,42,3,45,4,0,4,31.0,2.86,14.29,65.71,14.29,0.0,2.86,0.0,0.0
9000010481,2026-08-01 11:00,0.7866667,0,0,0,8,13,21,38,1,39,3,0,3,30.5,0.0,22.58,61.29,16.13,0.0,0.0,0.0,0.0
9000010481,2026-08-01 12:00,0.79055554,0,0,0,6,23,29,40,6,46,5,0,5,38.5,0.0,18.92,51.35,16.22,2.7,5.41,2.7,2.7
9000010481,2026-08-01 13:00,0.7941667,0,0,0,5,9,14,55,1,56,4,0,4,29.0,2.22,42.22,44.44,6.67,2.22,0.0,0.0,2.22
9000010481,2026-08-01 14:00,0.78833336,5,1,6,9,28,37,47,4,51,5,0,5,33.5,2.5,22.5,50.0,15.0,7.5,2.5,0.0,0.0
9000010481,2026-08-01 15:00,0.7816667,3,0,3,15,29,44,49,6,55,1,0,1,44.0,2.33,25.58,37.21,13.95,9.3,9.3,0.0,2.33
9000010481,2026-08-01 16:00,0.7652778,0,0,0,21,22,43,55,4,59,1,0,1,44.0,6.67,8.89,42.22,22.22,8.89,4.44,2.22,4.44
9000010481,2026-08-01 17:00,0.7213889,3,0,3,21,26,47,19,8,27,1,0,1,42.5,10.0,15.0,45.0,10.0,15.0,0.0,0.0,5.0
9000010481,2026-08-01 18:00,0.71694446,1,1,2,32,22,54,46,14,60,4,0,4,35.0,6.82,43.18,29.55,9.09,11.36,0.0,0.0,0.0
9000010481,2026-08-01 19:00,0.80222225,0,0,0,16,26,42,54,17,71,2,0,2,47.5,5.26,14.04,40.35,12.28,21.05,5.26,0.0,1.75
9000010481,2026-08-01 20:00,0.75555557,0,1,1,11,24,35,64,19,83,0,0,0,43.5,4.84,27.42,35.48,9.68,16.13,4.84,0.0,1.61
9000010481,2026-08-01 21:00,0.0,0,0,0,0,0,0,0,0,0,0,0,0,,0.0,0.0,0.0,0.0,0.0,0.0,0.0,0.0
9000010481,2026-08-01 22:00,0.0,0,0,0,0,0,0,0,0,0,0,0,0,,0.0,0.0,0.0,0.0,0.0,0.0,0.0,0.0
9000010481,2026-08-01 23:00,0.0,0,0,0,0,0,0,0,0,0,0,0,0,,0.0,0.0,0.0,0.0,0.0,0.0,0.0,0.0
9000010481,2026-08-02 00:00,0.0,0,0,0,0,0,0,0,0,0,0,0,0,,0.0,0.0,0.0,0.0,0.0,0.0,0.0,0.0
9000010671,2026-08-01 02:00,0.99916667,0,0,0,0,0,0,0,0,0,0,0,0,,0.0,0.0,0.0,0.0,0.0,0.0,0.0,0.0
9000010671,2026-08-01 03:00,0.9994444,0,0,0,0,0,0,0,0,0,0,0,0,,0.0,0.0,0.0,0.0,0.0,0.0,0.0,0.0
9000010671,2026-08-01 04:00,0.99916667,0,0,0,0,0,0,0,0,0,0,0,0,,0.0,0.0,0.0,0.0,0.0,0.0,0.0,0.0
9000010671,2026-08-01 05:00,0.99916667,0,0,0,0,0,0,0,0,0,0,0,0,,0.0,0.0,0.0,0.0,0.0,0.0,0.0,0.0
9000010671,2026-08-01 06:00,0.9994444,0,0,0,3,12,15,19,22,41,1,1,2,27.5,7.32,60.98,21.95,9.76,0.0,0.0,0.0,0.0
9000010671,2026-08-01 07:00,0.9994444,4,2,6,23,34,57,31,44,75,3,2,5,24.0,4.0,60.0,29.33,2.67,4.0,0.0,0.0,0.0
9000010671,2026-08-01 08:00,0.9994444,2,1,3,22,13,35,44,56,100,2,2,4,25.0,7.0,59.0,26.0,7.0,1.0,0.0,0.0,0.0
9000010671,2026-08-01 09:00,0.9994444,14,16,30,29,27,56,57,74,131,2,7,9,25.5,14.5,51.15,28.24,5.34,0.76,0.0,0.0,0.0
9000010671,2026-08-01 10:00,0.9994444,12,26,38,40,37,77,72,80,152,11,9,20,24.5,9.87,57.24,25.66,7.24,0.0,0.0,0.0,0.0
9000010671,2026-08-01 11:00,0.9994444,27,14,41,47,26,73,102,107,209,4,11,15,24.0,14.83,58.37,22.01,4.31,0.48,0.0,0.0,0.0
9000010671,2026-08-01 12:00,0.99916667,17,33,50,71,34,105,105,118,223,7,10,17,26.0,13.45,51.57,29.15,4.93,0.9,0.0,0.0,0.0
9000010671,2026-08-01 13:00,0.9994444,21,26,47,86,40,126,123,119,242,3,9,12,24.0,19.01,54.13,21.07,4.96,0.83,0.0,0.0,0.0
9000010671,2026-08-01 14:00,0.99972224,37,24,61,79,42,121,134,111,245,3,4,7,23.5,21.22,56.73,19.18,2.04,0.82,0.0,0.0,0.0
9000010671,2026-08-01 15:00,0.9994444,25,35,60,72,63,135,112,106,218,4,5,9,23.5,19.72,56.42,18.35,4.59,0.92,0.0,0.0,0.0
9000010671,2026-08-01 16:00,0.99972224,29,71,100,99,93,192,145,86,231,10,7,17,21.0,21.65,61.04,16.88,0.0,0.43,0.0,0.0,0.0
9000010671,2026-08-01 17:00,0.99916667,36,53,89,78,57,135,132,105,237,7,4,11,21.0,20.68,62.87,13.5,2.53,0.42,0.0,0.0,0.0
9000010671,2026-08-01 18:00,0.9994444,36,51,87,102,53,155,98,113,211,10,3,13,22.0,17.54,62.09,17.54,2.84,0.0,0.0,0.0,0.0
9000010671,2026-08-01 19:00,0.99972224,53,37,90,102,60,162,109,84,193,4,3,7,23.0,14.51,60.62,21.76,3.11,0.0,0.0,0.0,0.0
9000010671,2026-08-01 20:00,0.99916667,36,29,65,108,36,144,90,86,176,8,2,10,22.5,15.91,60.8,20.45,2.27,0.57,0.0,0.0,0.0
9000010671,2026-08-01 21:00,0.9994444,0,0,0,0,0,0,0,0,0,0,0,0,,0.0,0.0,0.0,0.0,0.0,0.0,0.0,0.0
9000010671,2026-08-01 22:00,0.9994444,0,0,0,0,0,0,0,0,0,0,0,0,,0.0,0.0,0.0,0.0,0.0,0.0,0.0,0.0
9000010671,2026-08-01 23:00,0.98305553,0,0,0,1,0,1,0,0,0,0,0,0,,0.0,0.0,0.0,0.0,0.0,0.0,0.0,0.0
9000010671,2026-08-02 00:00,0.99972224,0,0,0,0,0,0,0,0,0,0,0,0,,0.0,0.0,0.0,0.0,0.0,0.0,0.0,0.0
9000010774,2026-08-01 02:00,0.99027777,0,0,0,0,0,0,0,0,0,0,0,0,,0.0,0.0,0.0,0.0,0.0,0.0,0.0,0.0
9000010774,2026-08-01 03:00,0.9955556,0,0,0,0,0,0,0,0,0,0,0,0,,0.0,0.0,0.0,0.0,0.0,0.0,0.0,0.0
9000010774,2026-08-01 04:00,0.99916667,0,0,0,0,0,0,0,0,0,0,0,0,,0.0,0.0,0.0,0.0,0.0,0.0,0.0,0.0
9000010774,2026-08-01 05:00,0.99444443,0,0,0,0,0,0,0,0,0,0,0,0,,0.0,0.0,0.0,0.0,0.0,0.0,0.0,0.0
9000010774,2026-08-01 06:00,0.99916667,0,0,0,0,0,0,5,1,6,3,0,3,75.5,83.33,0.0,0.0,0.0,0.0,0.0,0.0,16.67
9000010774,2026-08-01 07:00,0.9994444,0,0,0,0,0,0,7,0,7,0,1,1,15.0,71.43,14.29,14.29,0.0,0.0,0.0,0.0,0.0
9000010774,2026-08-01 08:00,0.9994444,1,3,4,0,0,0,18,0,18,0,0,0,49.0,38.89,0.0,16.67,16.67,16.67,11.11,0.0,0.0
9000010774,2026-08-01 09:00,0.9994444,12,8,20,1,0,1,24,18,42,4,0,4,28.5,73.81,9.52,2.38,0.0,11.9,2.38,0.0,0.0
9000010774,2026-08-01 10:00,0.9994444,12,10,22,1,0,1,25,3,28,0,1,1,39.5,57.14,14.29,7.14,7.14,10.71,3.57,0.0,0.0
9000010774,2026-08-01 11:00,0.99972224,8,6,14,1,1,2,16,9,25,1,2,3,43.5,44.0,4.0,4.0,24.0,16.0,8.0,0.0,0.0
9000010774,2026-08-01 12:00,0.9866667,11,14,25,4,0,4,38,2,40,1,1,2,39.5,41.03,5.13,12.82,28.21,10.26,0.0,2.56,0.0
9000010774,2026-08-01 13:00,0.9994444,15,11,26,1,0,1,50,6,56,0,0,0,46.5,12.5,7.14,14.29,28.57,33.93,3.57,0.0,0.0
9000010774,2026-08-01 14:00,0.99972224,7,13,20,2,1,3,66,4,70,5,0,5,50.0,5.71,2.86,11.43,34.29,31.43,10.0,1.43,2.86
9000010774,2026-08-01 15:00,0.9994444,18,12,30,11,4,15,70,8,78,5,0,5,18.5,69.23,17.95,7.69,3.85,0.0,1.28,0.0,0.0
9000010774,2026-08-01 16:00,0.9994444,19,24,43,6,1,7,56,5,61,8,6,14,19.0,77.05,8.2,4.92,6.56,3.28,0.0,0.0,0.0
9000010774,2026-08-01 17:00,0.9994444,20,18,38,9,5,14,62,5,67,7,4,11,28.0,67.16,14.93,4.48,8.96,4.48,0.0,0.0,0.0
9000010774,2026-08-01 18:00,0.99972224,15,31,46,3,3,6,31,5,36,4,1,5,36.5,61.11,5.56,13.89,8.33,5.56,0.0,0.0,5.56
9000010774,2026-08-01 19:00,0.9994444,21,17,38,5,3,8,43,4,47,1,2,3,24.0,61.7,14.89,12.77,4.26,6.38,0.0,0.0,0.0
9000010774,2026-08-01 20:00,0.99972224,14,10,24,2,0,2,43,7,50,4,4,8,18.5,78.0,8.0,8.0,4.0,0.0,2.0,0.0,0.0
9000010774,2026-08-01 21:00,1.0,0,0,0,0,0,0,0,0,0,0,0,0,,0.0,0.0,0.0,0.0,0.0,0.0,0.0,0.0
9000010774,2026-08-01 22:00,0.9722222,0,0,0,0,0,0,0,0,0,0,0,0,,0.0,0.0,0.0,0.0,0.0,0.0,0.0,0.0
9000010774,2026-08-01 23:00,0.99916667,0,0,0,0,0,0,0,0,0,0,0,0,,0.0,0.0,0.0,0.0,0.0,0.0,0.0,0.0
9000010774,2026-08-02 00:00,0.98694444,0,0,0,0,0,0,0,0,0,0,0,0,,0.0,0.0,0.0,0.0,0.0,0.0,0.0,0.0
9000010871,2026-08-01 02:00,0.9994444,0,0,0,0,0,0,0,0,0,0,0,0,,0.0,0.0,0.0,0.0,0.0,0.0,0.0,0.0
9000010871,2026-08-01 03:00,0.99916667,0,0,0,0,0,0,0,0,0,0,0,0,,0.0,0.0,0.0,0.0,0.0,0.0,0.0,0.0
9000010871,2026-08-01 04:00,0.9994444,0,0,0,0,0,0,0,0,0,0,0,0,,0.0,0.0,0.0,0.0,0.0,0.0,0.0,0.0
9000010871,2026-08-01 05:00,0.99916667,0,0,0,0,0,0,0,0,0,0,0,0,,0.0,0.0,0.0,0.0,0.0,0.0,0.0,0.0
9000010871,2026-08-01 06:00,0.99972224,0,0,0,0,0,0,0,2,2,0,0,0,23.5,0.0,50.0,50.0,0.0,0.0,0.0,0.0,0.0
9000010871,2026-08-01 07:00,0.9994444,0,0,0,0,0,0,2,5,7,0,0,0,33.0,14.29,0.0,42.86,42.86,0.0,0.0,0.0,0.0
9000010871,2026-08-01 08:00,0.99916667,0,0,0,0,0,0,2,4,6,1,1,2,45.5,16.67,16.67,50.0,0.0,16.67,0.0,0.0,0.0
9000010871,2026-08-01 09:00,0.99972224,1,1,2,1,6,7,5,4,9,1,1,2,33.0,0.0,44.44,33.33,22.22,0.0,0.0,0.0,0.0
9000010871,2026-08-01 10:00,0.99972224,0,0,0,0,2,2,4,10,14,5,4,9,34.5,7.14,21.43,50.0,7.14,7.14,0.0,7.14,0.0
9000010871,2026-08-01 11:00,0.9994444,0,0,0,0,6,6,5,8,13,2,3,5,30.0,7.69,53.85,23.08,15.38,0.0,0.0,0.0,0.0
9000010871,2026-08-01 12:00,0.99972224,0,0,0,0,2,2,11,8,19,9,4,13,31.0,31.58,26.32,26.32,10.53,5.26,0.0,0.0,0.0
9000010871,2026-08-01 13:00,0.99916667,0,0,0,1,3,4,11,15,26,5,10,15,25.0,34.62,26.92,38.46,0.0,0.0,0.0,0.0,0.0
9000010871,2026-08-01 14:00,0.99972224,2,1,3,0,2,2,10,16,26,12,6,18,35.0,7.69,46.15,19.23,19.23,7.69,0.0,0.0,0.0
9000010871,2026-08-01 15:00,0.99972224,0,1,1,1,9,10,9,11,20,6,5,11,28.5,15.0,25.0,50.0,10.0,0.0,0.0,0.0,0.0
9000010871,2026-08-01 16:00,0.9994444,0,0,0,0,13,13,11,22,33,10,3,13,28.5,21.21,36.36,30.3,3.03,9.09,0.0,0.0,0.0
9000010871,2026-08-01 17:00,0.9994444,0,1,1,2,8,10,6,12,18,5,2,7,31.5,16.67,22.22,38.89,22.22,0.0,0.0,0.0,0.0
9000010871,2026-08-01 18:00,0.9994444,1,2,3,0,18,18,9,11,20,11,3,14,27.5,30.0,25.0,35.0,10.0,0.0,0.0,0.0,0.0
9000010871,2026-08-01 19:00,0.9994444,2,1,3,0,11,11,7,15,22,3,7,10,36.5,9.09,40.91,22.73,18.18,4.55,0.0,0.0,4.55
9000010871,2026-08-01 20:00,0.99972224,0,1,1,4,7,11,7,16,23,1,9,10,29.5,34.78,21.74,30.43,8.7,0.0,4.35,0.0,0.0
9000010871,2026-08-01 21:00,0.9994444,0,0,0,0,0,0,0,0,0,0,0,0,,0.0,0.0,0.0,0.0,0.0,0.0,0.0,0.0
9000010871,2026-08-01 22:00,0.9994444,0,0,0,0,0,0,0,0,0,0,0,0,,0.0,0.0,0.0,0.0,0.0,0.0,0.0,0.0
9000010871,2026-08-01 23:00,0.99916667,0,0,0,0,0,0,0,0,0,0,0,0,,0.0,0.0,0.0,0.0,0.0,0.0,0.0,0.0
9000010871,2026-08-02 00:00,0.99916667,0,0,0,0,0,0,0,0,0,0,0,0,,0.0,0.0,0.0,0.0,0.0,0.0,0.0,0.0
9000011181,2026-08-01 02:00,0.99916667,0,0,0,0,0,0,0,0,0,0,0,0,,0.0,0.0,0.0,0.0,0.0,0.0,0.0,0.0
9000011181,2026-08-01 03:00,0.9994444,0,0,0,0,0,0,0,0,0,0,0,0,,0.0,0.0,0.0,0.0,0.0,0.0,0.0,0.0
9000011181,2026-08-01 04:00,0.9994444,0,0,0,0,0,0,0,0,0,0,0,0,,0.0,0.0,0.0,0.0,0.0,0.0,0.0,0.0
9000011181,2026-08-01 05:00,0.9994444,1,1,2,3,0,3,31,0,31,2,0,2,44.0,3.23,3.23,25.81,41.94,19.35,3.23,3.23,0.0
9000011181,2026-08-01 06:00,0.9994444,0,0,0,4,0,4,41,0,41,5,0,5,48.0,0.0,4.88,26.83,36.59,21.95,7.32,0.0,2.44
9000011181,2026-08-01 07:00,0.9994444,0,0,0,1,0,1,98,0,98,14,0,14,43.0,1.02,4.08,20.41,51.02,18.37,4.08,1.02,0.0
9000011181,2026-08-01 08:00,0.9994444,1,4,5,5,1,6,149,0,149,37,0,37,45.5,0.0,2.01,13.42,48.99,26.85,6.04,2.01,0.67
9000011181,2026-08-01 09:00,0.99972224,1,2,3,5,0,5,237,0,237,42,0,42,49.5,0.42,0.42,9.28,43.46,32.07,11.39,2.11,0.84
9000011181,2026-08-01 10:00,0.9988889,1,1,2,6,0,6,367,0,367,40,0,40,48.0,0.54,2.18,18.26,43.6,24.8,8.72,1.36,0.54
9000011181,2026-08-01 11:00,0.99972224,6,5,11,9,2,11,331,0,331,55,0,55,47.5,0.3,1.51,20.85,39.58,29.31,6.04,1.81,0.6
9000011181,2026-08-01 12:00,0.99916667,5,4,9,11,1,12,355,0,355,45,0,45,46.0,0.28,1.41,18.03,45.35,26.48,6.76,1.69,0.0
9000011181,2026-08-01 13:00,0.99916667,6,6,12,10,1,11,357,0,357,49,0,49,47.5,0.28,2.52,20.17,42.58,24.93,7.28,2.24,0.0
9000011181,2026-08-01 14:00,0.9994444,11,4,15,14,0,14,353,0,353,41,0,41,46.5,0.57,1.7,15.01,47.88,28.61,5.1,1.13,0.0
9000011181,2026-08-01 15:00,0.9994444,11,11,22,22,2,24,325,0,325,52,0,52,53.0,0.92,2.46,11.08,38.15,26.46,14.77,4.62,1.54
9000011181,2026-08-01 16:00,0.9994444,9,13,22,24,2,26,255,0,255,35,0,35,51.5,0.39,0.78,5.49,38.43,36.08,15.29,2.35,1.18
9000011181,2026-08-01 17:00,0.9994444,8,18,26,26,5,31,288,0,288,36,0,36,53.0,0.69,0.35,8.68,34.72,31.6,19.44,3.12,1.39
9000011181,2026-08-01 18:00,0.9994444,6,12,18,23,2,25,256,0,256,33,0,33,52.5,0.0,0.78,9.38,32.81,37.89,12.89,4.3,1.95
9000011181,2026-08-01 19:00,0.99972224,11,10,21,19,4,23,231,0,231,17,0,17,51.5,0.0,0.87,8.66,38.96,33.33,16.02,0.87,1.3
9000011181,2026-08-01 20:00,0.99916667,3,2,5,27,0,27,231,0,231,14,0,14,47.0,0.87,1.3,24.24,43.29,19.48,9.09,1.3,0.43
9000011181,2026-08-01 21:00,0.9994444,1,0,1,1,2,3,24,0,24,1,0,1,40.5,4.17,4.17,45.83,29.17,16.67,0.0,0.0,0.0
9000011181,2026-08-01 22:00,0.9994444,0,0,0,0,0,0,0,0,0,0,0,0,,0.0,0.0,0.0,0.0,0.0,0.0,0.0,0.0
9000011181,2026-08-01 23:00,0.99916667,0,0,0,0,0,0,0,0,0,0,0,0,,0.0,0.0,0.0,0.0,0.0,0.0,0.0,0.0
9000011181,2026-08-02 00:00,0.9994444,0,0,0,0,0,0,0,0,0,0,0,0,,0.0,0.0,0.0,0.0,0.0,0.0,0.0,0.0
9000011350,2026-08-01 02:00,0.99916667,0,0,0,0,0,0,0,0,0,0,0,0,,0.0,0.0,0.0,0.0,0.0,0.0,0.0,0.0
9000011350,2026-08-01 03:00,0.9994444,0,0,0,0,0,0,0,0,0,0,0,0,,0.0,0.0,0.0,0.0,0.0,0.0,0.0,0.0
9000011350,2026-08-01 04:00,1.0,0,0,0,0,0,0,0,0,0,0,0,0,,0.0,0.0,0.0,0.0,0.0,0.0,0.0,0.0
9000011350,2026-08-01 05:00,0.9994444,0,0,0,1,3,4,0,3,3,0,2,2,58.0,0.0,0.0,0.0,0.0,33.33,66.67,0.0,0.0
9000011350,2026-08-01 06:00,0.9994444,0,0,0,0,4,4,19,24,43,5,6,11,52.0,25.58,9.3,4.65,13.95,27.91,16.28,2.33,0.0
9000011350,2026-08-01 07:00,0.9994444,0,1,1,0,0,0,44,42,86,6,7,13,46.0,39.53,16.28,9.3,12.79,11.63,8.14,2.33,0.0
9000011350,2026-08-01 08:00,0.9994444,0,6,6,0,1,1,32,63,95,9,5,14,58.5,0.0,0.0,0.0,10.53,37.89,42.11,7.37,2.11
9000011350,2026-08-01 09:00,0.9994444,0,3,3,5,1,6,68,104,172,9,7,16,57.0,0.0,0.58,2.33,10.47,48.84,31.4,5.81,0.58
9000011350,2026-08-01 10:00,0.9994444,1,2,3,2,3,5,92,136,228,8,6,14,54.5,0.44,1.75,6.58,17.11,43.42,25.44,5.26,0.0
9000011350,2026-08-01 11:00,0.9994444,2,0,2,12,0,12,104,130,234,9,8,17,54.0,0.0,0.0,2.14,17.95,52.99,23.5,3.42,0.0
9000011350,2026-08-01 12:00,0.99916667,0,3,3,4,8,12,129,126,255,13,10,23,53.0,0.78,0.39,1.18,21.96,52.55,20.0,2.75,0.39
9000011350,2026-08-01 13:00,0.99972224,0,1,1,6,1,7,139,105,244,10,6,16,54.0,0.0,1.23,2.05,16.8,50.0,25.82,3.28,0.82
9000011350,2026-08-01 14:00,0.99916667,6,1,7,9,10,19,143,137,280,8,6,14,53.5,0.0,0.0,1.07,17.86,54.64,21.07,3.93,1.43
9000011350,2026-08-01 15:00,1.0,5,5,10,16,10,26,147,108,255,8,8,16,53.0,0.0,0.39,0.78,23.14,53.73,18.43,3.53,0.0
9000011350,2026-08-01 16:00,0.9994444,8,7,15,34,20,54,154,117,271,9,7,16,53.5,0.37,1.85,3.69,16.97,51.29,21.77,4.06,0.0
9000011350,2026-08-01 17:00,0.9994444,6,5,11,23,19,42,137,111,248,7,6,13,54.0,0.0,0.0,0.4,14.92,55.65,25.0,3.23,0.81
9000011350,2026-08-01 18:00,0.9994444,7,9,16,28,40,68,116,115,231,4,5,9,55.0,0.0,0.0,1.73,11.26,50.65,32.9,3.46,0.0
9000011350,2026-08-01 19:00,0.99916667,4,10,14,26,17,43,90,90,180,5,6,11,53.0,0.0,0.0,0.56,15.56,58.33,21.67,3.33,0.56
9000011350,2026-08-01 20:00,0.9994444,1,3,4,7,12,19,71,59,130,3,2,5,56.5,0.0,0.0,2.31,13.85,43.85,34.62,4.62,0.77
9000011350,2026-08-01 21:00,0.99,2,0,2,0,1,1,12,15,27,3,1,4,55.0,0.0,0.0,3.7,7.41,55.56,22.22,7.41,3.7
9000011350,2026-08-01 22:00,0.97583336,0,0,0,0,0,0,0,0,0,0,0,0,,0.0,0.0,0.0,0.0,0.0,0.0,0.0,0.0
9000011350,2026-08-01 23:00,0.9994444,0,0,0,0,0,0,0,0,0,0,0,0,,0.0,0.0,0.0,0.0,0.0,0.0,0.0,0.0
9000011350,2026-08-02 00:00,0.99916667,0,0,0,0,0,0,0,0,0,0,0,0,,0.0,0.0,0.0,0.0,0.0,0.0,0.0,0.0
9000011570,2026-08-01 02:00,0.9994444,0,0,0,0,0,0,0,0,0,0,0,0,,0.0,0.0,0.0,0.0,0.0,0.0,0.0,0.0
9000011570,2026-08-01 03:00,0.99972224,0,0,0,0,0,0,0,0,0,0,0,0,,0.0,0.0,0.0,0.0,0.0,0.0,0.0,0.0
9000011570,2026-08-01 04:00,0.9994444,0,0,0,0,0,0,0,0,0,0,0,0,,0.0,0.0,0.0,0.0,0.0,0.0,0.0,0.0
9000011570,2026-08-01 05:00,0.9988889,0,3,3,1,0,1,1,0,1,0,0,0,19.0,0.0,100.0,0.0,0.0,0.0,0.0,0.0,0.0
9000011570,2026-08-01 06:00,0.99972224,0,0,0,2,0,2,1,0,1,0,0,0,9.0,100.0,0.0,0.0,0.0,0.0,0.0,0.0,0.0
9000011570,2026-08-01 07:00,0.9994444,0,0,0,5,0,5,3,2,5,0,0,0,26.0,0.0,40.0,60.0,0.0,0.0,0.0,0.0,0.0
9000011570,2026-08-01 08:00,0.9994444,0,0,0,4,1,5,6,2,8,1,0,1,22.0,12.5,62.5,25.0,0.0,0.0,0.0,0.0,0.0
9000011570,2026-08-01 09:00,0.9994444,0,1,1,13,8,21,15,11,26,1,0,1,26.0,3.85,42.31,53.85,0.0,0.0,0.0,0.0,0.0
9000011570,2026-08-01 10:00,0.9994444,0,0,0,3,16,19,9,18,27,0,0,0,23.0,18.52,59.26,18.52,3.7,0.0,0.0,0.0,0.0
9000011570,2026-08-01 11:00,0.9994444,0,0,0,12,12,24,18,15,33,0,0,0,23.5,9.09,60.61,27.27,0.0,3.03,0.0,0.0,0.0
9000011570,2026-08-01 12:00,0.9994444,0,1,1,11,11,22,13,14,27,0,0,0,27.5,0.0,55.56,37.04,7.41,0.0,0.0,0.0,0.0
9000011570,2026-08-01 13:00,0.99916667,0,0,0,12,9,21,12,10,22,0,1,1,23.5,4.55,68.18,22.73,4.55,0.0,0.0,0.0,0.0
9000011570,2026-08-01 14:00,0.99972224,0,0,0,8,11,19,13,15,28,1,2,3,27.0,10.71,57.14,21.43,10.71,0.0,0.0,0.0,0.0
9000011570,2026-08-01 15:00,0.9994444,1,1,2,4,14,18,6,23,29,0,0,0,27.5,0.0,51.72,41.38,6.9,0.0,0.0,0.0,0.0
9000011570,2026-08-01 16:00,0.99972224,2,0,2,1,1,2,5,8,13,0,0,0,25.0,7.69,46.15,38.46,7.69,0.0,0.0,0.0,0.0
9000011570,2026-08-01 17:00,0.9994444,1,0,1,10,7,17,15,13,28,0,0,0,21.5,14.29,67.86,17.86,0.0,0.0,0.0,0.0,0.0
9000011570,2026-08-01 18:00,0.9994444,0,0,0,11,3,14,17,16,33,0,0,0,23.0,51.52,24.24,21.21,3.03,0.0,0.0,0.0,0.0
9000011570,2026-08-01 19:00,0.99916667,0,0,0,7,5,12,8,12,20,0,0,0,23.0,20.0,50.0,30.0,0.0,0.0,0.0,0.0,0.0
9000011570,2026-08-01 20:00,0.9994444,1,1,2,7,5,12,12,15,27,0,0,0,24.0,14.81,40.74,40.74,3.7,0.0,0.0,0.0,0.0
9000011570,2026-08-01 21:00,0.99972224,0,0,0,3,0,3,6,1,7,1,9,10,23.0,14.29,42.86,42.86,0.0,0.0,0.0,0.0,0.0
9000011570,2026-08-01 22:00,0.9994444,0,0,0,0,0,0,0,0,0,0,0,0,,0.0,0.0,0.0,0.0,0.0,0.0,0.0,0.0
9000011570,2026-08-01 23:00,0.99916667,0,0,0,0,0,0,0,0,0,0,0,0,,0.0,0.0,0.0,0.0,0.0,0.0,0.0,0.0
9000011570,2026-08-02 00:00,0.9994444,0,0,0,0,0,0,0,0,0,0,0,0,,0.0,0.0,0.0,0.0,0.0,0.0,0.0,0.0
